split,prospect_id,video_id,label
train,tabular_008355,vid16,
train,tabular_001679,vid21,
train,tabular_006381,vid19,
train,tabular_006045,cold_35,
train,tabular_007369,vid2,
train,tabular_008595,hot_08,
train,tabular_000536,hot_14,
train,tabular_004872,vid26,
train,tabular_002486,hot_15,
train,tabular_002586,vid21,
train,tabular_005377,vid17,
train,tabular_000583,vid32,
train,tabular_004475,cold_20,
train,tabular_000461,vid9,
train,tabular_003652,hot_03,
train,tabular_000433,vid27,
train,tabular_006376,vid17,
train,tabular_008316,vid31,
train,tabular_004919,vid20,
train,tabular_000812,cold_27,
train,tabular_001449,vid12,
train,tabular_005481,vid32,
train,tabular_006345,hot_21,
train,tabular_008663,vid4,
train,tabular_001589,vid10,
train,tabular_005186,cold_30,
train,tabular_006176,vid5,
train,tabular_002500,vid13,
train,tabular_007832,cold_34,
train,tabular_004050,vid12,
train,tabular_003856,cold_31,
train,tabular_008667,cold_28,
train,tabular_002846,cold_25,
train,tabular_001072,vid10,
train,tabular_006059,cold_07,
train,tabular_003830,hot_26,
train,tabular_002579,vid19,
train,tabular_008434,vid21,
train,tabular_006038,cold_30,
train,tabular_006036,vid30,
train,tabular_002284,vid30,
train,tabular_004723,vid12,
train,tabular_000447,vid32,
train,tabular_008062,hot_13,
train,tabular_007588,cold_35,
train,tabular_001104,hot_04,
train,tabular_006507,cold_23,
train,tabular_003052,hot_31,
train,tabular_002355,vid31,
train,tabular_007653,hot_28,
train,tabular_002378,vid14,
train,tabular_004776,vid7,
train,tabular_004996,cold_29,
train,tabular_003073,vid29,
train,tabular_001446,cold_06,
train,tabular_005097,vid13,
train,tabular_005470,cold_17,
train,tabular_003669,cold_07,
train,tabular_007856,cold_06,
train,tabular_008605,vid1,
train,tabular_002614,cold_29,
train,tabular_004127,hot_10,
train,tabular_008907,vid23,
train,tabular_001346,vid31,
train,tabular_005461,hot_17,
train,tabular_002413,cold_05,
train,tabular_004984,vid20,
train,tabular_007645,vid13,
train,tabular_004179,cold_25,
train,tabular_001378,vid12,
train,tabular_001276,cold_20,
train,tabular_008544,vid12,
train,tabular_003624,vid24,
train,tabular_007239,hot_09,
train,tabular_005169,vid10,
train,tabular_002728,hot_16,
train,tabular_007505,cold_31,
train,tabular_005340,hot_31,
train,tabular_002749,vid2,
train,tabular_003138,cold_08,
train,tabular_005505,cold_31,
train,tabular_008892,vid15,
train,tabular_006121,vid8,
train,tabular_005447,cold_07,
train,tabular_004283,cold_23,
train,tabular_005670,vid27,
train,tabular_003176,hot_11,
train,tabular_002978,vid10,
train,tabular_000127,cold_33,
train,tabular_002807,vid14,
train,tabular_008545,cold_20,
train,tabular_003131,vid25,
train,tabular_006464,cold_03,
train,tabular_006814,vid10,
train,tabular_005150,cold_16,
train,tabular_000026,hot_06,
train,tabular_008813,vid11,
train,tabular_003344,cold_24,
train,tabular_007814,cold_25,
train,tabular_003956,cold_12,
train,tabular_008448,cold_17,
train,tabular_000589,cold_19,
train,tabular_002135,vid17,
train,tabular_001074,cold_02,
train,tabular_007598,cold_03,
train,tabular_004645,vid30,
train,tabular_004392,vid8,
train,tabular_008704,cold_06,
train,tabular_006156,vid27,
train,tabular_000290,vid22,
train,tabular_002731,cold_24,
train,tabular_008337,cold_09,
train,tabular_002823,cold_22,
train,tabular_005600,hot_01,
train,tabular_008483,vid18,
train,tabular_005520,vid2,
train,tabular_000024,cold_08,
train,tabular_003780,vid35,
train,tabular_004333,vid9,
train,tabular_000152,vid21,
train,tabular_006044,cold_34,
train,tabular_001519,vid8,
train,tabular_007301,vid17,
train,tabular_002653,vid27,
train,tabular_000872,vid14,
train,tabular_006243,vid25,
train,tabular_002479,vid34,
train,tabular_003034,vid9,
train,tabular_008375,cold_27,
train,tabular_004914,vid18,
train,tabular_004239,hot_33,
train,tabular_003795,cold_12,
train,tabular_006336,hot_19,
train,tabular_000150,cold_05,
train,tabular_008945,cold_07,
train,tabular_000214,vid13,
train,tabular_006648,hot_16,
train,tabular_006260,vid34,
train,tabular_005187,hot_09,
train,tabular_004581,cold_16,
train,tabular_007892,hot_31,
train,tabular_006360,vid6,
train,tabular_003286,hot_22,
train,tabular_004422,cold_34,
train,tabular_003864,vid10,
train,tabular_008824,hot_31,
train,tabular_003210,hot_15,
train,tabular_008138,cold_22,
train,tabular_003349,cold_29,
train,tabular_008086,vid3,
train,tabular_007977,cold_13,
train,tabular_001534,hot_12,
train,tabular_008201,vid2,
train,tabular_001228,cold_32,
train,tabular_007494,vid13,
train,tabular_003243,hot_19,
train,tabular_006090,cold_15,
train,tabular_008825,vid16,
train,tabular_007163,cold_14,
train,tabular_002833,vid31,
train,tabular_001438,hot_21,
train,tabular_007257,cold_10,
train,tabular_004695,cold_17,
train,tabular_001597,cold_17,
train,tabular_007547,vid30,
train,tabular_006056,cold_05,
train,tabular_004395,vid1,
train,tabular_009036,vid6,
train,tabular_005251,vid19,
train,tabular_004326,cold_03,
train,tabular_004837,cold_24,
train,tabular_008987,hot_14,
train,tabular_002866,hot_33,
train,tabular_005123,vid20,
train,tabular_008847,cold_32,
train,tabular_009237,cold_18,
train,tabular_000283,vid2,
train,tabular_001153,hot_07,
train,tabular_008898,vid18,
train,tabular_003667,vid9,
train,tabular_002173,vid5,
train,tabular_004920,vid21,
train,tabular_003204,vid25,
train,tabular_003240,vid12,
train,tabular_006625,vid27,
train,tabular_003047,vid15,
train,tabular_001290,vid35,
train,tabular_006298,hot_06,
train,tabular_003122,cold_34,
train,tabular_009157,vid24,
train,tabular_006050,cold_02,
train,tabular_002515,vid20,
train,tabular_001287,vid31,
train,tabular_005685,cold_27,
train,tabular_000488,vid20,
train,tabular_002576,cold_18,
train,tabular_004032,vid6,
train,tabular_000423,cold_34,
train,tabular_002925,cold_07,
train,tabular_008076,vid23,
train,tabular_008755,vid17,
train,tabular_003819,cold_21,
train,tabular_006896,vid19,
train,tabular_000638,vid25,
train,tabular_008946,cold_08,
train,tabular_008108,vid16,
train,tabular_003353,vid25,
train,tabular_006311,hot_12,
train,tabular_002683,vid18,
train,tabular_004744,vid24,
train,tabular_005747,hot_21,
train,tabular_000611,hot_27,
train,tabular_005696,vid5,
train,tabular_005789,cold_29,
train,tabular_003970,vid14,
train,tabular_001994,cold_10,
train,tabular_003558,cold_28,
train,tabular_003483,vid26,
train,tabular_007056,hot_08,
train,tabular_002740,vid12,
train,tabular_001887,vid27,
train,tabular_006435,vid10,
train,tabular_005741,cold_13,
train,tabular_003581,cold_03,
train,tabular_005818,vid6,
train,tabular_004570,vid28,
train,tabular_004765,vid34,
train,tabular_000260,cold_09,
train,tabular_008118,vid24,
train,tabular_006784,hot_07,
train,tabular_001600,cold_18,
train,tabular_001850,vid12,
train,tabular_006901,vid22,
train,tabular_008674,vid1,
train,tabular_003377,hot_01,
train,tabular_007985,vid4,
train,tabular_002735,cold_28,
train,tabular_004855,vid20,
train,tabular_008881,vid9,
train,tabular_002595,vid28,
train,tabular_000044,hot_10,
train,tabular_009113,vid34,
train,tabular_001456,vid15,
train,tabular_007628,hot_26,
train,tabular_000741,vid16,
train,tabular_006150,cold_05,
train,tabular_004008,cold_32,
train,tabular_001744,cold_32,
train,tabular_002519,cold_01,
train,tabular_003007,hot_27,
train,tabular_003986,vid20,
train,tabular_002462,vid26,
train,tabular_007092,vid31,
train,tabular_008303,cold_32,
train,tabular_005002,vid30,
train,tabular_004590,cold_20,
train,tabular_002437,hot_07,
train,tabular_004257,vid5,
train,tabular_007705,vid32,
train,tabular_008701,vid23,
train,tabular_002798,vid9,
train,tabular_006292,vid12,
train,tabular_002778,cold_12,
train,tabular_001398,vid21,
train,tabular_000763,cold_11,
train,tabular_005834,cold_09,
train,tabular_004599,vid11,
train,tabular_005311,vid18,
train,tabular_009016,hot_18,
train,tabular_005539,hot_30,
train,tabular_004218,cold_02,
train,tabular_000643,vid29,
train,tabular_002828,cold_23,
train,tabular_002801,vid10,
train,tabular_001737,cold_29,
train,tabular_002009,vid23,
train,tabular_005291,hot_24,
train,tabular_008935,vid34,
train,tabular_004848,hot_22,
train,tabular_006201,vid12,
train,tabular_003294,hot_23,
train,tabular_000633,cold_02,
train,tabular_003069,vid26,
train,tabular_004170,cold_23,
train,tabular_004625,vid24,
train,tabular_001442,vid1,
train,tabular_000524,cold_35,
train,tabular_008640,hot_13,
train,tabular_000683,cold_23,
train,tabular_008074,vid21,
train,tabular_003098,vid13,
train,tabular_002906,vid1,
train,tabular_004048,vid10,
train,tabular_008644,cold_17,
train,tabular_007767,hot_11,
train,tabular_007364,cold_17,
train,tabular_002400,hot_35,
train,tabular_001689,cold_16,
train,tabular_001164,vid18,
train,tabular_008986,cold_27,
train,tabular_003606,vid15,
train,tabular_003607,cold_17,
train,tabular_007740,cold_31,
train,tabular_001579,vid8,
train,tabular_007474,cold_23,
train,tabular_008493,vid20,
train,tabular_003851,cold_29,
train,tabular_006433,cold_25,
train,tabular_007712,vid6,
train,tabular_002857,vid15,
train,tabular_001026,cold_22,
train,tabular_002079,cold_06,
train,tabular_004909,cold_07,
train,tabular_006953,cold_22,
train,tabular_000858,vid9,
train,tabular_001217,cold_26,
train,tabular_000045,vid3,
train,tabular_006795,hot_09,
train,tabular_002262,cold_24,
train,tabular_000762,vid28,
train,tabular_002132,vid15,
train,tabular_002755,cold_35,
train,tabular_005781,cold_27,
train,tabular_005453,cold_12,
train,tabular_007849,vid3,
train,tabular_005753,hot_23,
train,tabular_005948,vid20,
train,tabular_007812,cold_24,
train,tabular_009106,vid30,
train,tabular_004532,hot_09,
train,tabular_004876,hot_31,
train,tabular_005073,vid32,
train,tabular_004564,vid24,
train,tabular_005914,vid6,
train,tabular_005318,vid21,
train,tabular_005057,cold_10,
train,tabular_004940,vid31,
train,tabular_000865,cold_07,
train,tabular_009156,vid23,
train,tabular_000721,vid35,
train,tabular_001897,vid35,
train,tabular_003053,vid18,
train,tabular_007906,vid29,
train,tabular_002321,vid14,
train,tabular_000952,vid18,
train,tabular_004719,cold_26,
train,tabular_001017,cold_19,
train,tabular_004366,vid24,
train,tabular_003773,vid31,
train,tabular_007186,cold_22,
train,tabular_002386,vid19,
train,tabular_008882,cold_13,
train,tabular_003242,vid14,
train,tabular_007282,cold_19,
train,tabular_006419,vid35,
train,tabular_005769,hot_26,
train,tabular_007013,cold_19,
train,tabular_007526,vid23,
train,tabular_004643,hot_29,
train,tabular_007718,vid1,
train,tabular_004232,cold_08,
train,tabular_005162,vid7,
train,tabular_003137,vid28,
train,tabular_002968,vid7,
train,tabular_009065,vid19,
train,tabular_009057,cold_16,
train,tabular_007872,vid13,
train,tabular_001108,vid28,
train,tabular_002599,vid30,
train,tabular_007324,vid27,
train,tabular_000555,hot_20,
train,tabular_009030,vid4,
train,tabular_007827,cold_31,
train,tabular_001015,cold_18,
train,tabular_005855,hot_31,
train,tabular_002146,vid23,
train,tabular_004151,vid24,
train,tabular_001265,hot_27,
train,tabular_000986,vid6,
train,tabular_000431,hot_34,
train,tabular_005871,cold_30,
train,tabular_008675,vid10,
train,tabular_006364,vid1,
train,tabular_006295,cold_09,
train,tabular_004726,cold_28,
train,tabular_001370,vid7,
train,tabular_001564,vid3,
train,tabular_002885,vid3,
train,tabular_005394,hot_08,
train,tabular_006267,vid35,
train,tabular_002986,vid14,
train,tabular_005758,hot_25,
train,tabular_000513,vid29,
train,tabular_006026,vid25,
train,tabular_008487,vid19,
train,tabular_007401,vid4,
train,tabular_003731,vid7,
train,tabular_003150,vid31,
train,tabular_008279,vid18,
train,tabular_000505,hot_11,
train,tabular_001760,cold_35,
train,tabular_002903,cold_35,
train,tabular_000236,vid27,
train,tabular_004955,vid1,
train,tabular_001443,vid10,
train,tabular_006475,cold_06,
train,tabular_007128,hot_23,
train,tabular_001949,vid24,
train,tabular_006579,cold_19,
train,tabular_001411,vid30,
train,tabular_001626,hot_29,
train,tabular_004915,vid19,
train,tabular_009143,vid16,
train,tabular_000968,hot_16,
train,tabular_001939,vid21,
train,tabular_007948,vid19,
train,tabular_004537,vid15,
train,tabular_003142,vid29,
train,tabular_006875,hot_20,
train,tabular_000892,cold_15,
train,tabular_001434,vid7,
train,tabular_002140,vid2,
train,tabular_003949,cold_08,
train,tabular_007609,vid29,
train,tabular_005673,vid28,
train,tabular_000241,vid3,
train,tabular_008184,cold_12,
train,tabular_009144,cold_21,
train,tabular_003640,cold_33,
train,tabular_000032,cold_09,
train,tabular_002078,vid22,
train,tabular_001049,hot_31,
train,tabular_004539,vid16,
train,tabular_005144,cold_14,
train,tabular_000480,cold_17,
train,tabular_008715,hot_23,
train,tabular_008836,vid21,
train,tabular_003657,vid4,
train,tabular_002127,vid13,
train,tabular_008228,cold_01,
train,tabular_006097,vid3,
train,tabular_005973,cold_05,
train,tabular_003630,cold_27,
train,tabular_008859,cold_01,
train,tabular_006237,cold_13,
train,tabular_006623,cold_03,
train,tabular_004617,cold_28,
train,tabular_003809,vid2,
train,tabular_004071,vid24,
train,tabular_004716,cold_25,
train,tabular_004782,vid12,
train,tabular_002619,vid9,
train,tabular_002490,vid8,
train,tabular_006205,vid14,
train,tabular_001776,vid7,
train,tabular_002036,vid35,
train,tabular_000798,cold_23,
train,tabular_008169,vid13,
train,tabular_005049,vid21,
train,tabular_007345,cold_08,
train,tabular_005387,vid20,
train,tabular_001292,cold_27,
train,tabular_001759,vid31,
train,tabular_000022,cold_07,
train,tabular_003800,cold_13,
train,tabular_001793,vid14,
train,tabular_005421,cold_01,
train,tabular_004648,vid34,
train,tabular_005343,vid35,
train,tabular_005916,hot_03,
train,tabular_003101,vid15,
train,tabular_002819,vid24,
train,tabular_001957,cold_32,
train,tabular_008189,vid19,
train,tabular_000187,vid35,
train,tabular_007018,cold_22,
train,tabular_007846,vid29,
train,tabular_007824,hot_20,
train,tabular_004383,vid35,
train,tabular_003849,cold_28,
train,tabular_000807,cold_25,
train,tabular_003032,cold_06,
train,tabular_005108,vid14,
train,tabular_006263,cold_27,
train,tabular_000604,cold_30,
train,tabular_005290,vid6,
train,tabular_007995,vid9,
train,tabular_006811,vid1,
train,tabular_002313,cold_09,
train,tabular_001408,vid3,
train,tabular_004207,vid15,
train,tabular_004463,vid12,
train,tabular_002291,hot_23,
train,tabular_004158,hot_18,
train,tabular_003978,hot_18,
train,tabular_000734,vid10,
train,tabular_005990,vid1,
train,tabular_003807,cold_15,
train,tabular_002365,vid7,
train,tabular_006924,vid34,
train,tabular_002126,vid12,
train,tabular_001165,hot_09,
train,tabular_007216,hot_02,
train,tabular_000794,vid1,
train,tabular_008587,vid34,
train,tabular_003785,vid7,
train,tabular_003734,vid1,
train,tabular_000498,cold_27,
train,tabular_008302,cold_31,
train,tabular_000829,cold_32,
train,tabular_006245,cold_17,
train,tabular_006350,cold_26,
train,tabular_009149,cold_23,
train,tabular_006218,vid18,
train,tabular_006341,cold_23,
train,tabular_001132,cold_26,
train,tabular_008414,hot_23,
train,tabular_009098,cold_01,
train,tabular_001998,vid19,
train,tabular_003822,cold_22,
train,tabular_006780,cold_28,
train,tabular_005706,hot_14,
train,tabular_001134,cold_27,
train,tabular_002314,vid11,
train,tabular_004620,vid21,
train,tabular_005176,vid13,
train,tabular_006484,cold_11,
train,tabular_009175,vid30,
train,tabular_000759,vid25,
train,tabular_006296,cold_10,
train,tabular_000086,vid16,
train,tabular_001485,vid24,
train,tabular_003835,hot_28,
train,tabular_002564,vid12,
train,tabular_007403,cold_33,
train,tabular_004622,vid22,
train,tabular_009083,cold_29,
train,tabular_000097,cold_29,
train,tabular_001373,hot_09,
train,tabular_004074,vid26,
train,tabular_006372,cold_34,
train,tabular_001881,vid23,
train,tabular_000253,vid4,
train,tabular_009182,vid4,
train,tabular_004039,hot_01,
train,tabular_002188,cold_03,
train,tabular_003836,hot_29,
train,tabular_003698,cold_16,
train,tabular_002456,cold_18,
train,tabular_005902,vid31,
train,tabular_008763,vid20,
train,tabular_007928,vid8,
train,tabular_001375,vid10,
train,tabular_002483,vid4,
train,tabular_003768,vid3,
train,tabular_007531,cold_07,
train,tabular_008163,cold_01,
train,tabular_002529,vid28,
train,tabular_002611,cold_27,
train,tabular_008079,cold_11,
train,tabular_006820,hot_15,
train,tabular_000659,hot_29,
train,tabular_003549,cold_23,
train,tabular_002892,cold_34,
train,tabular_001141,cold_33,
train,tabular_000081,cold_25,
train,tabular_005379,vid18,
train,tabular_001624,vid25,
train,tabular_002607,vid4,
train,tabular_006722,cold_01,
train,tabular_007437,cold_13,
train,tabular_006323,cold_15,
train,tabular_008058,vid12,
train,tabular_002293,cold_03,
train,tabular_000271,vid13,
train,tabular_002289,cold_01,
train,tabular_003662,cold_05,
train,tabular_006214,cold_34,
train,tabular_003437,vid34,
train,tabular_006599,vid14,
train,tabular_005798,vid23,
train,tabular_000538,hot_15,
train,tabular_005911,cold_17,
train,tabular_002179,vid8,
train,tabular_008960,hot_09,
train,tabular_004347,vid17,
train,tabular_005800,vid25,
train,tabular_004421,hot_29,
train,tabular_001601,vid16,
train,tabular_004324,vid5,
train,tabular_006981,vid21,
train,tabular_008287,vid22,
train,tabular_008699,cold_04,
train,tabular_008785,vid3,
train,tabular_007711,cold_20,
train,tabular_000322,vid1,
train,tabular_004559,cold_08,
train,tabular_006202,vid13,
train,tabular_004411,vid15,
train,tabular_002428,hot_06,
train,tabular_000362,cold_11,
train,tabular_007881,vid19,
train,tabular_002488,cold_28,
train,tabular_006108,cold_23,
train,tabular_008651,hot_18,
train,tabular_003055,vid19,
train,tabular_005317,vid20,
train,tabular_002380,cold_32,
train,tabular_004364,cold_14,
train,tabular_004781,vid11,
train,tabular_005004,vid31,
train,tabular_004305,cold_31,
train,tabular_007173,hot_30,
train,tabular_001242,vid12,
train,tabular_000375,hot_28,
train,tabular_007473,vid34,
train,tabular_004515,vid4,
train,tabular_006078,vid2,
train,tabular_001194,hot_19,
train,tabular_004921,cold_11,
train,tabular_006456,cold_01,
train,tabular_003845,hot_33,
train,tabular_000458,vid7,
train,tabular_001269,vid23,
train,tabular_004623,vid23,
train,tabular_006610,vid2,
train,tabular_000129,vid9,
train,tabular_007465,vid30,
train,tabular_005300,vid12,
train,tabular_007091,cold_17,
train,tabular_008900,vid19,
train,tabular_007389,vid28,
train,tabular_002349,vid3,
train,tabular_007138,vid16,
train,tabular_002469,vid28,
train,tabular_003792,vid10,
train,tabular_001096,cold_09,
train,tabular_002185,hot_08,
train,tabular_003218,vid31,
train,tabular_008125,vid3,
train,tabular_000075,vid10,
train,tabular_006300,hot_08,
train,tabular_002657,hot_05,
train,tabular_005354,hot_33,
train,tabular_006614,cold_35,
train,tabular_004605,vid16,
train,tabular_006100,vid30,
train,tabular_003874,cold_08,
train,tabular_000238,vid28,
train,tabular_004432,cold_02,
train,tabular_006802,cold_35,
train,tabular_001562,vid28,
train,tabular_003278,cold_35,
train,tabular_007116,vid9,
train,tabular_006213,cold_33,
train,tabular_004476,cold_21,
train,tabular_005229,vid8,
train,tabular_005593,cold_25,
train,tabular_006741,hot_34,
train,tabular_002780,cold_13,
train,tabular_007368,cold_19,
train,tabular_003902,vid2,
train,tabular_003436,hot_05,
train,tabular_006057,vid6,
train,tabular_002973,vid8,
train,tabular_006989,vid25,
train,tabular_007542,cold_12,
train,tabular_006192,cold_20,
train,tabular_008591,cold_01,
train,tabular_008006,vid14,
train,tabular_007571,vid7,
train,tabular_008173,cold_05,
train,tabular_007357,vid14,
train,tabular_006970,cold_33,
train,tabular_004043,cold_06,
train,tabular_005861,vid2,
train,tabular_003079,vid34,
train,tabular_006706,hot_29,
train,tabular_000517,vid32,
train,tabular_007763,vid28,
train,tabular_005646,vid17,
train,tabular_009223,vid2,
train,tabular_000930,cold_29,
train,tabular_005366,vid12,
train,tabular_006609,cold_33,
train,tabular_004567,vid26,
train,tabular_008154,cold_30,
train,tabular_003132,vid26,
train,tabular_006540,cold_34,
train,tabular_005992,vid11,
train,tabular_002235,cold_18,
train,tabular_008600,hot_10,
train,tabular_006066,cold_08,
train,tabular_007620,cold_14,
train,tabular_004141,vid17,
train,tabular_002652,cold_08,
train,tabular_003168,vid9,
train,tabular_003000,cold_35,
train,tabular_008977,cold_23,
train,tabular_002748,vid19,
train,tabular_006265,cold_29,
train,tabular_005071,cold_15,
train,tabular_008440,vid26,
train,tabular_008109,vid17,
train,tabular_002322,cold_12,
train,tabular_008437,vid23,
train,tabular_006756,hot_03,
train,tabular_006769,cold_25,
train,tabular_007608,vid28,
train,tabular_002640,vid21,
train,tabular_007075,vid25,
train,tabular_006541,vid22,
train,tabular_007654,hot_29,
train,tabular_006774,vid24,
train,tabular_007896,vid22,
train,tabular_005981,vid5,
train,tabular_005966,vid29,
train,tabular_000648,vid31,
train,tabular_000093,vid22,
train,tabular_007427,cold_08,
train,tabular_006173,vid4,
train,tabular_001220,cold_27,
train,tabular_007750,vid2,
train,tabular_001139,cold_32,
train,tabular_004146,vid20,
train,tabular_006885,vid14,
train,tabular_007869,vid10,
train,tabular_003931,vid31,
train,tabular_005983,cold_08,
train,tabular_008210,cold_29,
train,tabular_005298,cold_30,
train,tabular_004603,hot_22,
train,tabular_006693,cold_29,
train,tabular_007067,cold_06,
train,tabular_002202,vid18,
train,tabular_001591,cold_15,
train,tabular_001680,cold_13,
train,tabular_001150,cold_04,
train,tabular_003746,vid15,
train,tabular_001430,cold_02,
train,tabular_001119,vid34,
train,tabular_008719,cold_14,
train,tabular_001085,cold_06,
train,tabular_008035,vid27,
train,tabular_005321,vid23,
train,tabular_007100,vid34,
train,tabular_008496,hot_29,
train,tabular_003113,cold_31,
train,tabular_005631,cold_07,
train,tabular_008790,cold_11,
train,tabular_004251,vid4,
train,tabular_008363,vid2,
train,tabular_008870,cold_07,
train,tabular_004994,vid25,
train,tabular_007864,vid8,
train,tabular_002543,hot_26,
train,tabular_005607,vid3,
train,tabular_008583,hot_06,
train,tabular_008469,vid11,
train,tabular_003725,vid4,
train,tabular_007428,vid15,
train,tabular_005648,vid19,
train,tabular_009180,vid34,
train,tabular_003391,vid7,
train,tabular_004851,vid17,
train,tabular_001742,cold_31,
train,tabular_007159,cold_12,
train,tabular_003751,cold_01,
train,tabular_007781,vid6,
train,tabular_001377,vid11,
train,tabular_000985,cold_06,
train,tabular_005273,vid29,
train,tabular_001081,vid14,
train,tabular_007686,hot_33,
train,tabular_000693,cold_27,
train,tabular_005558,hot_32,
train,tabular_006925,cold_10,
train,tabular_000264,cold_11,
train,tabular_005633,cold_08,
train,tabular_006509,cold_24,
train,tabular_005287,vid4,
train,tabular_000751,vid21,
train,tabular_003786,vid8,
train,tabular_002796,cold_18,
train,tabular_001915,vid10,
train,tabular_007155,cold_11,
train,tabular_006342,vid29,
train,tabular_001999,vid2,
train,tabular_000704,vid27,
train,tabular_006740,vid16,
train,tabular_005680,vid30,
train,tabular_000645,vid3,
train,tabular_000235,vid26,
train,tabular_000296,vid26,
train,tabular_001344,vid30,
train,tabular_004079,vid28,
train,tabular_005723,vid18,
train,tabular_006153,vid24,
train,tabular_004926,vid25,
train,tabular_003419,vid22,
train,tabular_005731,vid20,
train,tabular_004474,vid15,
train,tabular_001695,vid29,
train,tabular_002655,vid29,
train,tabular_007058,hot_09,
train,tabular_008010,vid16,
train,tabular_007567,hot_25,
train,tabular_002362,vid5,
train,tabular_004687,vid24,
train,tabular_002773,cold_08,
train,tabular_006208,cold_29,
train,tabular_004348,vid18,
train,tabular_004916,cold_09,
train,tabular_007366,vid19,
train,tabular_003195,vid21,
train,tabular_007110,cold_23,
train,tabular_005557,vid1,
train,tabular_001596,hot_23,
train,tabular_000978,vid35,
train,tabular_002453,vid20,
train,tabular_007318,vid25,
train,tabular_003925,vid29,
train,tabular_007482,cold_25,
train,tabular_005450,cold_09,
train,tabular_008352,cold_16,
train,tabular_008676,cold_32,
train,tabular_000904,vid28,
train,tabular_007855,vid34,
train,tabular_002877,cold_30,
train,tabular_000446,vid31,
train,tabular_001418,vid35,
train,tabular_005339,vid32,
train,tabular_003715,hot_13,
train,tabular_008616,cold_09,
train,tabular_001185,vid26,
train,tabular_000508,cold_30,
train,tabular_001464,vid18,
train,tabular_000630,vid22,
train,tabular_000211,vid11,
train,tabular_007782,vid7,
train,tabular_000622,vid17,
train,tabular_001156,cold_06,
train,tabular_003169,vid1,
train,tabular_000619,vid16,
train,tabular_001237,cold_04,
train,tabular_008142,cold_25,
train,tabular_004941,vid32,
train,tabular_006573,vid34,
train,tabular_001067,vid8,
train,tabular_003244,vid15,
train,tabular_007997,hot_10,
train,tabular_007127,hot_22,
train,tabular_000183,cold_19,
train,tabular_007857,vid35,
train,tabular_001743,vid23,
train,tabular_003793,cold_11,
train,tabular_008971,cold_21,
train,tabular_008860,hot_34,
train,tabular_001216,cold_25,
train,tabular_002388,vid2,
train,tabular_008982,cold_24,
train,tabular_003004,vid21,
train,tabular_001271,vid25,
train,tabular_007823,cold_29,
train,tabular_002331,vid18,
train,tabular_000931,cold_30,
train,tabular_004684,vid21,
train,tabular_002621,cold_32,
train,tabular_001933,vid18,
train,tabular_007643,cold_23,
train,tabular_000003,vid10,
train,tabular_008143,vid6,
train,tabular_002158,vid3,
train,tabular_000424,vid20,
train,tabular_002194,cold_07,
train,tabular_004269,vid11,
train,tabular_008758,hot_24,
train,tabular_009050,hot_29,
train,tabular_001692,cold_18,
train,tabular_007039,cold_33,
train,tabular_002848,vid1,
train,tabular_003691,vid21,
train,tabular_004541,hot_12,
train,tabular_008282,vid2,
train,tabular_006696,vid26,
train,tabular_005746,vid3,
train,tabular_006473,hot_34,
train,tabular_006451,vid15,
train,tabular_008048,hot_12,
train,tabular_009165,vid27,
train,tabular_004287,cold_24,
train,tabular_007280,vid10,
train,tabular_003239,cold_12,
train,tabular_004125,vid12,
train,tabular_001059,cold_34,
train,tabular_006373,vid14,
train,tabular_000792,vid9,
train,tabular_008500,vid25,
train,tabular_000273,vid14,
train,tabular_002715,hot_12,
train,tabular_002463,cold_20,
train,tabular_003199,vid23,
train,tabular_003870,cold_05,
train,tabular_006690,cold_28,
train,tabular_000852,vid8,
train,tabular_002542,hot_25,
train,tabular_007303,cold_30,
train,tabular_006999,cold_12,
train,tabular_005777,cold_25,
train,tabular_006798,vid5,
train,tabular_003893,cold_20,
train,tabular_000976,vid32,
train,tabular_006394,vid27,
train,tabular_006334,cold_19,
train,tabular_001984,vid11,
train,tabular_004385,cold_19,
train,tabular_001143,cold_34,
train,tabular_006653,cold_13,
train,tabular_003772,vid30,
train,tabular_005759,cold_16,
train,tabular_000660,cold_14,
train,tabular_007245,vid26,
train,tabular_002391,cold_01,
train,tabular_005989,cold_10,
train,tabular_005194,cold_34,
train,tabular_006559,cold_08,
train,tabular_007191,vid7,
train,tabular_004268,vid10,
train,tabular_003701,cold_18,
train,tabular_003496,vid35,
train,tabular_007848,cold_05,
train,tabular_001935,vid2,
train,tabular_002625,vid12,
train,tabular_006515,vid1,
train,tabular_001614,vid21,
train,tabular_003811,vid20,
train,tabular_002751,cold_32,
train,tabular_003668,vid1,
train,tabular_000088,vid18,
train,tabular_004533,hot_10,
train,tabular_007464,vid3,
train,tabular_007073,cold_09,
train,tabular_001381,cold_22,
train,tabular_008731,vid5,
train,tabular_008194,cold_19,
train,tabular_008706,cold_07,
train,tabular_002654,vid28,
train,tabular_005365,vid11,
train,tabular_005216,cold_06,
train,tabular_005091,cold_21,
train,tabular_002474,hot_11,
train,tabular_002024,vid30,
train,tabular_007684,hot_32,
train,tabular_004631,vid28,
train,tabular_008571,hot_04,
train,tabular_002915,vid15,
train,tabular_001826,vid3,
train,tabular_000718,cold_35,
train,tabular_005736,vid23,
train,tabular_008562,cold_28,
train,tabular_001211,cold_23,
train,tabular_004965,cold_22,
train,tabular_001131,vid7,
train,tabular_007477,vid4,
train,tabular_006181,vid7,
train,tabular_001521,vid9,
train,tabular_005469,cold_16,
train,tabular_000652,cold_10,
train,tabular_006637,hot_15,
train,tabular_004793,cold_14,
train,tabular_005743,vid27,
train,tabular_000007,vid13,
train,tabular_001306,vid12,
train,tabular_007261,cold_12,
train,tabular_004400,hot_28,
train,tabular_008260,cold_10,
train,tabular_005177,cold_27,
train,tabular_003962,vid10,
train,tabular_006005,cold_17,
train,tabular_004449,cold_09,
train,tabular_006047,vid34,
train,tabular_006466,vid23,
train,tabular_002498,hot_16,
train,tabular_006291,hot_05,
train,tabular_006694,vid25,
train,tabular_005704,cold_35,
train,tabular_000987,cold_07,
train,tabular_003885,vid14,
train,tabular_006956,cold_24,
train,tabular_006753,cold_15,
train,tabular_007126,vid11,
train,tabular_008192,cold_17,
train,tabular_003120,vid21,
train,tabular_001033,hot_30,
train,tabular_006766,cold_22,
train,tabular_005827,hot_29,
train,tabular_002129,hot_33,
train,tabular_002988,vid15,
train,tabular_006426,vid6,
train,tabular_002423,cold_08,
train,tabular_004780,vid10,
train,tabular_007655,cold_29,
train,tabular_005137,cold_12,
train,tabular_008399,hot_20,
train,tabular_007249,vid28,
train,tabular_004734,cold_32,
train,tabular_000822,vid22,
train,tabular_007650,cold_28,
train,tabular_000227,hot_08,
train,tabular_004288,vid19,
train,tabular_007190,vid6,
train,tabular_003847,vid4,
train,tabular_009189,vid7,
train,tabular_003354,vid26,
train,tabular_008866,hot_01,
train,tabular_005429,vid12,
train,tabular_006183,hot_33,
train,tabular_002186,vid11,
train,tabular_009005,cold_03,
train,tabular_007387,cold_29,
train,tabular_006723,hot_31,
train,tabular_003360,vid29,
train,tabular_006328,cold_17,
train,tabular_005119,vid18,
train,tabular_006862,cold_22,
train,tabular_007847,cold_04,
train,tabular_008654,vid32,
train,tabular_000489,vid21,
train,tabular_006374,vid15,
train,tabular_000345,cold_35,
train,tabular_004853,vid19,
train,tabular_004425,vid24,
train,tabular_000715,vid32,
train,tabular_002708,vid31,
train,tabular_002526,vid26,
train,tabular_003281,vid25,
train,tabular_006891,vid18,
train,tabular_005821,vid8,
train,tabular_008347,cold_15,
train,tabular_001832,hot_26,
train,tabular_002799,vid1,
train,tabular_005517,hot_26,
train,tabular_001715,hot_02,
train,tabular_001267,vid21,
train,tabular_002472,vid30,
train,tabular_004647,vid32,
train,tabular_006122,cold_29,
train,tabular_007496,vid15,
train,tabular_000418,vid18,
train,tabular_000298,cold_22,
train,tabular_008941,cold_06,
train,tabular_004861,hot_24,
train,tabular_007392,vid29,
train,tabular_008597,vid6,
train,tabular_002387,hot_32,
train,tabular_006772,vid23,
train,tabular_004927,hot_35,
train,tabular_000033,cold_10,
train,tabular_004922,cold_12,
train,tabular_000185,vid34,
train,tabular_001297,vid6,
train,tabular_008576,cold_30,
train,tabular_008829,cold_26,
train,tabular_001320,hot_33,
train,tabular_006102,hot_24,
train,tabular_003820,vid25,
train,tabular_006786,vid30,
train,tabular_002407,cold_03,
train,tabular_004055,cold_13,
train,tabular_000802,hot_17,
train,tabular_001257,cold_16,
train,tabular_003515,vid13,
train,tabular_006567,cold_13,
train,tabular_006142,cold_35,
train,tabular_006710,vid34,
train,tabular_007731,cold_26,
train,tabular_008557,vid2,
train,tabular_002536,vid31,
train,tabular_004135,hot_12,
train,tabular_006127,vid11,
train,tabular_002672,vid9,
train,tabular_003878,cold_11,
train,tabular_002497,cold_30,
train,tabular_000820,hot_20,
train,tabular_006085,cold_13,
train,tabular_000855,hot_27,
train,tabular_001018,vid17,
train,tabular_005059,vid26,
train,tabular_003564,vid30,
train,tabular_000021,cold_06,
train,tabular_000171,cold_15,
train,tabular_007114,vid7,
train,tabular_008818,cold_23,
train,tabular_000193,cold_22,
train,tabular_000731,cold_04,
train,tabular_002014,vid26,
train,tabular_002227,vid32,
train,tabular_006428,hot_28,
train,tabular_004972,hot_12,
train,tabular_006204,cold_27,
train,tabular_003952,hot_12,
train,tabular_005809,vid34,
train,tabular_006141,cold_34,
train,tabular_001797,cold_13,
train,tabular_007223,vid18,
train,tabular_003932,cold_34,
train,tabular_005175,cold_26,
train,tabular_003395,cold_13,
train,tabular_004457,cold_10,
train,tabular_008528,cold_12,
train,tabular_003757,vid21,
train,tabular_005936,vid14,
train,tabular_002190,cold_04,
train,tabular_000981,vid5,
train,tabular_003445,vid6,
train,tabular_000983,hot_18,
train,tabular_000992,cold_11,
train,tabular_009022,vid30,
train,tabular_001402,vid25,
train,tabular_002319,cold_11,
train,tabular_003741,vid13,
train,tabular_000909,vid30,
train,tabular_001504,vid30,
train,tabular_003481,vid24,
train,tabular_000233,vid24,
train,tabular_004660,vid10,
train,tabular_007088,vid30,
train,tabular_005839,cold_12,
train,tabular_003907,cold_26,
train,tabular_005045,vid19,
train,tabular_009235,vid25,
train,tabular_002558,vid1,
train,tabular_005877,vid24,
train,tabular_002012,hot_12,
train,tabular_005424,vid8,
train,tabular_000122,hot_28,
train,tabular_002443,cold_15,
train,tabular_005937,vid15,
train,tabular_001800,cold_15,
train,tabular_007798,cold_14,
train,tabular_007536,cold_11,
train,tabular_001953,vid27,
train,tabular_002734,cold_27,
train,tabular_002517,cold_35,
train,tabular_005862,cold_26,
train,tabular_000869,hot_29,
train,tabular_002638,cold_01,
train,tabular_004547,hot_13,
train,tabular_007826,vid21,
train,tabular_008191,cold_16,
train,tabular_007877,vid16,
train,tabular_000948,vid15,
train,tabular_002904,cold_01,
train,tabular_005963,cold_35,
train,tabular_003129,cold_03,
train,tabular_002011,vid24,
train,tabular_001467,cold_12,
train,tabular_001091,vid20,
train,tabular_007307,vid2,
train,tabular_004499,vid25,
train,tabular_000360,cold_09,
train,tabular_007735,vid16,
train,tabular_002606,hot_01,
train,tabular_005308,vid16,
train,tabular_002083,vid25,
train,tabular_007760,cold_04,
train,tabular_006787,vid31,
train,tabular_000041,vid27,
train,tabular_007304,cold_31,
train,tabular_007990,cold_16,
train,tabular_009037,vid7,
train,tabular_008739,vid8,
train,tabular_002935,vid24,
train,tabular_004854,vid2,
train,tabular_002810,vid17,
train,tabular_004666,vid14,
train,tabular_003427,vid28,
train,tabular_001720,vid11,
train,tabular_005038,hot_27,
train,tabular_000605,cold_31,
train,tabular_006093,vid27,
train,tabular_001872,cold_02,
train,tabular_008083,vid27,
train,tabular_002318,vid12,
train,tabular_005467,hot_18,
train,tabular_008005,cold_21,
train,tabular_002103,vid34,
train,tabular_008131,vid32,
train,tabular_000940,hot_09,
train,tabular_002840,vid4,
train,tabular_000884,vid2,
train,tabular_002015,vid27,
train,tabular_007607,vid27,
train,tabular_000989,cold_09,
train,tabular_004447,vid35,
train,tabular_005575,cold_19,
train,tabular_004585,hot_21,
train,tabular_008604,cold_04,
train,tabular_006582,vid8,
train,tabular_005693,vid4,
train,tabular_004707,vid7,
train,tabular_000337,vid16,
train,tabular_002501,hot_18,
train,tabular_006752,hot_01,
train,tabular_005148,vid32,
train,tabular_006002,cold_15,
train,tabular_003846,vid35,
train,tabular_000166,vid24,
train,tabular_008937,cold_03,
train,tabular_005471,hot_19,
train,tabular_007498,vid16,
train,tabular_004985,hot_16,
train,tabular_003433,vid31,
train,tabular_004010,hot_26,
train,tabular_002452,vid2,
train,tabular_005103,cold_29,
train,tabular_003905,vid21,
train,tabular_001225,cold_29,
train,tabular_005765,vid6,
train,tabular_008694,cold_02,
train,tabular_003441,vid4,
train,tabular_003685,cold_13,
train,tabular_009226,cold_15,
train,tabular_002128,cold_22,
train,tabular_006396,vid28,
train,tabular_000468,vid13,
train,tabular_000018,vid17,
train,tabular_007788,vid10,
train,tabular_002754,cold_34,
train,tabular_000346,hot_25,
train,tabular_008904,vid21,
train,tabular_001864,cold_34,
train,tabular_007534,cold_10,
train,tabular_005053,vid23,
train,tabular_001516,vid5,
train,tabular_006401,vid29,
train,tabular_006386,vid22,
train,tabular_001701,hot_35,
train,tabular_002004,cold_14,
train,tabular_000240,vid29,
train,tabular_001941,cold_26,
train,tabular_000663,vid8,
train,tabular_007486,cold_26,
train,tabular_008697,vid21,
train,tabular_007739,cold_30,
train,tabular_000282,vid19,
train,tabular_006830,hot_17,
train,tabular_004735,vid19,
train,tabular_008627,cold_10,
train,tabular_006482,vid27,
train,tabular_004243,hot_01,
train,tabular_005131,vid25,
train,tabular_005541,vid30,
train,tabular_005778,vid10,
train,tabular_001302,vid1,
train,tabular_003283,vid26,
train,tabular_008730,vid4,
train,tabular_008501,vid26,
train,tabular_003081,cold_19,
train,tabular_006987,vid24,
train,tabular_004945,vid4,
train,tabular_002713,vid35,
train,tabular_009173,vid3,
train,tabular_000131,vid1,
train,tabular_005619,cold_02,
train,tabular_002763,vid25,
train,tabular_006669,vid16,
train,tabular_002395,vid21,
train,tabular_003112,cold_30,
train,tabular_000384,cold_16,
train,tabular_006370,vid13,
train,tabular_002177,vid7,
train,tabular_006014,cold_21,
train,tabular_000493,cold_24,
train,tabular_008518,cold_10,
train,tabular_005393,cold_24,
train,tabular_008503,cold_03,
train,tabular_004013,hot_27,
train,tabular_005968,cold_02,
train,tabular_002907,cold_02,
train,tabular_006025,cold_24,
train,tabular_002492,vid1,
train,tabular_008056,vid10,
train,tabular_004346,cold_07,
train,tabular_008611,vid14,
train,tabular_004593,vid8,
train,tabular_007036,cold_32,
train,tabular_003569,cold_33,
train,tabular_004720,hot_02,
train,tabular_006432,vid9,
train,tabular_006566,vid30,
train,tabular_007934,cold_29,
train,tabular_002671,hot_07,
train,tabular_008057,vid11,
train,tabular_004730,vid16,
train,tabular_004165,cold_21,
train,tabular_004500,cold_28,
train,tabular_004011,cold_33,
train,tabular_000475,cold_13,
train,tabular_003058,vid20,
train,tabular_006737,vid14,
train,tabular_005606,vid29,
train,tabular_007194,hot_32,
train,tabular_000942,vid11,
train,tabular_006234,cold_11,
train,tabular_004619,cold_30,
train,tabular_004277,cold_19,
train,tabular_000579,vid30,
train,tabular_001771,hot_14,
train,tabular_003707,cold_20,
train,tabular_004162,vid28,
train,tabular_004126,hot_09,
train,tabular_002484,hot_14,
train,tabular_006656,vid11,
train,tabular_004009,vid28,
train,tabular_000965,hot_15,
train,tabular_008480,vid15,
train,tabular_004531,vid12,
train,tabular_000265,hot_13,
train,tabular_002164,vid32,
train,tabular_000768,vid29,
train,tabular_006675,vid2,
train,tabular_004792,vid19,
train,tabular_000934,cold_33,
train,tabular_007032,cold_31,
train,tabular_005793,vid2,
train,tabular_002783,vid34,
train,tabular_004869,hot_29,
train,tabular_007310,vid21,
train,tabular_005850,cold_19,
train,tabular_003373,cold_04,
train,tabular_007687,vid25,
train,tabular_008968,cold_19,
train,tabular_002447,vid17,
train,tabular_006890,cold_31,
train,tabular_006382,vid2,
train,tabular_003708,cold_21,
train,tabular_004117,hot_07,
train,tabular_000913,vid32,
train,tabular_001515,cold_28,
train,tabular_000354,vid21,
train,tabular_001473,vid21,
train,tabular_007657,vid17,
train,tabular_008741,cold_25,
train,tabular_000422,cold_33,
train,tabular_009071,cold_22,
train,tabular_000445,cold_05,
train,tabular_002878,vid26,
train,tabular_004678,hot_33,
train,tabular_004241,hot_35,
train,tabular_003532,cold_17,
train,tabular_000403,cold_24,
train,tabular_003886,vid15,
train,tabular_005063,vid29,
train,tabular_008869,cold_06,
train,tabular_003066,vid23,
train,tabular_005355,hot_34,
train,tabular_005316,vid2,
train,tabular_004122,vid11,
train,tabular_005401,vid28,
train,tabular_000338,vid17,
train,tabular_005209,vid28,
train,tabular_006477,cold_08,
train,tabular_008726,cold_19,
train,tabular_006954,vid14,
train,tabular_001546,cold_02,
train,tabular_007503,cold_30,
train,tabular_004950,hot_05,
train,tabular_001927,vid13,
train,tabular_000609,vid1,
train,tabular_006438,cold_27,
train,tabular_001685,vid25,
train,tabular_004049,vid11,
train,tabular_006724,cold_02,
train,tabular_005570,cold_15,
train,tabular_004255,cold_14,
train,tabular_002384,cold_34,
train,tabular_004689,vid26,
train,tabular_006581,vid7,
train,tabular_004569,vid27,
train,tabular_007409,vid8,
train,tabular_006037,cold_29,
train,tabular_008275,cold_16,
train,tabular_005199,vid24,
train,tabular_005611,vid32,
train,tabular_008111,vid18,
train,tabular_004252,cold_13,
train,tabular_000590,cold_20,
train,tabular_009074,cold_24,
train,tabular_004102,cold_34,
train,tabular_002236,hot_16,
train,tabular_007023,cold_24,
train,tabular_001195,cold_17,
train,tabular_007254,vid31,
train,tabular_000213,vid12,
train,tabular_000886,vid20,
train,tabular_003253,cold_18,
train,tabular_000925,vid7,
train,tabular_003477,hot_13,
train,tabular_007412,cold_03,
train,tabular_000429,vid25,
train,tabular_005577,vid14,
train,tabular_000389,vid1,
train,tabular_007805,vid16,
train,tabular_003455,vid10,
train,tabular_000695,vid21,
train,tabular_001489,vid25,
train,tabular_007274,hot_16,
train,tabular_003350,cold_30,
train,tabular_005327,hot_27,
train,tabular_004407,vid14,
train,tabular_005880,vid26,
train,tabular_006390,cold_05,
train,tabular_000806,vid15,
train,tabular_006489,vid29,
train,tabular_007816,vid19,
train,tabular_003736,cold_31,
train,tabular_005151,cold_17,
train,tabular_006969,vid18,
train,tabular_000564,cold_09,
train,tabular_006129,cold_31,
train,tabular_004509,vid3,
train,tabular_000318,hot_20,
train,tabular_003041,cold_09,
train,tabular_006462,vid20,
train,tabular_003314,hot_26,
train,tabular_005635,cold_09,
train,tabular_005352,vid6,
train,tabular_000842,cold_33,
train,tabular_002245,hot_18,
train,tabular_005307,vid15,
train,tabular_004908,vid14,
train,tabular_000653,cold_11,
train,tabular_001014,cold_17,
train,tabular_006685,hot_23,
train,tabular_006107,cold_22,
train,tabular_002520,hot_21,
train,tabular_004261,cold_15,
train,tabular_004556,hot_17,
train,tabular_001187,hot_14,
train,tabular_001283,cold_25,
train,tabular_008969,vid14,
train,tabular_009099,cold_02,
train,tabular_009049,vid12,
train,tabular_002296,vid34,
train,tabular_006801,vid6,
train,tabular_002448,hot_10,
train,tabular_002553,vid9,
train,tabular_006331,hot_17,
train,tabular_007874,vid14,
train,tabular_006903,cold_01,
train,tabular_002070,vid2,
train,tabular_008144,hot_16,
train,tabular_000036,vid24,
train,tabular_007822,cold_28,
train,tabular_001677,hot_32,
train,tabular_006175,cold_12,
train,tabular_004862,vid23,
train,tabular_004440,vid3,
train,tabular_002527,vid27,
train,tabular_007565,cold_25,
train,tabular_003892,vid17,
train,tabular_001420,hot_15,
train,tabular_002090,vid28,
train,tabular_002636,vid20,
train,tabular_003875,cold_09,
train,tabular_002820,vid25,
train,tabular_000109,vid28,
train,tabular_003572,cold_34,
train,tabular_004427,vid25,
train,tabular_001068,vid9,
train,tabular_003447,vid8,
train,tabular_001140,vid9,
train,tabular_006377,cold_35,
train,tabular_000810,vid18,
train,tabular_004764,cold_06,
train,tabular_006642,cold_10,
train,tabular_002279,cold_31,
train,tabular_001987,vid13,
train,tabular_004267,vid1,
train,tabular_006548,vid26,
train,tabular_006995,hot_32,
train,tabular_003370,cold_02,
train,tabular_007699,cold_16,
train,tabular_008211,hot_27,
train,tabular_007748,cold_01,
train,tabular_008121,vid27,
train,tabular_005872,hot_34,
train,tabular_005218,vid4,
train,tabular_008952,vid9,
train,tabular_008128,cold_17,
train,tabular_003730,cold_29,
train,tabular_000732,vid9,
train,tabular_007577,cold_30,
train,tabular_001453,vid13,
train,tabular_005556,vid9,
train,tabular_007447,vid21,
train,tabular_003873,cold_07,
train,tabular_006761,hot_04,
train,tabular_008498,cold_01,
train,tabular_007050,cold_02,
train,tabular_002410,vid30,
train,tabular_002329,cold_14,
train,tabular_003517,vid15,
train,tabular_001107,cold_14,
train,tabular_005051,hot_29,
train,tabular_002184,cold_02,
train,tabular_002217,vid28,
train,tabular_000771,cold_15,
train,tabular_001577,hot_19,
train,tabular_008106,hot_15,
train,tabular_001543,hot_13,
train,tabular_001386,cold_24,
train,tabular_000779,vid32,
train,tabular_009008,cold_06,
train,tabular_000173,hot_35,
train,tabular_008858,vid35,
train,tabular_006745,cold_10,
train,tabular_000494,cold_25,
train,tabular_002709,hot_11,
train,tabular_000278,vid17,
train,tabular_001974,vid8,
train,tabular_006326,hot_16,
train,tabular_008661,vid35,
train,tabular_001448,vid11,
train,tabular_003149,vid30,
train,tabular_003588,vid1,
train,tabular_005007,vid32,
train,tabular_000977,vid34,
train,tabular_003206,cold_01,
train,tabular_003834,vid30,
train,tabular_001513,vid4,
train,tabular_004923,vid22,
train,tabular_002493,vid10,
train,tabular_003490,vid30,
train,tabular_003296,vid32,
train,tabular_001206,vid31,
train,tabular_002200,cold_08,
train,tabular_006254,vid31,
train,tabular_001848,vid10,
train,tabular_006779,hot_06,
train,tabular_000578,cold_13,
train,tabular_000575,vid3,
train,tabular_002936,hot_12,
train,tabular_003403,vid14,
train,tabular_001559,hot_17,
train,tabular_005442,vid17,
train,tabular_004398,vid11,
train,tabular_007489,cold_27,
train,tabular_001665,cold_08,
train,tabular_000376,vid32,
train,tabular_003411,vid18,
train,tabular_003501,vid7,
train,tabular_001809,vid2,
train,tabular_004434,cold_03,
train,tabular_007012,cold_18,
train,tabular_002248,vid12,
train,tabular_003866,cold_01,
train,tabular_000194,cold_23,
train,tabular_003574,vid4,
train,tabular_000396,cold_20,
train,tabular_001125,cold_22,
train,tabular_007049,hot_05,
train,tabular_006629,cold_05,
train,tabular_000347,cold_01,
train,tabular_007501,vid17,
train,tabular_002196,hot_09,
train,tabular_000657,vid6,
train,tabular_008025,vid21,
train,tabular_007105,vid4,
train,tabular_004692,cold_16,
train,tabular_006054,vid4,
train,tabular_007433,vid17,
train,tabular_007940,cold_32,
train,tabular_007800,cold_15,
train,tabular_005370,vid15,
train,tabular_003561,cold_31,
train,tabular_000046,cold_13,
train,tabular_009063,hot_31,
train,tabular_005668,cold_19,
train,tabular_003465,vid16,
train,tabular_008746,vid11,
train,tabular_005048,vid20,
train,tabular_007989,vid6,
train,tabular_004059,cold_15,
train,tabular_002883,vid29,
train,tabular_000871,cold_10,
train,tabular_002934,vid23,
train,tabular_001353,hot_05,
train,tabular_007688,hot_34,
train,tabular_008655,cold_21,
train,tabular_002147,vid24,
train,tabular_005938,vid16,
train,tabular_001452,cold_08,
train,tabular_001494,vid27,
train,tabular_003573,cold_35,
train,tabular_005565,cold_11,
train,tabular_006576,cold_18,
train,tabular_000955,vid2,
train,tabular_006670,vid17,
train,tabular_000148,vid2,
train,tabular_006687,vid22,
train,tabular_002850,vid10,
train,tabular_002343,vid25,
train,tabular_007349,cold_10,
train,tabular_006031,vid28,
train,tabular_005643,cold_11,
train,tabular_007204,vid11,
train,tabular_005193,cold_33,
train,tabular_004583,cold_17,
train,tabular_007316,cold_01,
train,tabular_008162,hot_19,
train,tabular_005116,cold_04,
train,tabular_000541,vid16,
train,tabular_005727,cold_09,
train,tabular_007022,vid5,
train,tabular_006738,vid15,
train,tabular_004044,cold_07,
train,tabular_001846,vid1,
train,tabular_008242,cold_03,
train,tabular_006794,cold_32,
train,tabular_002541,cold_06,
train,tabular_002427,vid8,
train,tabular_002891,vid32,
train,tabular_002124,vid11,
train,tabular_003654,cold_02,
train,tabular_008563,hot_02,
train,tabular_007599,vid23,
train,tabular_004898,vid9,
train,tabular_004935,hot_02,
train,tabular_005017,vid4,
train,tabular_008016,cold_27,
train,tabular_001523,vid1,
train,tabular_000509,cold_31,
train,tabular_004733,vid18,
train,tabular_007277,cold_17,
train,tabular_002874,vid25,
train,tabular_002592,vid27,
train,tabular_001275,vid28,
train,tabular_003919,hot_08,
train,tabular_007888,hot_29,
train,tabular_002521,vid23,
train,tabular_000492,vid22,
train,tabular_004852,vid18,
train,tabular_008768,cold_35,
train,tabular_003537,vid22,
train,tabular_005272,vid28,
train,tabular_003998,vid22,
train,tabular_002167,vid34,
train,tabular_005081,vid8,
train,tabular_003982,hot_19,
train,tabular_008055,vid1,
train,tabular_004891,cold_01,
train,tabular_005879,cold_34,
train,tabular_006825,cold_08,
train,tabular_007353,cold_11,
train,tabular_004359,hot_23,
train,tabular_003556,cold_27,
train,tabular_004448,cold_08,
train,tabular_004761,vid31,
train,tabular_002794,cold_17,
train,tabular_007971,vid28,
train,tabular_002229,cold_17,
train,tabular_003212,vid28,
train,tabular_001735,vid19,
train,tabular_002054,hot_21,
train,tabular_006897,cold_35,
train,tabular_005130,cold_09,
train,tabular_006870,cold_26,
train,tabular_008100,vid11,
train,tabular_008737,cold_23,
train,tabular_008542,hot_35,
train,tabular_004607,vid17,
train,tabular_001040,cold_28,
train,tabular_002733,cold_26,
train,tabular_001609,vid19,
train,tabular_004732,vid17,
train,tabular_004313,vid3,
train,tabular_003089,vid1,
train,tabular_000459,vid8,
train,tabular_009190,cold_02,
train,tabular_002311,cold_08,
train,tabular_005507,vid12,
train,tabular_005236,vid11,
train,tabular_007045,vid12,
train,tabular_005856,cold_24,
train,tabular_008208,cold_28,
train,tabular_008512,cold_06,
train,tabular_001836,cold_23,
train,tabular_000623,vid18,
train,tabular_002815,vid20,
train,tabular_003829,vid29,
train,tabular_004912,cold_08,
train,tabular_000120,vid35,
train,tabular_006069,vid14,
train,tabular_003313,cold_12,
train,tabular_000545,cold_03,
train,tabular_008304,vid25,
train,tabular_004562,cold_10,
train,tabular_007772,cold_05,
train,tabular_000838,vid32,
train,tabular_004058,vid16,
train,tabular_001622,cold_25,
train,tabular_004705,cold_19,
train,tabular_007795,hot_16,
train,tabular_008533,cold_15,
train,tabular_005223,cold_07,
train,tabular_002408,vid3,
train,tabular_005531,vid27,
train,tabular_001103,vid26,
train,tabular_003076,hot_35,
train,tabular_005645,vid16,
train,tabular_008181,cold_09,
train,tabular_008450,vid32,
train,tabular_007762,vid27,
train,tabular_009017,hot_19,
train,tabular_004568,cold_13,
train,tabular_001571,vid34,
train,tabular_008009,vid15,
train,tabular_002221,cold_14,
train,tabular_003784,vid6,
train,tabular_003934,vid32,
train,tabular_000249,cold_04,
train,tabular_003527,vid19,
train,tabular_006274,vid5,
train,tabular_003151,vid32,
train,tabular_006588,vid1,
train,tabular_004115,hot_06,
train,tabular_007980,hot_08,
train,tabular_000369,vid28,
train,tabular_004021,cold_35,
train,tabular_001775,hot_15,
train,tabular_000477,vid17,
train,tabular_007726,vid13,
train,tabular_005766,cold_20,
train,tabular_003358,cold_33,
train,tabular_001747,vid24,
train,tabular_008361,cold_22,
train,tabular_006816,cold_05,
train,tabular_006832,cold_10,
train,tabular_009225,vid21,
train,tabular_008175,cold_06,
train,tabular_007692,vid28,
train,tabular_000179,vid30,
train,tabular_003587,vid9,
train,tabular_005190,vid2,
train,tabular_001814,hot_23,
train,tabular_003552,cold_24,
train,tabular_006524,vid13,
train,tabular_002390,hot_33,
train,tabular_006006,vid16,
train,tabular_001128,vid6,
train,tabular_001584,vid9,
train,tabular_006458,vid18,
train,tabular_002345,vid26,
train,tabular_000057,hot_12,
train,tabular_005844,cold_16,
train,tabular_003763,cold_04,
train,tabular_005093,vid11,
train,tabular_006062,vid9,
train,tabular_006174,cold_11,
train,tabular_009033,vid5,
train,tabular_005117,vid17,
train,tabular_007415,cold_05,
train,tabular_003228,vid8,
train,tabular_008356,vid17,
train,tabular_005831,cold_07,
train,tabular_001706,cold_22,
train,tabular_005182,vid17,
train,tabular_000432,hot_35,
train,tabular_002675,vid11,
train,tabular_000309,hot_18,
train,tabular_003307,vid8,
train,tabular_001662,cold_07,
train,tabular_002790,hot_21,
train,tabular_006316,hot_14,
train,tabular_006658,vid12,
train,tabular_006736,cold_07,
train,tabular_003854,cold_30,
train,tabular_005330,vid29,
train,tabular_003046,vid14,
train,tabular_007582,vid15,
train,tabular_004053,vid14,
train,tabular_001052,hot_33,
train,tabular_008801,cold_16,
train,tabular_003613,cold_19,
train,tabular_006124,vid1,
train,tabular_001266,hot_28,
train,tabular_004825,vid6,
train,tabular_003300,vid4,
train,tabular_000212,hot_06,
train,tabular_006883,vid13,
train,tabular_006898,vid2,
train,tabular_007449,hot_34,
train,tabular_004310,vid28,
train,tabular_008948,cold_09,
train,tabular_008273,vid16,
train,tabular_006055,vid5,
train,tabular_000146,cold_03,
train,tabular_000379,cold_13,
train,tabular_003727,cold_27,
train,tabular_005297,vid11,
train,tabular_001172,hot_12,
train,tabular_001169,vid2,
train,tabular_008553,hot_01,
train,tabular_001558,vid25,
train,tabular_008698,vid22,
train,tabular_001855,cold_30,
train,tabular_006893,hot_22,
train,tabular_009199,cold_06,
train,tabular_008022,hot_11,
train,tabular_005477,cold_20,
train,tabular_001044,vid27,
train,tabular_005652,hot_06,
train,tabular_000821,cold_29,
train,tabular_007145,vid19,
train,tabular_009163,hot_10,
train,tabular_003381,vid34,
train,tabular_004259,vid7,
train,tabular_007099,hot_18,
train,tabular_006775,vid25,
train,tabular_008146,cold_26,
train,tabular_001988,vid14,
train,tabular_001613,hot_27,
train,tabular_008405,vid8,
train,tabular_004341,cold_06,
train,tabular_005214,vid32,
train,tabular_005255,vid21,
train,tabular_002255,vid16,
train,tabular_000516,vid31,
train,tabular_006783,vid29,
train,tabular_004657,vid9,
train,tabular_001100,vid25,
train,tabular_008831,vid19,
train,tabular_001357,cold_14,
train,tabular_004178,vid4,
train,tabular_008776,vid25,
train,tabular_007693,cold_13,
train,tabular_002969,cold_22,
train,tabular_004132,vid15,
train,tabular_006643,cold_11,
train,tabular_004821,vid4,
train,tabular_001849,vid11,
train,tabular_008011,cold_24,
train,tabular_004181,hot_23,
train,tabular_004078,cold_21,
train,tabular_002107,cold_16,
train,tabular_007885,cold_14,
train,tabular_002096,hot_24,
train,tabular_001948,vid23,
train,tabular_002924,vid2,
train,tabular_009087,vid24,
train,tabular_007920,hot_02,
train,tabular_008721,vid31,
train,tabular_003326,vid15,
train,tabular_008152,cold_29,
train,tabular_000949,hot_12,
train,tabular_005637,vid11,
train,tabular_008193,cold_18,
train,tabular_008116,vid22,
train,tabular_000997,cold_13,
train,tabular_006634,vid31,
train,tabular_003103,cold_25,
train,tabular_006680,cold_24,
train,tabular_003378,cold_06,
train,tabular_002144,vid21,
train,tabular_005326,vid27,
train,tabular_006338,cold_21,
train,tabular_003711,hot_12,
train,tabular_000074,vid1,
train,tabular_006947,hot_28,
train,tabular_004659,vid1,
train,tabular_006203,cold_26,
train,tabular_004989,cold_27,
train,tabular_004142,vid18,
train,tabular_008535,vid1,
train,tabular_008540,hot_34,
train,tabular_003831,hot_27,
train,tabular_000547,hot_16,
train,tabular_001608,cold_21,
train,tabular_003273,cold_30,
train,tabular_002178,cold_01,
train,tabular_001802,cold_16,
train,tabular_004746,vid25,
train,tabular_001256,cold_15,
train,tabular_003380,cold_08,
train,tabular_003531,cold_16,
train,tabular_001581,hot_20,
train,tabular_000834,vid3,
train,tabular_001790,cold_10,
train,tabular_005037,vid15,
train,tabular_002366,cold_27,
train,tabular_001815,vid22,
train,tabular_008391,cold_33,
train,tabular_004378,vid31,
train,tabular_006854,cold_19,
train,tabular_008239,vid32,
train,tabular_004749,vid26,
train,tabular_004274,cold_18,
train,tabular_005819,cold_01,
train,tabular_002775,cold_09,
train,tabular_001056,hot_34,
train,tabular_006904,cold_02,
train,tabular_000628,vid20,
train,tabular_004233,vid27,
train,tabular_001366,cold_18,
train,tabular_003883,cold_14,
train,tabular_002896,vid4,
train,tabular_002818,vid23,
train,tabular_006829,vid18,
train,tabular_003908,vid22,
train,tabular_001146,cold_02,
train,tabular_003693,cold_15,
train,tabular_007227,cold_35,
train,tabular_005115,vid16,
train,tabular_008040,vid30,
train,tabular_003474,vid21,
train,tabular_008558,cold_24,
train,tabular_005874,cold_31,
train,tabular_000254,vid5,
train,tabular_002122,vid10,
train,tabular_003899,cold_23,
train,tabular_003584,cold_05,
train,tabular_008357,cold_19,
train,tabular_002535,hot_24,
train,tabular_006165,cold_08,
train,tabular_006351,vid32,
train,tabular_000500,cold_28,
train,tabular_001531,cold_31,
train,tabular_001884,vid25,
train,tabular_005569,cold_14,
train,tabular_002465,vid27,
train,tabular_007484,vid1,
train,tabular_005078,vid6,
train,tabular_003256,vid18,
train,tabular_005241,hot_16,
train,tabular_001482,vid23,
train,tabular_003947,vid8,
train,tabular_003704,vid26,
train,tabular_007160,hot_27,
train,tabular_000895,cold_16,
train,tabular_002183,vid10,
train,tabular_008027,cold_32,
train,tabular_000889,vid22,
train,tabular_009133,vid1,
train,tabular_008486,cold_31,
train,tabular_004859,hot_23,
train,tabular_004147,cold_15,
train,tabular_005248,cold_16,
train,tabular_006348,vid31,
train,tabular_000192,vid5,
train,tabular_008139,vid5,
train,tabular_003315,cold_13,
train,tabular_002095,vid30,
train,tabular_003713,cold_23,
train,tabular_004057,cold_14,
train,tabular_005439,cold_06,
train,tabular_002148,hot_35,
train,tabular_007300,cold_29,
train,tabular_002181,vid9,
train,tabular_008612,cold_06,
train,tabular_000687,vid17,
train,tabular_002205,cold_10,
train,tabular_003957,cold_13,
train,tabular_003900,cold_24,
train,tabular_000696,vid22,
train,tabular_002995,hot_25,
train,tabular_004225,vid23,
train,tabular_008390,vid34,
train,tabular_004510,vid30,
train,tabular_003312,vid1,
train,tabular_001982,vid10,
train,tabular_003963,cold_16,
train,tabular_006860,vid31,
train,tabular_006595,cold_25,
train,tabular_003996,cold_30,
train,tabular_002594,hot_34,
train,tabular_000181,vid32,
train,tabular_001611,vid2,
train,tabular_008672,cold_30,
train,tabular_001380,hot_10,
train,tabular_002918,cold_05,
train,tabular_002201,cold_09,
train,tabular_006574,cold_17,
train,tabular_001477,vid22,
train,tabular_001368,cold_19,
train,tabular_000453,hot_03,
train,tabular_001329,cold_03,
train,tabular_008204,vid21,
train,tabular_008513,cold_07,
train,tabular_002722,cold_23,
train,tabular_008636,vid25,
train,tabular_005572,vid13,
train,tabular_007922,cold_24,
train,tabular_005497,cold_28,
train,tabular_004124,hot_08,
train,tabular_003165,vid8,
train,tabular_005475,vid30,
train,tabular_007235,vid22,
train,tabular_002532,cold_04,
train,tabular_000339,cold_31,
train,tabular_005667,hot_10,
train,tabular_008024,vid20,
train,tabular_004758,vid3,
train,tabular_007652,vid16,
train,tabular_008008,cold_23,
train,tabular_006461,vid2,
train,tabular_008224,cold_34,
train,tabular_006080,vid21,
train,tabular_002397,vid23,
train,tabular_001539,cold_34,
train,tabular_008795,cold_13,
train,tabular_003127,vid24,
train,tabular_007916,hot_01,
train,tabular_002337,cold_17,
train,tabular_009159,hot_09,
train,tabular_009088,vid25,
train,tabular_004653,hot_31,
train,tabular_001879,vid21,
train,tabular_005511,vid14,
train,tabular_006971,cold_34,
train,tabular_009073,vid20,
train,tabular_001003,vid13,
train,tabular_001770,hot_13,
train,tabular_006177,cold_13,
train,tabular_005171,vid11,
train,tabular_000436,vid28,
train,tabular_008007,cold_22,
train,tabular_002967,cold_21,
train,tabular_002674,vid10,
train,tabular_006518,cold_27,
train,tabular_007148,cold_07,
train,tabular_001215,hot_22,
train,tabular_001064,vid6,
train,tabular_004963,cold_21,
train,tabular_001580,cold_10,
train,tabular_006094,cold_16,
train,tabular_003764,vid26,
train,tabular_004613,vid19,
train,tabular_001506,vid31,
train,tabular_003889,vid16,
train,tabular_005046,vid2,
train,tabular_004171,vid31,
train,tabular_005143,cold_13,
train,tabular_008113,vid2,
train,tabular_007033,vid8,
train,tabular_005491,hot_22,
train,tabular_005684,vid31,
train,tabular_000286,cold_17,
train,tabular_004701,vid35,
train,tabular_000042,vid28,
train,tabular_007086,vid3,
train,tabular_005415,vid4,
train,tabular_007172,vid29,
train,tabular_001326,hot_35,
train,tabular_004253,hot_03,
train,tabular_006425,cold_23,
train,tabular_008235,vid3,
train,tabular_002899,vid6,
train,tabular_001913,cold_16,
train,tabular_008778,cold_07,
train,tabular_009082,cold_28,
train,tabular_007164,vid24,
train,tabular_007417,cold_06,
train,tabular_002759,cold_02,
train,tabular_007335,vid35,
train,tabular_001966,cold_01,
train,tabular_002946,cold_14,
train,tabular_003674,vid14,
train,tabular_000675,vid12,
train,tabular_004584,vid4,
train,tabular_001829,vid31,
train,tabular_003376,cold_05,
train,tabular_008635,cold_16,
train,tabular_008988,hot_15,
train,tabular_003841,vid34,
train,tabular_002688,vid21,
train,tabular_007210,cold_31,
train,tabular_000435,cold_01,
train,tabular_004883,vid32,
train,tabular_008418,cold_07,
train,tabular_007701,cold_17,
train,tabular_005538,cold_03,
train,tabular_005694,cold_31,
train,tabular_004942,vid34,
train,tabular_001568,vid31,
train,tabular_000210,cold_31,
train,tabular_006209,cold_30,
train,tabular_004076,vid27,
train,tabular_002623,vid10,
train,tabular_007294,vid15,
train,tabular_004743,vid23,
train,tabular_007895,cold_18,
train,tabular_002738,cold_30,
train,tabular_001396,vid2,
train,tabular_008229,hot_32,
train,tabular_001369,hot_08,
train,tabular_000110,vid29,
train,tabular_007480,vid7,
train,tabular_008472,cold_27,
train,tabular_008416,vid12,
train,tabular_000326,vid11,
train,tabular_007746,vid18,
train,tabular_000011,hot_01,
train,tabular_000147,vid19,
train,tabular_007978,vid3,
train,tabular_007661,cold_33,
train,tabular_000191,cold_21,
train,tabular_004667,cold_09,
train,tabular_003568,vid34,
train,tabular_005786,vid15,
train,tabular_001129,cold_24,
train,tabular_000939,hot_08,
train,tabular_003037,cold_07,
train,tabular_001785,cold_08,
train,tabular_005885,vid28,
train,tabular_006818,vid12,
train,tabular_004144,cold_14,
train,tabular_005075,vid35,
train,tabular_008003,vid13,
train,tabular_003254,vid17,
train,tabular_003295,vid31,
train,tabular_003200,cold_33,
train,tabular_004545,vid19,
train,tabular_000364,vid24,
train,tabular_008394,vid4,
train,tabular_001200,hot_20,
train,tabular_004214,hot_31,
train,tabular_007072,vid23,
train,tabular_005849,cold_18,
train,tabular_002622,hot_03,
train,tabular_005666,cold_18,
train,tabular_009124,cold_14,
train,tabular_007891,cold_16,
train,tabular_006469,cold_04,
train,tabular_002725,vid8,
train,tabular_002439,hot_08,
train,tabular_001704,vid34,
train,tabular_007351,vid11,
train,tabular_006997,hot_34,
train,tabular_002977,vid1,
train,tabular_004097,cold_29,
train,tabular_006791,vid34,
train,tabular_006330,vid27,
train,tabular_007820,cold_27,
train,tabular_006868,vid5,
train,tabular_001602,vid17,
train,tabular_007958,cold_06,
train,tabular_001567,hot_18,
train,tabular_006162,cold_07,
train,tabular_008896,vid16,
train,tabular_006506,cold_22,
train,tabular_009109,vid31,
train,tabular_002434,cold_12,
train,tabular_004118,cold_07,
train,tabular_000310,vid35,
train,tabular_007423,vid13,
train,tabular_003551,hot_25,
train,tabular_008959,cold_16,
train,tabular_004519,vid6,
train,tabular_008781,cold_09,
train,tabular_003321,cold_16,
train,tabular_005713,cold_04,
train,tabular_006104,vid32,
train,tabular_005334,cold_07,
train,tabular_006701,hot_26,
train,tabular_009164,cold_27,
train,tabular_007418,vid10,
train,tabular_008736,cold_22,
train,tabular_000824,cold_31,
train,tabular_008584,vid31,
train,tabular_006229,vid21,
train,tabular_007538,hot_21,
train,tabular_003754,cold_02,
train,tabular_006705,cold_31,
train,tabular_005782,vid12,
train,tabular_008717,vid3,
train,tabular_007774,hot_13,
train,tabular_008681,vid15,
train,tabular_005892,cold_06,
train,tabular_004401,cold_24,
train,tabular_007966,vid24,
train,tabular_001763,vid34,
train,tabular_003013,hot_29,
train,tabular_000752,cold_08,
train,tabular_006773,hot_05,
train,tabular_000850,vid7,
train,tabular_008579,hot_05,
train,tabular_006813,hot_13,
train,tabular_008918,cold_27,
train,tabular_007553,hot_23,
train,tabular_005275,vid3,
train,tabular_002983,hot_21,
train,tabular_004630,hot_26,
train,tabular_002712,vid34,
train,tabular_000136,hot_29,
train,tabular_006163,hot_29,
train,tabular_002360,cold_25,
train,tabular_008096,vid8,
train,tabular_003860,vid9,
train,tabular_002902,vid8,
train,tabular_003651,cold_01,
train,tabular_001979,cold_05,
train,tabular_000961,cold_35,
train,tabular_007156,vid21,
train,tabular_001708,cold_23,
train,tabular_006321,cold_14,
train,tabular_005714,cold_05,
train,tabular_002008,vid22,
train,tabular_004487,vid2,
train,tabular_002141,vid20,
train,tabular_002951,vid29,
train,tabular_004637,cold_34,
train,tabular_000082,cold_26,
train,tabular_006563,cold_10,
train,tabular_000815,vid20,
train,tabular_008842,hot_33,
train,tabular_007551,cold_18,
train,tabular_005460,hot_16,
train,tabular_006247,cold_19,
train,tabular_008550,vid16,
train,tabular_006072,vid17,
train,tabular_003363,vid3,
train,tabular_008403,vid7,
train,tabular_003238,hot_18,
train,tabular_009051,cold_14,
train,tabular_002916,cold_04,
train,tabular_005409,cold_30,
train,tabular_002496,vid12,
train,tabular_002257,vid17,
train,tabular_003503,cold_06,
train,tabular_007252,cold_07,
train,tabular_008626,vid22,
train,tabular_008738,cold_24,
train,tabular_007845,vid28,
train,tabular_007057,cold_04,
train,tabular_001709,vid5,
train,tabular_002006,cold_16,
train,tabular_005206,vid26,
train,tabular_008942,vid4,
train,tabular_005750,cold_14,
train,tabular_008441,cold_15,
train,tabular_005016,hot_22,
train,tabular_006083,vid24,
train,tabular_007642,vid12,
train,tabular_006293,cold_07,
train,tabular_002035,cold_24,
train,tabular_002043,vid7,
train,tabular_003422,vid24,
train,tabular_008029,vid24,
train,tabular_000408,vid14,
train,tabular_002673,vid1,
train,tabular_005503,vid10,
train,tabular_001570,cold_08,
train,tabular_000248,cold_03,
train,tabular_002041,vid5,
train,tabular_003061,hot_33,
train,tabular_001908,vid8,
train,tabular_001975,vid9,
train,tabular_008878,cold_11,
train,tabular_003923,cold_31,
train,tabular_005663,hot_09,
train,tabular_005435,vid14,
train,tabular_008482,vid17,
train,tabular_007197,cold_24,
train,tabular_003171,vid10,
train,tabular_002033,hot_18,
train,tabular_008645,cold_18,
train,tabular_002994,cold_32,
train,tabular_005657,hot_07,
train,tabular_003356,vid27,
train,tabular_007253,vid30,
train,tabular_000224,hot_07,
train,tabular_000639,vid26,
train,tabular_008078,vid24,
train,tabular_008650,vid30,
train,tabular_007134,cold_33,
train,tabular_007165,cold_15,
train,tabular_000050,cold_16,
train,tabular_007511,cold_34,
train,tabular_009090,cold_32,
train,tabular_000153,cold_06,
train,tabular_007500,cold_29,
train,tabular_000357,hot_26,
train,tabular_007042,cold_35,
train,tabular_002575,hot_32,
train,tabular_006908,cold_05,
train,tabular_002098,vid31,
train,tabular_000646,cold_09,
train,tabular_003289,vid29,
train,tabular_006493,cold_17,
train,tabular_005627,cold_05,
train,tabular_007685,cold_12,
train,tabular_003493,vid34,
train,tabular_007902,vid27,
train,tabular_005912,vid5,
train,tabular_006429,cold_24,
train,tabular_004442,vid31,
train,tabular_007945,vid17,
train,tabular_000595,cold_24,
train,tabular_000130,cold_34,
train,tabular_003039,vid10,
train,tabular_005018,vid5,
train,tabular_006179,vid6,
train,tabular_005428,vid11,
train,tabular_002328,cold_13,
train,tabular_006193,cold_21,
train,tabular_000617,vid14,
train,tabular_007669,cold_01,
train,tabular_006536,vid19,
train,tabular_001536,vid17,
train,tabular_005671,cold_20,
train,tabular_001055,vid32,
train,tabular_000393,hot_29,
train,tabular_006288,cold_04,
train,tabular_002834,vid32,
train,tabular_003500,vid6,
train,tabular_005353,vid7,
train,tabular_000466,vid11,
train,tabular_003268,vid21,
train,tabular_005452,cold_11,
train,tabular_000888,vid21,
train,tabular_000440,vid29,
train,tabular_006967,vid17,
train,tabular_002962,vid5,
train,tabular_009076,vid21,
train,tabular_000277,vid16,
train,tabular_000067,cold_21,
train,tabular_007785,hot_14,
train,tabular_003390,cold_12,
train,tabular_004328,cold_05,
train,tabular_001587,vid1,
train,tabular_004829,vid7,
train,tabular_003676,hot_07,
train,tabular_000581,hot_26,
train,tabular_008757,vid18,
train,tabular_009011,vid25,
train,tabular_001972,vid7,
train,tabular_003615,vid19,
train,tabular_005734,vid21,
train,tabular_007299,hot_19,
train,tabular_007247,vid27,
train,tabular_009054,vid15,
train,tabular_002691,vid22,
train,tabular_002829,hot_26,
train,tabular_002018,cold_18,
train,tabular_002942,vid27,
train,tabular_005284,hot_22,
train,tabular_008794,cold_12,
train,tabular_003821,hot_24,
train,tabular_000830,vid26,
train,tabular_006501,vid35,
train,tabular_001016,hot_25,
train,tabular_007636,cold_21,
train,tabular_004430,vid26,
train,tabular_004420,cold_33,
train,tabular_000439,hot_01,
train,tabular_002068,hot_22,
train,tabular_000486,vid2,
train,tabular_003850,vid5,
train,tabular_001843,cold_25,
train,tabular_004344,vid15,
train,tabular_002804,vid11,
train,tabular_003219,vid32,
train,tabular_001062,vid4,
train,tabular_002593,cold_23,
train,tabular_008732,vid6,
train,tabular_002720,hot_13,
train,tabular_005133,cold_10,
train,tabular_004431,vid27,
train,tabular_008683,vid17,
train,tabular_002610,vid6,
train,tabular_008958,cold_15,
train,tabular_006395,cold_06,
train,tabular_006417,cold_19,
train,tabular_000314,vid7,
train,tabular_003516,vid14,
train,tabular_004092,hot_05,
train,tabular_002199,vid17,
train,tabular_005770,hot_27,
train,tabular_000954,hot_13,
train,tabular_007330,vid31,
train,tabular_008708,vid27,
train,tabular_006126,vid10,
train,tabular_001561,vid27,
train,tabular_001351,hot_04,
train,tabular_004958,vid10,
train,tabular_001812,vid21,
train,tabular_005585,hot_35,
train,tabular_005474,vid3,
train,tabular_001678,vid20,
train,tabular_002232,hot_15,
train,tabular_006845,vid25,
train,tabular_008244,hot_02,
train,tabular_002159,cold_31,
train,tabular_006240,cold_15,
train,tabular_000629,vid21,
train,tabular_001555,cold_05,
train,tabular_007915,hot_35,
train,tabular_003758,vid22,
train,tabular_006511,vid7,
train,tabular_004901,vid1,
train,tabular_005527,vid24,
train,tabular_002377,vid13,
train,tabular_007404,cold_34,
train,tabular_001997,vid18,
train,tabular_006199,cold_25,
train,tabular_005609,vid30,
train,tabular_000854,hot_26,
train,tabular_004167,cold_22,
train,tabular_000047,cold_14,
train,tabular_003152,vid34,
train,tabular_000998,hot_19,
train,tabular_004885,vid34,
train,tabular_000199,cold_27,
train,tabular_002031,cold_23,
train,tabular_007837,hot_22,
train,tabular_002415,vid32,
train,tabular_003399,cold_15,
train,tabular_000037,vid25,
train,tabular_006128,vid12,
train,tabular_008046,vid34,
train,tabular_001628,cold_28,
train,tabular_003329,vid18,
train,tabular_009127,vid6,
train,tabular_006633,vid30,
train,tabular_003716,vid30,
train,tabular_002711,cold_19,
train,tabular_001394,cold_27,
train,tabular_006789,cold_31,
train,tabular_007791,cold_12,
train,tabular_008613,cold_07,
train,tabular_001816,vid23,
train,tabular_000828,vid25,
train,tabular_000932,cold_31,
train,tabular_005106,cold_32,
train,tabular_007938,vid14,
train,tabular_005010,hot_20,
train,tabular_006367,cold_32,
train,tabular_003290,vid3,
train,tabular_005369,vid14,
train,tabular_005234,vid10,
train,tabular_002424,cold_09,
train,tabular_004215,cold_01,
train,tabular_006333,hot_18,
train,tabular_004521,vid7,
train,tabular_001204,hot_21,
train,tabular_003011,hot_28,
train,tabular_005893,vid3,
train,tabular_001652,vid6,
train,tabular_002605,vid35,
train,tabular_007026,vid6,
train,tabular_004351,cold_08,
train,tabular_004700,vid34,
train,tabular_003280,cold_01,
train,tabular_005240,cold_14,
train,tabular_000665,vid9,
train,tabular_003311,vid9,
train,tabular_000484,cold_19,
train,tabular_005314,hot_25,
train,tabular_002309,vid9,
train,tabular_007021,cold_23,
train,tabular_000061,vid5,
train,tabular_001807,cold_18,
train,tabular_004745,cold_34,
train,tabular_005858,cold_25,
train,tabular_007350,vid10,
train,tabular_007543,cold_13,
train,tabular_008913,cold_24,
train,tabular_002062,vid18,
train,tabular_005178,vid14,
train,tabular_008538,hot_33,
train,tabular_001431,vid6,
train,tabular_000901,hot_02,
train,tabular_001388,vid15,
train,tabular_008389,cold_32,
train,tabular_001582,hot_21,
train,tabular_008117,vid23,
train,tabular_006185,vid9,
train,tabular_008608,vid11,
train,tabular_009229,vid22,
train,tabular_004750,cold_02,
train,tabular_005493,hot_23,
train,tabular_005181,vid16,
train,tabular_001912,cold_15,
train,tabular_002665,vid5,
train,tabular_002023,vid3,
train,tabular_001889,vid28,
train,tabular_006962,cold_29,
train,tabular_005233,cold_11,
train,tabular_008168,cold_04,
train,tabular_001511,cold_27,
train,tabular_006327,cold_16,
train,tabular_005188,vid19,
train,tabular_007959,cold_07,
train,tabular_000479,cold_16,
train,tabular_008586,cold_33,
train,tabular_005972,vid31,
train,tabular_003582,cold_04,
train,tabular_008373,vid26,
train,tabular_007416,vid1,
train,tabular_009117,vid35,
train,tabular_000457,cold_09,
train,tabular_008051,vid6,
train,tabular_000448,vid34,
train,tabular_008888,vid12,
train,tabular_004495,vid22,
train,tabular_001532,vid15,
train,tabular_000957,vid21,
train,tabular_001896,vid34,
train,tabular_005616,vid4,
train,tabular_006932,vid7,
train,tabular_001772,vid5,
train,tabular_007665,hot_30,
train,tabular_005974,vid32,
train,tabular_005528,vid25,
train,tabular_007777,vid5,
train,tabular_007308,vid20,
train,tabular_004319,hot_16,
train,tabular_005547,vid35,
train,tabular_003270,cold_29,
train,tabular_005008,hot_19,
train,tabular_004551,vid21,
train,tabular_001334,cold_04,
train,tabular_004517,cold_31,
train,tabular_005787,cold_28,
train,tabular_005604,vid28,
train,tabular_003322,vid12,
train,tabular_007365,vid18,
train,tabular_000960,vid23,
train,tabular_009179,vid32,
train,tabular_005559,vid10,
train,tabular_001653,vid7,
train,tabular_001174,vid20,
train,tabular_008447,vid30,
train,tabular_005659,vid22,
train,tabular_003686,vid18,
train,tabular_008126,cold_16,
train,tabular_003342,cold_23,
train,tabular_006836,vid2,
train,tabular_001569,vid32,
train,tabular_005988,vid9,
train,tabular_002646,hot_04,
train,tabular_003912,hot_06,
train,tabular_007208,cold_30,
train,tabular_003597,cold_13,
train,tabular_000048,cold_15,
train,tabular_007440,vid2,
train,tabular_008887,vid11,
train,tabular_006393,vid26,
train,tabular_007374,vid22,
train,tabular_007153,cold_10,
train,tabular_006385,vid21,
train,tabular_004192,vid9,
train,tabular_004911,vid16,
train,tabular_006664,vid15,
train,tabular_000764,cold_12,
train,tabular_003604,vid13,
train,tabular_008922,cold_29,
train,tabular_002826,vid29,
train,tabular_004505,hot_06,
train,tabular_002555,cold_10,
train,tabular_005495,vid6,
train,tabular_003742,cold_32,
train,tabular_005000,vid29,
train,tabular_000101,hot_21,
train,tabular_006164,vid30,
train,tabular_003801,hot_23,
train,tabular_007177,hot_31,
train,tabular_003233,vid1,
train,tabular_008044,vid31,
train,tabular_009205,cold_08,
train,tabular_005725,vid19,
train,tabular_005751,vid31,
train,tabular_002302,cold_07,
train,tabular_006892,cold_32,
train,tabular_008520,vid32,
train,tabular_002383,vid17,
train,tabular_002280,vid29,
train,tabular_007974,cold_10,
train,tabular_008409,vid1,
train,tabular_000188,vid4,
train,tabular_000258,vid6,
train,tabular_004337,vid10,
train,tabular_007370,cold_20,
train,tabular_009060,vid17,
train,tabular_005842,cold_14,
train,tabular_000230,vid22,
train,tabular_001535,vid16,
train,tabular_001210,vid4,
train,tabular_001309,cold_31,
train,tabular_002827,hot_25,
train,tabular_001550,cold_04,
train,tabular_008149,cold_27,
train,tabular_008711,vid28,
train,tabular_004278,cold_20,
train,tabular_001391,vid17,
train,tabular_006180,hot_32,
train,tabular_008158,cold_34,
train,tabular_008209,hot_26,
train,tabular_007381,cold_25,
train,tabular_008354,cold_18,
train,tabular_009072,cold_23,
train,tabular_001801,hot_19,
train,tabular_008909,cold_22,
train,tabular_001117,hot_05,
train,tabular_007476,cold_24,
train,tabular_002832,vid30,
train,tabular_005023,vid9,
train,tabular_006974,vid19,
train,tabular_003345,cold_25,
train,tabular_009086,vid23,
train,tabular_004818,vid34,
train,tabular_008420,cold_09,
train,tabular_008615,cold_08,
train,tabular_006095,vid28,
train,tabular_007658,cold_31,
train,tabular_001512,vid35,
train,tabular_005526,hot_28,
train,tabular_007176,vid3,
train,tabular_003961,cold_15,
train,tabular_001208,vid34,
train,tabular_000501,vid24,
train,tabular_003924,hot_10,
train,tabular_007734,vid15,
train,tabular_000958,hot_14,
train,tabular_005001,vid3,
train,tabular_002208,cold_12,
train,tabular_007761,vid26,
train,tabular_007305,vid19,
train,tabular_004577,vid31,
train,tabular_001175,vid21,
train,tabular_002784,hot_18,
train,tabular_007675,vid22,
train,tabular_002841,vid5,
train,tabular_002730,hot_17,
train,tabular_008276,cold_17,
train,tabular_004769,cold_09,
train,tabular_005806,vid30,
train,tabular_006732,vid11,
train,tabular_000140,vid15,
train,tabular_000002,vid1,
train,tabular_000963,vid25,
train,tabular_000518,vid34,
train,tabular_001041,vid25,
train,tabular_002701,cold_17,
train,tabular_000565,hot_23,
train,tabular_008884,cold_14,
train,tabular_003416,vid20,
train,tabular_001959,cold_33,
train,tabular_002375,vid12,
train,tabular_002169,vid35,
train,tabular_006833,cold_11,
train,tabular_008804,vid7,
train,tabular_008072,vid20,
train,tabular_004544,vid18,
train,tabular_001533,cold_32,
train,tabular_005312,cold_02,
train,tabular_003090,vid10,
train,tabular_002105,vid4,
train,tabular_003645,vid31,
train,tabular_000990,vid7,
train,tabular_003097,cold_22,
train,tabular_005830,cold_06,
train,tabular_000684,hot_34,
train,tabular_004918,cold_10,
train,tabular_006113,vid35,
train,tabular_000013,hot_03,
train,tabular_000875,hot_30,
train,tabular_007561,vid4,
train,tabular_008796,cold_14,
train,tabular_000890,hot_34,
train,tabular_004437,cold_05,
train,tabular_002340,vid23,
train,tabular_002300,hot_25,
train,tabular_009105,vid3,
train,tabular_004249,vid34,
train,tabular_005711,cold_03,
train,tabular_004265,hot_07,
train,tabular_002569,vid15,
train,tabular_000743,cold_05,
train,tabular_008803,cold_17,
train,tabular_007991,vid7,
train,tabular_008634,cold_15,
train,tabular_004246,hot_02,
train,tabular_003508,vid1,
train,tabular_008962,cold_17,
train,tabular_005738,cold_12,
train,tabular_005730,hot_18,
train,tabular_009171,cold_30,
train,tabular_008539,vid10,
train,tabular_006447,cold_32,
train,tabular_000412,cold_29,
train,tabular_000105,hot_22,
train,tabular_005085,hot_34,
train,tabular_007103,vid35,
train,tabular_005445,vid19,
train,tabular_008510,vid3,
train,tabular_003056,hot_32,
train,tabular_007976,cold_12,
train,tabular_006116,hot_25,
train,tabular_004080,vid29,
train,tabular_000023,vid19,
train,tabular_009096,cold_35,
train,tabular_004580,vid34,
train,tabular_007228,hot_05,
train,tabular_002650,cold_07,
train,tabular_008714,cold_12,
train,tabular_001382,hot_11,
train,tabular_004321,vid34,
train,tabular_001190,hot_17,
train,tabular_006809,cold_04,
train,tabular_002534,vid30,
train,tabular_008301,vid24,
train,tabular_001661,vid12,
train,tabular_006750,cold_13,
train,tabular_005142,vid30,
train,tabular_005824,cold_03,
train,tabular_000174,vid28,
train,tabular_001246,cold_11,
train,tabular_004754,hot_06,
train,tabular_000288,cold_19,
train,tabular_008216,cold_31,
train,tabular_009198,hot_15,
train,tabular_006118,vid6,
train,tabular_009064,cold_19,
train,tabular_002455,cold_17,
train,tabular_006052,hot_20,
train,tabular_006016,vid19,
train,tabular_000504,hot_10,
train,tabular_009043,vid9,
train,tabular_003594,vid10,
train,tabular_006529,hot_07,
train,tabular_006682,cold_25,
train,tabular_007276,vid9,
train,tabular_002494,vid11,
train,tabular_009140,vid14,
train,tabular_008136,cold_20,
train,tabular_007853,vid32,
train,tabular_009224,vid20,
train,tabular_001304,vid11,
train,tabular_001277,cold_21,
train,tabular_002241,vid8,
train,tabular_008996,hot_16,
train,tabular_002966,cold_20,
train,tabular_009026,vid34,
train,tabular_004812,cold_19,
train,tabular_006846,cold_15,
train,tabular_007648,cold_27,
train,tabular_002271,vid24,
train,tabular_003234,hot_17,
train,tabular_001952,hot_06,
train,tabular_006399,cold_09,
train,tabular_004579,vid32,
train,tabular_008967,vid13,
train,tabular_008060,vid13,
train,tabular_001145,cold_01,
train,tabular_001127,vid5,
train,tabular_001029,cold_24,
train,tabular_006600,vid15,
train,tabular_008221,hot_30,
train,tabular_006228,cold_08,
train,tabular_006303,hot_10,
train,tabular_003918,vid26,
train,tabular_008476,vid13,
train,tabular_000996,vid1,
train,tabular_003478,vid22,
train,tabular_002240,vid7,
train,tabular_002803,cold_20,
train,tabular_000624,vid19,
train,tabular_008519,cold_11,
train,tabular_006299,hot_07,
train,tabular_002981,cold_29,
train,tabular_005913,cold_18,
train,tabular_008894,cold_17,
train,tabular_001124,cold_21,
train,tabular_002157,vid29,
train,tabular_009027,cold_10,
train,tabular_003895,cold_21,
train,tabular_004525,vid1,
train,tabular_001148,cold_03,
train,tabular_006747,vid18,
train,tabular_001718,cold_24,
train,tabular_008529,cold_13,
train,tabular_002076,hot_23,
train,tabular_005942,hot_08,
train,tabular_004256,hot_05,
train,tabular_001733,cold_28,
train,tabular_004212,vid18,
train,tabular_008165,vid11,
train,tabular_008765,vid22,
train,tabular_008018,cold_28,
train,tabular_007575,vid10,
train,tabular_003110,vid17,
train,tabular_007309,cold_33,
train,tabular_006467,vid24,
train,tabular_002831,vid3,
train,tabular_000730,cold_03,
train,tabular_007941,vid15,
train,tabular_004443,cold_07,
train,tabular_000713,cold_34,
train,tabular_006923,vid32,
train,tabular_008680,vid14,
train,tabular_004082,vid30,
train,tabular_001051,vid3,
train,tabular_007490,hot_09,
train,tabular_005523,vid22,
train,tabular_005540,cold_04,
train,tabular_004714,vid9,
train,tabular_001838,vid5,
train,tabular_008272,vid15,
train,tabular_008976,vid16,
train,tabular_008799,vid5,
train,tabular_007373,cold_21,
train,tabular_007775,vid4,
train,tabular_003520,hot_19,
train,tabular_000592,cold_22,
train,tabular_000847,cold_35,
train,tabular_001213,cold_24,
train,tabular_003407,cold_18,
train,tabular_001034,vid21,
train,tabular_008569,hot_03,
train,tabular_008246,vid5,
train,tabular_006021,hot_18,
train,tabular_006594,vid13,
train,tabular_005066,cold_12,
train,tabular_007291,cold_24,
train,tabular_008205,cold_26,
train,tabular_000207,cold_29,
train,tabular_003102,cold_24,
train,tabular_006913,vid29,
train,tabular_000649,vid32,
train,tabular_003072,cold_18,
train,tabular_006178,hot_31,
train,tabular_008402,vid6,
train,tabular_000462,cold_10,
train,tabular_008853,vid31,
train,tabular_005833,vid11,
train,tabular_006717,cold_33,
train,tabular_004654,vid7,
train,tabular_004690,vid27,
train,tabular_007133,vid14,
train,tabular_003040,vid11,
train,tabular_004970,hot_11,
train,tabular_002788,hot_20,
train,tabular_006442,cold_30,
train,tabular_001498,cold_25,
train,tabular_005384,hot_06,
train,tabular_006089,hot_22,
train,tabular_006645,vid6,
train,tabular_004493,cold_26,
train,tabular_008760,cold_33,
train,tabular_000712,vid30,
train,tabular_002774,vid31,
train,tabular_008387,vid31,
train,tabular_002315,hot_27,
train,tabular_005506,vid11,
train,tabular_005906,cold_14,
train,tabular_008237,vid30,
train,tabular_000935,hot_07,
train,tabular_004067,vid21,
train,tabular_001212,vid5,
train,tabular_007136,cold_35,
train,tabular_003085,vid7,
train,tabular_002422,vid5,
train,tabular_006543,vid23,
train,tabular_008253,vid7,
train,tabular_009094,vid26,
train,tabular_003323,vid13,
train,tabular_003096,hot_03,
train,tabular_001525,cold_30,
train,tabular_002514,cold_34,
train,tabular_007518,cold_03,
train,tabular_001253,cold_13,
train,tabular_007225,vid2,
train,tabular_000320,hot_22,
train,tabular_007644,cold_24,
train,tabular_006698,vid28,
train,tabular_002411,cold_04,
train,tabular_000845,cold_34,
train,tabular_000406,vid13,
train,tabular_006004,vid15,
train,tabular_000070,cold_23,
train,tabular_008735,vid7,
train,tabular_006727,cold_04,
train,tabular_008071,vid2,
train,tabular_000552,hot_18,
train,tabular_004046,cold_09,
train,tabular_000975,vid31,
train,tabular_001247,vid13,
train,tabular_004867,vid24,
train,tabular_002030,vid31,
train,tabular_007421,hot_30,
train,tabular_006320,vid23,
train,tabular_002758,vid23,
train,tabular_007702,vid31,
train,tabular_001781,vid1,
train,tabular_000159,cold_11,
train,tabular_007796,vid13,
train,tabular_004187,cold_27,
train,tabular_008174,vid16,
train,tabular_005113,cold_02,
train,tabular_002963,vid6,
train,tabular_008309,vid28,
train,tabular_007957,cold_05,
train,tabular_002475,cold_25,
train,tabular_002133,vid16,
train,tabular_005650,vid2,
train,tabular_000438,cold_03,
train,tabular_007147,cold_06,
train,tabular_005280,vid31,
train,tabular_000358,cold_07,
train,tabular_002125,hot_32,
train,tabular_000154,cold_07,
train,tabular_004691,vid28,
train,tabular_000100,hot_20,
train,tabular_006991,hot_31,
train,tabular_000688,vid18,
train,tabular_005935,cold_26,
train,tabular_002604,vid34,
train,tabular_004967,vid13,
train,tabular_004831,vid9,
train,tabular_006411,cold_17,
train,tabular_008956,cold_13,
train,tabular_004194,cold_31,
train,tabular_003424,cold_24,
train,tabular_002266,cold_26,
train,tabular_008155,cold_31,
train,tabular_007386,vid26,
train,tabular_001914,vid1,
train,tabular_003211,cold_04,
train,tabular_007273,cold_16,
train,tabular_001244,cold_09,
train,tabular_008871,cold_08,
train,tabular_002138,cold_25,
train,tabular_008281,cold_18,
train,tabular_004706,hot_35,
train,tabular_008031,vid25,
train,tabular_004217,vid2,
train,tabular_000690,vid2,
train,tabular_005921,cold_20,
train,tabular_007921,cold_23,
train,tabular_000359,cold_08,
train,tabular_002855,hot_32,
train,tabular_006731,vid10,
train,tabular_004763,vid32,
train,tabular_003147,cold_16,
train,tabular_002793,cold_16,
train,tabular_007838,hot_23,
train,tabular_007047,vid13,
train,tabular_002939,hot_14,
train,tabular_008810,cold_20,
train,tabular_002572,vid16,
train,tabular_001951,vid26,
train,tabular_005549,vid4,
train,tabular_001088,vid18,
train,tabular_002862,cold_27,
train,tabular_006087,vid25,
train,tabular_002972,cold_25,
train,tabular_004302,cold_28,
train,tabular_006064,vid10,
train,tabular_003595,cold_11,
train,tabular_008642,vid29,
train,tabular_004635,hot_28,
train,tabular_006161,cold_06,
train,tabular_004766,cold_07,
train,tabular_003649,hot_02,
train,tabular_004604,vid15,
train,tabular_007429,cold_09,
train,tabular_004882,vid31,
train,tabular_001639,vid29,
train,tabular_000239,hot_10,
train,tabular_000773,cold_16,
train,tabular_006379,vid18,
train,tabular_004598,cold_23,
train,tabular_005378,hot_04,
train,tabular_009114,hot_06,
train,tabular_007548,hot_22,
train,tabular_008268,vid12,
train,tabular_003348,cold_28,
train,tabular_001295,vid4,
train,tabular_001925,cold_22,
train,tabular_001436,vid8,
train,tabular_004454,vid8,
train,tabular_001803,cold_17,
train,tabular_006850,cold_18,
train,tabular_005721,hot_16,
train,tabular_008764,vid21,
train,tabular_006725,cold_03,
train,tabular_003163,cold_22,
train,tabular_005803,vid28,
train,tabular_005980,vid4,
train,tabular_001424,vid5,
train,tabular_000532,vid11,
train,tabular_008092,vid4,
train,tabular_004088,hot_03,
train,tabular_000636,cold_05,
train,tabular_001167,cold_09,
train,tabular_003141,cold_11,
train,tabular_005348,cold_11,
train,tabular_006103,vid31,
train,tabular_002651,vid26,
train,tabular_001845,vid9,
train,tabular_000162,hot_33,
train,tabular_007125,cold_31,
train,tabular_001641,vid3,
train,tabular_000662,vid7,
train,tabular_001630,cold_30,
train,tabular_002696,vid25,
train,tabular_007533,cold_09,
train,tabular_005708,vid11,
train,tabular_000868,cold_08,
train,tabular_002849,cold_26,
train,tabular_001465,cold_11,
train,tabular_007218,vid16,
train,tabular_002518,vid22,
train,tabular_004576,vid30,
train,tabular_002667,vid7,
train,tabular_008845,vid27,
train,tabular_008404,cold_03,
train,tabular_003175,cold_25,
train,tabular_004488,hot_03,
train,tabular_001673,cold_11,
train,tabular_004211,vid17,
train,tabular_004546,vid2,
train,tabular_001069,hot_35,
train,tabular_003723,hot_15,
train,tabular_002668,vid8,
train,tabular_008245,vid4,
train,tabular_002460,vid24,
train,tabular_008821,vid14,
train,tabular_002742,vid14,
train,tabular_003770,cold_06,
train,tabular_005285,hot_23,
train,tabular_008406,cold_04,
train,tabular_002143,cold_27,
train,tabular_003942,cold_04,
train,tabular_004414,vid18,
train,tabular_005320,vid22,
train,tabular_006249,vid28,
train,tabular_004742,vid22,
train,tabular_003681,cold_10,
train,tabular_006934,vid9,
train,tabular_006039,cold_31,
train,tabular_000274,cold_13,
train,tabular_006319,vid22,
train,tabular_006115,vid5,
train,tabular_005588,cold_24,
train,tabular_002752,vid21,
train,tabular_000315,hot_19,
train,tabular_002398,vid24,
train,tabular_001728,vid15,
train,tabular_005089,cold_20,
train,tabular_007211,hot_35,
train,tabular_008215,vid23,
train,tabular_006017,vid2,
train,tabular_004329,vid6,
train,tabular_007988,vid5,
train,tabular_001932,vid17,
train,tabular_004311,cold_34,
train,tabular_000557,hot_21,
train,tabular_003647,cold_34,
train,tabular_008872,hot_03,
train,tabular_001566,vid30,
train,tabular_007213,hot_01,
train,tabular_006622,hot_13,
train,tabular_008214,hot_28,
train,tabular_007573,vid9,
train,tabular_004786,cold_12,
train,tabular_006939,vid1,
train,tabular_007725,hot_06,
train,tabular_008326,cold_05,
train,tabular_003262,cold_24,
train,tabular_007979,vid30,
train,tabular_006073,cold_09,
train,tabular_003720,cold_25,
train,tabular_004015,vid30,
train,tabular_008032,vid26,
train,tabular_007664,cold_34,
train,tabular_001223,vid1,
train,tabular_004571,vid29,
train,tabular_001089,vid19,
train,tabular_007112,cold_25,
train,tabular_009193,vid9,
train,tabular_006402,cold_11,
train,tabular_007917,cold_22,
train,tabular_005554,vid8,
train,tabular_002168,cold_34,
train,tabular_003737,vid10,
train,tabular_006241,hot_01,
train,tabular_006817,hot_14,
train,tabular_003697,vid24,
train,tabular_007338,cold_06,
train,tabular_002260,hot_19,
train,tabular_008134,vid35,
train,tabular_000521,cold_34,
train,tabular_004361,hot_24,
train,tabular_007737,hot_07,
train,tabular_001766,cold_02,
train,tabular_002081,vid24,
train,tabular_001330,hot_02,
train,tabular_005799,vid24,
train,tabular_006799,cold_34,
train,tabular_007390,cold_30,
train,tabular_005848,cold_17,
train,tabular_003724,vid35,
train,tabular_000206,vid1,
train,tabular_007635,cold_20,
train,tabular_008565,vid21,
train,tabular_000899,cold_17,
train,tabular_000463,cold_11,
train,tabular_005630,vid9,
train,tabular_009019,cold_09,
train,tabular_006111,vid34,
train,tabular_003777,vid34,
train,tabular_008649,hot_17,
train,tabular_000321,vid9,
train,tabular_007255,cold_08,
train,tabular_006465,vid22,
train,tabular_000563,cold_08,
train,tabular_005544,vid32,
train,tabular_000697,cold_28,
train,tabular_003922,hot_09,
train,tabular_004461,cold_13,
train,tabular_004988,vid22,
train,tabular_006968,cold_32,
train,tabular_006383,cold_02,
train,tabular_003803,cold_14,
train,tabular_000030,vid22,
train,tabular_007683,cold_11,
train,tabular_002433,vid10,
train,tabular_001996,vid17,
train,tabular_000137,vid12,
train,tabular_008886,vid10,
train,tabular_000266,cold_12,
train,tabular_002471,vid3,
train,tabular_003288,vid28,
train,tabular_000758,vid24,
train,tabular_005525,hot_27,
train,tabular_008329,cold_06,
train,tabular_000006,vid12,
train,tabular_000607,vid8,
train,tabular_004290,vid20,
train,tabular_002926,vid20,
train,tabular_003338,cold_21,
train,tabular_004710,cold_20,
train,tabular_001279,cold_23,
train,tabular_003769,cold_05,
train,tabular_000880,cold_13,
train,tabular_007082,vid28,
train,tabular_006764,cold_20,
train,tabular_008712,hot_22,
train,tabular_006346,vid30,
train,tabular_006824,hot_16,
train,tabular_007168,hot_29,
train,tabular_000945,vid12,
train,tabular_004073,cold_18,
train,tabular_000456,cold_08,
train,tabular_007382,cold_26,
train,tabular_000543,vid17,
train,tabular_007029,cold_29,
train,tabular_006187,cold_16,
train,tabular_000793,cold_21,
train,tabular_003533,hot_23,
train,tabular_004464,cold_14,
train,tabular_005875,cold_32,
train,tabular_005790,vid17,
train,tabular_006852,hot_19,
train,tabular_004778,vid9,
train,tabular_006207,cold_28,
train,tabular_003488,vid29,
train,tabular_003891,cold_19,
train,tabular_002339,vid22,
train,tabular_004566,cold_12,
train,tabular_000341,cold_33,
train,tabular_006759,vid20,
train,tabular_009208,vid14,
train,tabular_004343,vid14,
train,tabular_005344,vid4,
train,tabular_000244,vid30,
train,tabular_000373,vid30,
train,tabular_005722,vid17,
train,tabular_001823,cold_20,
train,tabular_005336,vid30,
train,tabular_002552,vid8,
train,tabular_002669,hot_06,
train,tabular_000335,cold_30,
train,tabular_005138,hot_02,
train,tabular_003285,cold_04,
train,tabular_005623,cold_04,
train,tabular_008344,hot_13,
train,tabular_002531,vid29,
train,tabular_002064,cold_33,
train,tabular_007554,cold_19,
train,tabular_002859,vid17,
train,tabular_002603,cold_25,
train,tabular_004070,vid23,
train,tabular_001335,vid25,
train,tabular_006671,vid18,
train,tabular_001594,vid13,
train,tabular_002049,vid1,
train,tabular_002131,vid14,
train,tabular_001415,vid32,
train,tabular_007311,vid22,
train,tabular_004037,vid9,
train,tabular_009211,vid15,
train,tabular_006835,vid19,
train,tabular_008630,cold_12,
train,tabular_001348,vid32,
train,tabular_007206,cold_29,
train,tabular_005689,vid34,
train,tabular_005822,cold_02,
train,tabular_006145,vid20,
train,tabular_007984,vid35,
train,tabular_005011,vid35,
train,tabular_006071,vid16,
train,tabular_007222,cold_34,
train,tabular_005464,vid26,
train,tabular_005622,vid5,
train,tabular_001524,vid10,
train,tabular_004884,cold_33,
train,tabular_005294,vid9,
train,tabular_001188,hot_15,
train,tabular_000170,cold_14,
train,tabular_009067,hot_32,
train,tabular_003627,cold_24,
train,tabular_002792,vid7,
train,tabular_005412,hot_10,
train,tabular_000711,cold_33,
train,tabular_002547,vid5,
train,tabular_006977,cold_04,
train,tabular_007590,vid18,
train,tabular_006407,cold_14,
train,tabular_007611,vid3,
train,tabular_007530,vid26,
train,tabular_003550,hot_24,
train,tabular_002875,hot_01,
train,tabular_002303,vid4,
train,tabular_007975,cold_11,
train,tabular_001773,cold_04,
train,tabular_002491,vid9,
train,tabular_008036,vid28,
train,tabular_001625,cold_27,
train,tabular_004842,vid13,
train,tabular_006186,cold_15,
train,tabular_002376,cold_31,
train,tabular_008150,cold_28,
train,tabular_001024,vid2,
train,tabular_003159,cold_20,
train,tabular_002350,cold_20,
train,tabular_001053,vid30,
train,tabular_003133,vid27,
train,tabular_003650,vid34,
train,tabular_005801,vid26,
train,tabular_008359,vid18,
train,tabular_009200,cold_07,
train,tabular_001435,cold_04,
train,tabular_008920,cold_28,
train,tabular_008488,cold_32,
train,tabular_000380,cold_14,
train,tabular_008225,vid27,
train,tabular_004956,hot_07,
train,tabular_005564,cold_10,
train,tabular_000299,vid28,
train,tabular_008172,hot_20,
train,tabular_005995,hot_15,
train,tabular_005110,cold_34,
train,tabular_003301,cold_07,
train,tabular_005754,cold_15,
train,tabular_002736,vid10,
train,tabular_008957,cold_14,
train,tabular_007854,hot_26,
train,tabular_000388,vid9,
train,tabular_001192,vid27,
train,tabular_009184,cold_35,
train,tabular_009066,cold_20,
train,tabular_000098,cold_30,
train,tabular_002511,vid19,
train,tabular_008241,vid35,
train,tabular_003324,vid14,
train,tabular_003038,cold_08,
train,tabular_003966,hot_15,
train,tabular_003429,hot_04,
train,tabular_002637,cold_35,
train,tabular_001658,cold_05,
train,tabular_003226,vid7,
train,tabular_007343,hot_24,
train,tabular_006733,cold_06,
train,tabular_008145,vid7,
train,tabular_003259,cold_21,
train,tabular_007992,vid8,
train,tabular_004615,vid20,
train,tabular_001158,hot_08,
train,tabular_004683,hot_34,
train,tabular_004772,vid4,
train,tabular_007035,vid1,
train,tabular_005614,cold_33,
train,tabular_006668,cold_20,
train,tabular_002764,vid26,
train,tabular_005183,cold_28,
train,tabular_000813,vid19,
train,tabular_009161,vid25,
train,tabular_005967,vid3,
train,tabular_000896,vid24,
train,tabular_000190,hot_03,
train,tabular_006603,cold_30,
train,tabular_003790,vid1,
train,tabular_000031,hot_08,
train,tabular_009123,cold_13,
train,tabular_008828,vid18,
train,tabular_003557,vid29,
train,tabular_002864,vid20,
train,tabular_001518,vid7,
train,tabular_000502,vid25,
train,tabular_005468,vid28,
train,tabular_002888,cold_33,
train,tabular_009004,cold_02,
train,tabular_000123,vid4,
train,tabular_008267,cold_13,
train,tabular_001234,cold_02,
train,tabular_006001,cold_14,
train,tabular_006413,vid30,
train,tabular_000591,cold_21,
train,tabular_005960,vid27,
train,tabular_003287,vid27,
train,tabular_003260,cold_22,
train,tabular_003193,vid2,
train,tabular_004976,vid16,
train,tabular_000966,cold_01,
train,tabular_002093,vid3,
train,tabular_002156,vid28,
train,tabular_004536,vid14,
train,tabular_001786,vid11,
train,tabular_000606,vid7,
train,tabular_004992,vid24,
train,tabular_002955,cold_18,
train,tabular_004236,cold_10,
train,tabular_002089,cold_11,
train,tabular_007752,cold_02,
train,tabular_000542,cold_02,
train,tabular_007560,vid35,
train,tabular_006485,hot_03,
train,tabular_004880,cold_32,
train,tabular_007407,vid7,
train,tabular_002507,vid16,
train,tabular_006627,hot_14,
train,tabular_005335,hot_29,
train,tabular_007101,hot_19,
train,tabular_001264,vid20,
train,tabular_002666,vid6,
train,tabular_007385,hot_26,
train,tabular_000470,vid14,
train,tabular_006487,hot_04,
train,tabular_000527,vid7,
train,tabular_000736,vid11,
train,tabular_004191,cold_29,
train,tabular_001522,cold_29,
train,tabular_003544,vid26,
train,tabular_004974,vid15,
train,tabular_009216,vid19,
train,tabular_006683,cold_26,
train,tabular_005250,cold_17,
train,tabular_001549,vid20,
train,tabular_001642,cold_02,
train,tabular_002230,hot_14,
train,tabular_001314,vid17,
train,tabular_007619,cold_13,
train,tabular_007576,cold_29,
train,tabular_007372,vid21,
train,tabular_005807,vid31,
train,tabular_003299,vid35,
train,tabular_004106,cold_02,
train,tabular_005605,cold_31,
train,tabular_006640,cold_09,
train,tabular_007935,vid12,
train,tabular_007048,vid14,
train,tabular_003408,vid16,
train,tabular_001403,vid26,
train,tabular_001207,vid32,
train,tabular_008551,cold_22,
train,tabular_007174,cold_16,
train,tabular_006478,hot_01,
train,tabular_005910,vid4,
train,tabular_002233,vid35,
train,tabular_008793,vid35,
train,tabular_005568,cold_13,
train,tabular_003045,vid13,
train,tabular_003837,hot_30,
train,tabular_000767,cold_14,
train,tabular_003663,vid7,
train,tabular_005534,hot_29,
train,tabular_005905,vid34,
train,tabular_007930,vid1,
train,tabular_004506,hot_07,
train,tabular_001101,cold_11,
train,tabular_002470,vid29,
train,tabular_008471,cold_26,
train,tabular_005900,cold_11,
train,tabular_001476,hot_35,
train,tabular_003933,cold_35,
train,tabular_007448,cold_19,
train,tabular_005761,cold_17,
train,tabular_004161,cold_19,
train,tabular_000511,vid27,
train,tabular_005019,vid6,
train,tabular_005548,cold_06,
train,tabular_004697,vid31,
train,tabular_000263,vid9,
train,tabular_008664,vid5,
train,tabular_001000,hot_20,
train,tabular_000553,vid20,
train,tabular_001416,cold_31,
train,tabular_005315,hot_26,
train,tabular_003428,vid29,
train,tabular_008687,hot_20,
train,tabular_003617,vid20,
train,tabular_006663,vid14,
train,tabular_000001,cold_01,
train,tabular_006620,vid25,
train,tabular_004614,vid2,
train,tabular_003365,cold_01,
train,tabular_004317,hot_15,
train,tabular_004644,hot_30,
train,tabular_003054,cold_14,
train,tabular_006578,vid5,
train,tabular_001621,vid24,
train,tabular_003940,vid4,
train,tabular_004910,vid15,
train,tabular_000738,vid13,
train,tabular_005780,vid11,
train,tabular_001682,cold_14,
train,tabular_007797,vid14,
train,tabular_001241,cold_08,
train,tabular_001205,cold_22,
train,tabular_004803,vid22,
train,tabular_001976,vid1,
train,tabular_008177,cold_08,
train,tabular_009044,vid1,
train,tabular_003414,cold_21,
train,tabular_000165,hot_34,
train,tabular_002928,cold_08,
train,tabular_002466,cold_22,
train,tabular_005857,vid17,
train,tabular_004830,vid8,
train,tabular_001978,cold_04,
train,tabular_002278,cold_30,
train,tabular_007594,cold_02,
train,tabular_004616,cold_27,
train,tabular_006195,cold_22,
train,tabular_001943,cold_28,
train,tabular_003198,cold_32,
train,tabular_007621,vid34,
train,tabular_008366,vid21,
train,tabular_006553,cold_05,
train,tabular_006182,vid8,
train,tabular_008321,vid35,
train,tabular_001528,vid13,
train,tabular_002287,vid31,
train,tabular_006935,cold_12,
train,tabular_006976,cold_03,
train,tabular_004163,cold_20,
train,tabular_001389,vid16,
train,tabular_008065,cold_07,
train,tabular_002191,vid14,
train,tabular_007461,cold_21,
train,tabular_001393,vid19,
train,tabular_003248,cold_14,
train,tabular_001761,hot_11,
train,tabular_001422,hot_16,
train,tabular_002220,hot_11,
train,tabular_008110,cold_14,
train,tabular_004904,vid12,
train,tabular_009089,cold_31,
train,tabular_003431,vid3,
train,tabular_003974,vid16,
train,tabular_001209,vid35,
train,tabular_001459,hot_29,
train,tabular_005681,cold_24,
train,tabular_006009,hot_16,
train,tabular_004752,vid27,
train,tabular_002745,vid17,
train,tabular_007074,vid24,
train,tabular_004900,hot_34,
train,tabular_008252,cold_07,
train,tabular_008516,vid31,
train,tabular_004844,vid14,
train,tabular_004479,vid16,
train,tabular_002077,vid21,
train,tabular_006571,vid32,
train,tabular_008754,cold_30,
train,tabular_005737,vid24,
train,tabular_005407,vid31,
train,tabular_008286,vid21,
train,tabular_007118,vid10,
train,tabular_001236,cold_03,
train,tabular_005478,vid31,
train,tabular_008911,vid25,
train,tabular_000749,vid2,
train,tabular_007641,vid11,
train,tabular_006444,vid12,
train,tabular_003192,cold_30,
train,tabular_001030,cold_25,
train,tabular_001805,hot_20,
train,tabular_000065,hot_15,
train,tabular_002326,vid16,
train,tabular_004149,vid22,
train,tabular_004847,vid16,
train,tabular_005573,cold_17,
train,tabular_003026,cold_03,
train,tabular_008585,vid32,
train,tabular_008696,cold_03,
train,tabular_007066,vid20,
train,tabular_001133,vid8,
train,tabular_002111,hot_29,
train,tabular_003117,cold_32,
train,tabular_002061,vid17,
train,tabular_008974,cold_22,
train,tabular_000708,vid29,
train,tabular_005498,vid8,
train,tabular_000189,hot_02,
train,tabular_005964,cold_01,
train,tabular_005012,cold_33,
train,tabular_002246,vid10,
train,tabular_006927,vid35,
train,tabular_003033,vid8,
train,tabular_002741,vid13,
train,tabular_009147,cold_22,
train,tabular_007265,cold_13,
train,tabular_006793,hot_08,
train,tabular_003005,vid22,
train,tabular_007463,vid29,
train,tabular_002772,vid30,
train,tabular_003660,cold_04,
train,tabular_006986,cold_08,
train,tabular_004441,vid30,
train,tabular_007011,cold_17,
train,tabular_001090,vid2,
train,tabular_003732,vid8,
train,tabular_008943,vid5,
train,tabular_001252,cold_12,
train,tabular_002021,vid29,
train,tabular_005802,vid27,
train,tabular_000198,cold_26,
train,tabular_000826,vid23,
train,tabular_003504,cold_07,
train,tabular_005145,cold_15,
train,tabular_007444,cold_17,
train,tabular_004612,cold_26,
train,tabular_001980,hot_08,
train,tabular_007574,vid1,
train,tabular_004892,cold_02,
train,tabular_004835,vid10,
train,tabular_006564,cold_11,
train,tabular_004296,vid23,
train,tabular_006397,cold_07,
train,tabular_003398,vid11,
train,tabular_006776,vid26,
train,tabular_002414,cold_06,
train,tabular_006534,cold_33,
train,tabular_008401,cold_02,
train,tabular_005074,vid34,
train,tabular_007873,hot_28,
train,tabular_001095,cold_08,
train,tabular_003448,cold_30,
train,tabular_005931,cold_25,
train,tabular_001312,vid16,
train,tabular_001909,cold_13,
train,tabular_006158,hot_28,
train,tabular_002554,cold_09,
train,tabular_001668,vid16,
train,tabular_006023,vid23,
train,tabular_003876,hot_01,
train,tabular_008844,vid26,
train,tabular_005654,cold_15,
train,tabular_007965,vid23,
train,tabular_001828,vid30,
train,tabular_006472,vid26,
train,tabular_003293,cold_06,
train,tabular_003116,vid2,
train,tabular_002109,vid5,
train,tabular_005829,cold_05,
train,tabular_004096,cold_28,
train,tabular_003659,vid5,
train,tabular_007287,cold_22,
train,tabular_007807,cold_20,
train,tabular_007646,cold_25,
train,tabular_007809,cold_22,
train,tabular_000799,vid11,
train,tabular_007003,cold_15,
train,tabular_007580,vid13,
train,tabular_002211,vid23,
train,tabular_004896,vid7,
train,tabular_000119,vid34,
train,tabular_004528,cold_35,
train,tabular_005502,cold_29,
train,tabular_000651,vid35,
train,tabular_005969,vid30,
train,tabular_007952,cold_02,
train,tabular_004090,cold_25,
train,tabular_005239,cold_13,
train,tabular_000876,cold_12,
train,tabular_004949,vid8,
train,tabular_008756,cold_31,
train,tabular_001691,cold_17,
train,tabular_002562,cold_13,
train,tabular_008582,vid30,
train,tabular_009103,cold_04,
train,tabular_008839,vid23,
train,tabular_003855,vid7,
train,tabular_005382,vid2,
train,tabular_004047,cold_10,
train,tabular_000465,vid10,
train,tabular_001916,hot_01,
train,tabular_005895,cold_08,
train,tabular_004788,vid16,
train,tabular_005767,vid7,
train,tabular_002693,hot_09,
train,tabular_004174,vid32,
train,tabular_000247,vid34,
train,tabular_008186,cold_13,
train,tabular_002056,vid13,
train,tabular_003024,vid35,
train,tabular_002690,hot_08,
train,tabular_001110,cold_16,
train,tabular_003225,cold_06,
train,tabular_004890,vid4,
train,tabular_008497,vid23,
train,tabular_003810,cold_17,
train,tabular_001463,hot_30,
train,tabular_006361,vid7,
train,tabular_007749,hot_09,
train,tabular_007682,vid24,
train,tabular_005403,cold_28,
train,tabular_009052,vid13,
train,tabular_004387,vid5,
train,tabular_005970,cold_03,
train,tabular_001361,hot_07,
train,tabular_003337,cold_20,
train,tabular_001824,vid28,
train,tabular_002119,cold_20,
train,tabular_007258,vid32,
train,tabular_002085,cold_08,
train,tabular_002155,vid27,
train,tabular_004309,cold_33,
train,tabular_002251,cold_20,
train,tabular_004895,vid6,
train,tabular_005873,vid23,
train,tabular_003623,cold_22,
train,tabular_000860,vid10,
train,tabular_008748,cold_28,
train,tabular_007192,vid8,
train,tabular_005358,vid9,
train,tabular_008861,cold_02,
train,tabular_007107,cold_21,
train,tabular_004371,vid28,
train,tabular_007953,hot_04,
train,tabular_007207,vid12,
train,tabular_005513,cold_33,
train,tabular_006375,vid16,
train,tabular_007597,vid22,
train,tabular_005303,cold_34,
train,tabular_007020,vid4,
train,tabular_005258,cold_18,
train,tabular_001635,cold_33,
train,tabular_008893,cold_16,
train,tabular_008324,cold_04,
train,tabular_000158,cold_10,
train,tabular_004424,vid23,
train,tabular_005279,cold_27,
train,tabular_008061,vid14,
train,tabular_005845,vid14,
train,tabular_006168,vid34,
train,tabular_000897,vid25,
train,tabular_004573,cold_15,
train,tabular_009141,cold_20,
train,tabular_002151,vid25,
train,tabular_003842,hot_32,
train,tabular_005389,vid22,
train,tabular_005127,vid23,
train,tabular_003960,cold_14,
train,tabular_008921,hot_05,
train,tabular_003745,cold_34,
train,tabular_002620,vid1,
train,tabular_008777,vid26,
train,tabular_006770,cold_26,
train,tabular_003677,vid15,
train,tabular_001324,cold_02,
train,tabular_001796,hot_18,
train,tabular_003865,vid11,
train,tabular_002664,cold_09,
train,tabular_004114,vid9,
train,tabular_000118,cold_32,
train,tabular_004338,vid11,
train,tabular_004408,cold_29,
train,tabular_006889,vid17,
train,tabular_004110,vid7,
train,tabular_001161,vid15,
train,tabular_000027,vid20,
train,tabular_004372,vid29,
train,tabular_008709,cold_09,
train,tabular_006514,vid9,
train,tabular_008965,vid12,
train,tabular_006691,vid23,
train,tabular_008256,vid9,
train,tabular_006242,cold_16,
train,tabular_000533,vid12,
train,tabular_007593,vid2,
train,tabular_006219,cold_02,
train,tabular_006568,vid31,
train,tabular_006530,hot_08,
train,tabular_002661,vid34,
train,tabular_006138,hot_26,
train,tabular_003813,cold_18,
train,tabular_003020,vid30,
train,tabular_007967,vid25,
train,tabular_001906,vid6,
train,tabular_007939,cold_31,
train,tabular_002958,vid32,
train,tabular_007152,vid2,
train,tabular_004966,hot_09,
train,tabular_008890,vid13,
train,tabular_009047,hot_28,
train,tabular_000324,cold_25,
train,tabular_005009,vid34,
train,tabular_002635,vid2,
train,tabular_009139,vid13,
train,tabular_006306,hot_11,
train,tabular_000010,vid15,
train,tabular_005282,vid34,
train,tabular_001250,vid15,
train,tabular_009154,cold_24,
train,tabular_008560,cold_26,
train,tabular_002689,cold_13,
train,tabular_001835,vid35,
train,tabular_005296,vid10,
train,tabular_007779,cold_08,
train,tabular_004797,cold_15,
train,tabular_007517,hot_17,
train,tabular_006602,vid16,
train,tabular_002419,hot_04,
train,tabular_002001,cold_12,
train,tabular_001345,cold_08,
train,tabular_008802,hot_27,
train,tabular_004133,hot_11,
train,tabular_002999,cold_34,
train,tabular_002938,vid25,
train,tabular_006220,vid19,
train,tabular_004120,vid10,
train,tabular_005345,cold_09,
train,tabular_003988,cold_23,
train,tabular_004027,vid35,
train,tabular_000383,vid5,
train,tabular_007432,vid16,
train,tabular_003761,cold_03,
train,tabular_007944,cold_34,
train,tabular_005899,cold_10,
train,tabular_007077,vid26,
train,tabular_001821,hot_24,
train,tabular_007181,cold_19,
train,tabular_000610,vid10,
train,tabular_008816,vid12,
train,tabular_003383,vid4,
train,tabular_007237,vid24,
train,tabular_003336,hot_29,
train,tabular_008867,cold_05,
train,tabular_003535,vid20,
train,tabular_006259,cold_24,
train,tabular_009075,hot_34,
train,tabular_003452,hot_08,
train,tabular_003514,vid12,
train,tabular_008573,vid26,
train,tabular_002937,hot_13,
train,tabular_006994,cold_11,
train,tabular_000512,vid28,
train,tabular_006958,hot_29,
train,tabular_004512,vid32,
train,tabular_001458,cold_09,
train,tabular_007586,cold_33,
train,tabular_006253,vid30,
train,tabular_000910,cold_20,
train,tabular_004477,cold_22,
train,tabular_002198,vid16,
train,tabular_008993,cold_32,
train,tabular_000242,cold_02,
train,tabular_008129,cold_18,
train,tabular_006632,cold_07,
train,tabular_006957,cold_25,
train,tabular_005490,hot_21,
train,tabular_005062,hot_31,
train,tabular_004180,hot_22,
train,tabular_000599,vid5,
train,tabular_006476,cold_07,
train,tabular_000692,cold_26,
train,tabular_003235,vid10,
train,tabular_003719,vid32,
train,tabular_003080,vid35,
train,tabular_001356,vid34,
train,tabular_000178,vid3,
train,tabular_001437,hot_20,
train,tabular_008522,hot_32,
train,tabular_004937,cold_14,
train,tabular_004748,cold_01,
train,tabular_006777,vid27,
train,tabular_004105,vid4,
train,tabular_008000,cold_18,
train,tabular_003748,vid17,
train,tabular_004609,vid18,
train,tabular_001083,cold_05,
train,tabular_003633,vid26,
train,tabular_005952,vid22,
train,tabular_001926,hot_03,
train,tabular_006060,vid7,
train,tabular_000289,vid21,
train,tabular_006139,vid2,
train,tabular_005328,vid28,
train,tabular_007064,hot_10,
train,tabular_007040,cold_34,
train,tabular_008850,vid29,
train,tabular_006912,vid28,
train,tabular_002732,cold_25,
train,tabular_005695,cold_32,
train,tabular_000953,vid19,
train,tabular_003991,cold_26,
train,tabular_004600,vid12,
train,tabular_000349,vid2,
train,tabular_008716,vid29,
train,tabular_004148,vid21,
train,tabular_004490,vid20,
train,tabular_008507,cold_04,
train,tabular_006692,vid24,
train,tabular_003521,hot_20,
train,tabular_009219,cold_12,
train,tabular_001385,vid14,
train,tabular_001861,vid15,
train,tabular_000215,cold_32,
train,tabular_006018,vid20,
train,tabular_005494,cold_27,
train,tabular_006246,cold_18,
train,tabular_008041,cold_02,
train,tabular_001888,hot_34,
train,tabular_005200,cold_01,
train,tabular_000577,hot_25,
train,tabular_007205,hot_34,
train,tabular_008805,vid8,
train,tabular_001226,cold_30,
train,tabular_008270,cold_14,
train,tabular_006221,vid2,
train,tabular_004108,vid5,
train,tabular_008320,vid34,
train,tabular_007508,cold_32,
train,tabular_000316,cold_24,
train,tabular_007017,cold_21,
train,tabular_007270,vid6,
train,tabular_001986,cold_07,
train,tabular_004303,cold_29,
train,tabular_007566,cold_26,
train,tabular_001842,vid8,
train,tabular_001047,vid28,
train,tabular_005095,cold_22,
train,tabular_000673,cold_20,
train,tabular_007898,vid24,
train,tabular_001070,vid1,
train,tabular_002042,vid6,
train,tabular_002530,cold_03,
train,tabular_001977,hot_07,
train,tabular_005837,vid12,
train,tabular_001853,cold_28,
train,tabular_006547,vid25,
train,tabular_000128,vid8,
train,tabular_007802,cold_17,
train,tabular_008178,hot_21,
train,tabular_002017,hot_14,
train,tabular_007578,vid11,
train,tabular_004219,cold_03,
train,tabular_005034,vid12,
train,tabular_009201,vid10,
train,tabular_003439,cold_27,
train,tabular_005864,vid20,
train,tabular_006758,vid2,
train,tabular_002218,vid29,
train,tabular_007467,hot_04,
train,tabular_006143,cold_01,
train,tabular_004978,hot_14,
train,tabular_006618,vid24,
train,tabular_008066,vid16,
train,tabular_008751,vid15,
train,tabular_002134,cold_23,
train,tabular_003208,vid27,
train,tabular_005784,hot_28,
train,tabular_006271,cold_32,
train,tabular_004357,cold_11,
train,tabular_000078,vid12,
train,tabular_005677,cold_21,
train,tabular_009056,cold_15,
train,tabular_007889,hot_30,
train,tabular_005079,hot_33,
train,tabular_005419,cold_34,
train,tabular_008897,vid17,
train,tabular_007297,cold_28,
train,tabular_007943,cold_33,
train,tabular_004327,cold_04,
train,tabular_000481,vid18,
train,tabular_005742,hot_20,
train,tabular_001472,vid20,
train,tabular_002165,cold_32,
train,tabular_006022,vid22,
train,tabular_007014,hot_35,
train,tabular_004968,vid14,
train,tabular_008259,vid1,
train,tabular_008099,vid10,
train,tabular_007391,cold_31,
train,tabular_008147,hot_17,
train,tabular_003134,cold_05,
train,tabular_000363,vid23,
train,tabular_006721,vid9,
train,tabular_005411,cold_31,
train,tabular_008684,vid18,
train,tabular_008089,vid32,
train,tabular_005191,vid20,
train,tabular_008234,hot_35,
train,tabular_006695,cold_30,
train,tabular_007875,vid15,
train,tabular_008782,cold_10,
train,tabular_005941,cold_28,
train,tabular_001875,cold_05,
train,tabular_009028,hot_21,
train,tabular_001542,cold_01,
train,tabular_006749,vid19,
train,tabular_003387,vid5,
train,tabular_001343,cold_07,
train,tabular_004156,hot_17,
train,tabular_003164,hot_07,
train,tabular_003217,vid30,
train,tabular_005292,vid7,
train,tabular_008261,vid10,
train,tabular_002269,cold_27,
train,tabular_001688,vid27,
train,tabular_001102,cold_12,
train,tabular_008823,cold_24,
train,tabular_004484,vid19,
train,tabular_008983,cold_25,
train,tabular_002174,hot_05,
train,tabular_004279,vid15,
train,tabular_000689,vid19,
train,tabular_008430,cold_14,
train,tabular_003189,cold_28,
train,tabular_007435,cold_12,
train,tabular_002767,cold_05,
train,tabular_003420,cold_23,
train,tabular_007354,cold_12,
train,tabular_006937,cold_14,
train,tabular_008775,cold_06,
train,tabular_001288,vid32,
train,tabular_004747,cold_35,
train,tabular_007865,cold_08,
train,tabular_004680,cold_14,
train,tabular_001478,cold_14,
train,tabular_002123,cold_21,
train,tabular_003598,cold_14,
train,tabular_006196,cold_23,
train,tabular_008435,vid22,
train,tabular_007671,cold_03,
train,tabular_001109,cold_15,
train,tabular_009172,hot_12,
train,tabular_000808,vid16,
train,tabular_008827,vid17,
train,tabular_000134,vid10,
train,tabular_004628,vid27,
train,tabular_005096,cold_23,
train,tabular_003969,cold_18,
train,tabular_004402,vid13,
train,tabular_002865,vid21,
train,tabular_008296,cold_27,
train,tabular_009204,hot_17,
train,tabular_003202,vid24,
train,tabular_002392,cold_02,
train,tabular_001752,cold_34,
train,tabular_009079,vid22,
train,tabular_000927,cold_27,
train,tabular_008312,cold_35,
train,tabular_000016,hot_04,
train,tabular_002072,cold_02,
train,tabular_004238,cold_12,
train,tabular_008625,vid21,
train,tabular_007840,cold_01,
train,tabular_006555,hot_09,
train,tabular_008463,cold_22,
train,tabular_008973,hot_11,
train,tabular_008365,cold_23,
train,tabular_003018,vid29,
train,tabular_000195,vid6,
train,tabular_001654,vid8,
train,tabular_005451,cold_10,
train,tabular_007745,cold_35,
train,tabular_008085,vid29,
train,tabular_003530,cold_15,
train,tabular_001527,vid12,
train,tabular_008381,cold_30,
train,tabular_006702,hot_27,
train,tabular_006665,cold_19,
train,tabular_004589,cold_19,
train,tabular_002401,vid26,
train,tabular_003505,vid9,
train,tabular_003916,cold_29,
train,tabular_004195,cold_32,
train,tabular_005122,vid2,
train,tabular_004986,vid21,
train,tabular_002890,vid31,
train,tabular_003575,cold_01,
train,tabular_005920,vid9,
train,tabular_003937,vid34,
train,tabular_000454,vid5,
train,tabular_003139,cold_09,
train,tabular_002286,cold_34,
train,tabular_001462,vid17,
train,tabular_008791,hot_26,
train,tabular_003774,cold_07,
train,tabular_008594,vid5,
train,tabular_008137,cold_21,
train,tabular_006879,cold_28,
train,tabular_000562,vid23,
train,tabular_002101,cold_15,
train,tabular_006839,vid21,
train,tabular_000561,hot_22,
train,tabular_008819,vid13,
train,tabular_003586,cold_07,
train,tabular_003684,cold_12,
train,tabular_001487,cold_19,
train,tabular_005444,hot_14,
train,tabular_000251,cold_05,
train,tabular_001365,cold_17,
train,tabular_005109,vid15,
train,tabular_004419,vid21,
train,tabular_006427,hot_27,
train,tabular_008873,vid5,
train,tabular_006659,cold_16,
train,tabular_001075,hot_02,
train,tabular_008054,vid9,
train,tabular_002805,vid12,
train,tabular_003887,cold_16,
train,tabular_004019,hot_29,
train,tabular_004197,vid10,
train,tabular_001739,cold_30,
train,tabular_007025,cold_26,
train,tabular_008963,vid10,
train,tabular_003735,cold_30,
train,tabular_006649,cold_12,
train,tabular_003389,vid6,
train,tabular_005536,cold_01,
train,tabular_002582,cold_20,
train,tabular_002739,vid11,
train,tabular_005728,vid2,
train,tabular_001647,vid32,
train,tabular_006510,vid6,
train,tabular_006359,vid5,
train,tabular_007053,hot_07,
train,tabular_006157,vid28,
train,tabular_000635,cold_04,
train,tabular_005166,cold_22,
train,tabular_000449,vid35,
train,tabular_002919,vid17,
train,tabular_005496,vid7,
train,tabular_002243,vid1,
train,tabular_001027,hot_28,
train,tabular_005170,cold_24,
train,tabular_008783,vid28,
train,tabular_003222,vid4,
train,tabular_007883,cold_13,
train,tabular_009158,cold_25,
train,tabular_005035,vid13,
train,tabular_002971,cold_24,
train,tabular_001097,cold_10,
train,tabular_005625,vid6,
train,tabular_002405,vid29,
train,tabular_004632,vid29,
train,tabular_001530,hot_11,
train,tabular_004548,vid20,
train,tabular_009058,vid16,
train,tabular_004575,vid3,
train,tabular_006712,hot_30,
train,tabular_000836,vid30,
train,tabular_009209,cold_09,
train,tabular_005489,cold_26,
train,tabular_002294,vid32,
train,tabular_002361,vid4,
train,tabular_001177,vid22,
train,tabular_004291,vid21,
train,tabular_004893,vid5,
train,tabular_004507,vid28,
train,tabular_007833,hot_21,
train,tabular_003721,cold_26,
train,tabular_002250,vid14,
train,tabular_007109,vid5,
train,tabular_000096,cold_28,
train,tabular_007568,vid6,
train,tabular_003796,vid12,
train,tabular_001011,hot_24,
train,tabular_003562,cold_32,
train,tabular_002086,cold_09,
train,tabular_000999,vid10,
train,tabular_007462,vid28,
train,tabular_008039,vid3,
train,tabular_007909,cold_21,
train,tabular_001300,vid8,
train,tabular_009231,cold_17,
train,tabular_007942,vid16,
train,tabular_002647,cold_05,
train,tabular_008021,cold_30,
train,tabular_004805,vid24,
train,tabular_003879,vid13,
train,tabular_006624,cold_04,
train,tabular_008341,cold_10,
train,tabular_005357,vid8,
train,tabular_005975,vid34,
train,tabular_006676,vid20,
train,tabular_002459,vid23,
train,tabular_006028,cold_25,
train,tabular_003526,vid18,
train,tabular_001710,vid6,
train,tabular_006591,vid11,
train,tabular_006650,vid9,
train,tabular_001262,vid19,
train,tabular_001281,cold_24,
train,tabular_009215,vid18,
train,tabular_003812,vid21,
train,tabular_004101,cold_33,
train,tabular_008477,cold_28,
train,tabular_003512,vid11,
train,tabular_004100,cold_32,
train,tabular_006294,cold_08,
train,tabular_005438,vid15,
train,tabular_001009,hot_22,
train,tabular_006135,vid17,
train,tabular_004629,hot_25,
train,tabular_006086,hot_21,
train,tabular_006152,hot_27,
train,tabular_005617,cold_35,
train,tabular_005615,cold_34,
train,tabular_007167,hot_28,
train,tabular_003454,vid1,
train,tabular_007736,cold_29,
train,tabular_001629,cold_29,
train,tabular_000559,vid21,
train,tabular_005771,cold_22,
train,tabular_007884,vid2,
train,tabular_008523,vid35,
train,tabular_005679,cold_23,
train,tabular_006709,cold_32,
train,tabular_004186,hot_24,
train,tabular_007861,hot_27,
train,tabular_004675,vid18,
train,tabular_008916,vid27,
train,tabular_006092,hot_23,
train,tabular_002094,cold_13,
train,tabular_006765,cold_21,
train,tabular_005126,vid22,
train,tabular_005772,vid8,
train,tabular_007901,vid26,
train,tabular_007250,vid29,
train,tabular_001412,hot_14,
train,tabular_007747,vid19,
train,tabular_008491,cold_35,
train,tabular_004095,cold_27,
train,tabular_004469,vid13,
train,tabular_005281,vid32,
train,tabular_002264,cold_25,
train,tabular_009134,cold_18,
train,tabular_003958,hot_14,
train,tabular_004610,cold_25,
train,tabular_005851,cold_20,
train,tabular_001149,vid10,
train,tabular_008042,cold_03,
train,tabular_002356,cold_24,
train,tabular_002417,vid35,
train,tabular_003030,cold_04,
train,tabular_001243,hot_24,
train,tabular_001233,cold_01,
train,tabular_007596,vid21,
train,tabular_002524,hot_22,
train,tabular_002578,cold_19,
train,tabular_000988,cold_08,
train,tabular_002528,cold_02,
train,tabular_008990,cold_29,
train,tabular_006944,hot_27,
train,tabular_003541,cold_19,
train,tabular_005748,hot_22,
train,tabular_008514,cold_08,
train,tabular_008912,vid26,
train,tabular_003153,vid35,
train,tabular_001940,cold_25,
train,tabular_000151,vid20,
train,tabular_005660,hot_08,
train,tabular_005173,vid12,
train,tabular_003519,hot_18,
train,tabular_003001,vid19,
train,tabular_006335,cold_20,
train,tabular_005246,vid16,
train,tabular_005058,hot_30,
train,tabular_004098,cold_30,
train,tabular_005928,vid13,
train,tabular_003092,cold_20,
train,tabular_007193,vid9,
train,tabular_000099,hot_19,
train,tabular_000015,cold_04,
train,tabular_006499,cold_19,
train,tabular_004468,cold_17,
train,tabular_003453,cold_32,
train,tabular_000686,vid16,
train,tabular_004995,vid26,
train,tabular_003393,vid9,
train,tabular_009061,cold_18,
train,tabular_000816,hot_18,
train,tabular_002633,vid19,
train,tabular_002771,cold_07,
train,tabular_008865,vid4,
train,tabular_008564,vid20,
train,tabular_006821,vid14,
train,tabular_001702,vid31,
train,tabular_004204,vid14,
train,tabular_007371,vid20,
train,tabular_003284,cold_03,
train,tabular_000723,hot_03,
train,tabular_003675,cold_08,
train,tabular_000993,cold_12,
train,tabular_001950,vid25,
train,tabular_003421,vid23,
train,tabular_004373,vid3,
train,tabular_002998,vid18,
train,tabular_007150,cold_09,
train,tabular_003511,vid10,
train,tabular_004858,cold_28,
train,tabular_007720,hot_04,
train,tabular_009137,vid12,
train,tabular_006076,vid19,
train,tabular_005894,cold_07,
train,tabular_007102,cold_19,
train,tabular_007275,vid8,
train,tabular_005597,cold_28,
train,tabular_003687,vid19,
train,tabular_004676,cold_13,
train,tabular_001778,cold_05,
train,tabular_006046,vid32,
train,tabular_008474,hot_27,
train,tabular_009128,vid7,
train,tabular_004944,vid35,
train,tabular_005675,vid29,
train,tabular_004673,vid17,
train,tabular_005958,vid25,
train,tabular_001938,cold_24,
train,tabular_006281,hot_04,
train,tabular_006119,vid7,
train,tabular_005230,vid9,
train,tabular_002137,cold_24,
train,tabular_003749,cold_35,
train,tabular_007936,cold_30,
train,tabular_001891,cold_07,
train,tabular_004438,vid29,
train,tabular_002231,vid34,
train,tabular_003946,cold_06,
train,tabular_005584,cold_23,
train,tabular_001105,cold_13,
train,tabular_002048,cold_29,
train,tabular_007019,hot_01,
train,tabular_000912,vid31,
train,tabular_008133,vid34,
train,tabular_006029,vid27,
train,tabular_001285,cold_26,
train,tabular_001551,vid21,
train,tabular_003507,cold_09,
train,tabular_007495,vid14,
train,tabular_003188,vid19,
train,tabular_006651,vid1,
train,tabular_005167,cold_23,
train,tabular_005266,hot_19,
train,tabular_000667,cold_17,
train,tabular_008830,cold_27,
train,tabular_004833,hot_17,
train,tabular_004060,vid17,
train,tabular_008045,vid32,
train,tabular_005064,vid3,
train,tabular_005449,vid20,
train,tabular_004376,vid30,
train,tabular_005405,cold_29,
train,tabular_007744,cold_34,
train,tabular_005367,vid13,
train,tabular_007296,vid16,
train,tabular_002882,vid28,
train,tabular_006130,vid13,
train,tabular_000917,cold_23,
train,tabular_004591,cold_21,
train,tabular_001282,vid3,
train,tabular_002545,cold_08,
train,tabular_002800,hot_23,
train,tabular_005904,cold_13,
train,tabular_003948,cold_07,
train,tabular_003984,hot_20,
train,tabular_008788,vid32,
train,tabular_005705,cold_01,
train,tabular_006848,vid26,
train,tabular_002756,cold_01,
train,tabular_000525,vid5,
train,tabular_007405,vid6,
train,tabular_006101,cold_19,
train,tabular_009236,vid26,
train,tabular_000906,cold_18,
train,tabular_005923,cold_21,
train,tabular_007640,cold_22,
train,tabular_009092,hot_02,
train,tabular_001666,cold_09,
train,tabular_005398,cold_25,
train,tabular_006308,vid16,
train,tabular_004031,hot_34,
train,tabular_007069,vid21,
train,tabular_000106,hot_23,
train,tabular_002872,vid24,
train,tabular_000444,vid30,
train,tabular_006961,cold_28,
train,tabular_009119,cold_10,
train,tabular_003509,cold_10,
train,tabular_001199,cold_20,
train,tabular_000637,cold_06,
train,tabular_001746,cold_33,
train,tabular_002207,cold_11,
train,tabular_007564,cold_24,
train,tabular_001862,vid16,
train,tabular_007947,cold_35,
train,tabular_000941,cold_34,
train,tabular_000776,vid31,
train,tabular_005740,vid26,
train,tabular_008238,vid31,
train,tabular_009048,vid11,
train,tabular_005868,cold_28,
train,tabular_008364,vid20,
train,tabular_002153,cold_30,
train,tabular_007251,vid3,
train,tabular_008485,cold_30,
train,tabular_005933,hot_06,
train,tabular_000507,cold_29,
train,tabular_001350,hot_03,
train,tabular_003442,vid5,
train,tabular_000325,vid10,
train,tabular_005841,cold_13,
train,tabular_001293,cold_28,
train,tabular_005971,cold_04,
train,tabular_008547,vid13,
train,tabular_003543,vid25,
train,tabular_007262,vid35,
train,tabular_007054,vid16,
train,tabular_008343,cold_12,
train,tabular_006878,vid10,
train,tabular_003817,vid23,
train,tabular_007441,cold_15,
train,tabular_005852,cold_21,
train,tabular_002225,vid31,
train,tabular_007727,cold_23,
train,tabular_006570,cold_15,
train,tabular_003903,vid20,
train,tabular_005360,cold_16,
train,tabular_002786,vid35,
train,tabular_000058,hot_13,
train,tabular_001867,hot_29,
train,tabular_000680,hot_33,
train,tabular_000835,hot_22,
train,tabular_001651,vid5,
train,tabular_004822,cold_20,
train,tabular_003362,cold_34,
train,tabular_006577,vid4,
train,tabular_001079,vid12,
train,tabular_007406,cold_35,
train,tabular_007137,vid15,
train,tabular_001045,cold_30,
train,tabular_004299,cold_27,
train,tabular_000755,vid22,
train,tabular_005567,cold_12,
train,tabular_002097,hot_25,
train,tabular_007544,cold_14,
train,tabular_004550,hot_15,
train,tabular_004538,hot_11,
train,tabular_003064,hot_34,
train,tabular_002115,vid7,
train,tabular_003279,vid24,
train,tabular_008670,cold_29,
train,tabular_008438,vid24,
train,tabular_000924,vid6,
train,tabular_004879,vid30,
train,tabular_005422,vid6,
train,tabular_002747,vid18,
train,tabular_005278,cold_26,
train,tabular_002921,hot_10,
train,tabular_002843,vid6,
train,tabular_001189,hot_16,
train,tabular_007950,hot_03,
train,tabular_002261,vid2,
train,tabular_008122,vid28,
train,tabular_008395,hot_18,
train,tabular_003888,cold_17,
train,tabular_008360,cold_21,
train,tabular_006015,cold_22,
train,tabular_005946,hot_09,
train,tabular_006869,cold_25,
train,tabular_004451,vid5,
train,tabular_005945,vid2,
train,tabular_002063,cold_32,
train,tabular_008495,vid22,
train,tabular_001865,vid18,
train,tabular_001507,hot_07,
train,tabular_004661,vid11,
train,tabular_006933,vid8,
train,tabular_000280,vid18,
train,tabular_005455,cold_13,
train,tabular_005196,vid22,
train,tabular_004543,vid17,
train,tabular_006881,cold_29,
train,tabular_005797,cold_30,
train,tabular_002047,vid9,
train,tabular_007438,cold_14,
train,tabular_004190,cold_28,
train,tabular_004953,hot_06,
train,tabular_003906,cold_25,
train,tabular_001219,vid8,
train,tabular_008658,cold_24,
train,tabular_008314,cold_01,
train,tabular_001901,vid5,
train,tabular_004388,cold_21,
train,tabular_005947,cold_29,
train,tabular_002686,vid2,
train,tabular_002431,vid1,
train,tabular_001496,cold_24,
train,tabular_005212,vid30,
train,tabular_003187,vid18,
train,tabular_002473,vid31,
train,tabular_004263,cold_17,
train,tabular_006810,vid9,
train,tabular_007195,cold_23,
train,tabular_005396,vid26,
train,tabular_001707,vid4,
train,tabular_007089,cold_16,
train,tabular_007919,vid5,
train,tabular_005413,vid34,
train,tabular_005504,cold_30,
train,tabular_007199,cold_26,
train,tabular_006788,cold_30,
train,tabular_006352,vid34,
train,tabular_002396,vid22,
train,tabular_008723,cold_16,
train,tabular_000971,cold_02,
train,tabular_000839,vid34,
train,tabular_009038,hot_25,
train,tabular_001585,cold_12,
train,tabular_007292,cold_25,
train,tabular_002325,hot_30,
train,tabular_003714,cold_24,
train,tabular_000311,vid4,
train,tabular_000076,vid11,
train,tabular_002960,vid35,
train,tabular_000368,vid27,
train,tabular_000441,hot_02,
train,tabular_001595,hot_22,
train,tabular_001847,cold_27,
train,tabular_007142,cold_03,
train,tabular_000276,cold_14,
train,tabular_002628,vid15,
train,tabular_008088,vid31,
train,tabular_006098,cold_17,
train,tabular_003566,vid32,
train,tabular_008073,cold_09,
train,tabular_002341,cold_18,
train,tabular_004998,hot_18,
train,tabular_008901,cold_20,
train,tabular_005962,vid28,
train,tabular_004664,vid13,
train,tabular_000305,vid31,
train,tabular_002335,vid2,
train,tabular_003438,vid35,
train,tabular_005065,cold_11,
train,tabular_004587,vid6,
train,tabular_000059,vid35,
train,tabular_005656,cold_16,
train,tabular_003006,hot_26,
train,tabular_004335,hot_19,
train,tabular_001740,vid21,
train,tabular_009162,vid26,
train,tabular_004245,vid30,
train,tabular_008589,cold_34,
train,tabular_001248,hot_25,
train,tabular_007603,vid25,
train,tabular_008297,cold_28,
train,tabular_008332,cold_08,
train,tabular_006931,vid6,
train,tabular_002053,vid11,
train,tabular_005347,vid5,
train,tabular_001751,hot_09,
train,tabular_002445,vid15,
train,tabular_001486,cold_18,
train,tabular_002947,vid28,
train,tabular_005701,vid9,
train,tabular_004382,cold_18,
train,tabular_001106,vid27,
train,tabular_007678,cold_07,
train,tabular_001155,vid13,
train,tabular_004975,hot_13,
train,tabular_001372,vid9,
train,tabular_003753,vid2,
train,tabular_007394,vid3,
train,tabular_000225,cold_35,
train,tabular_005683,cold_26,
train,tabular_008868,hot_02,
train,tabular_005718,vid16,
train,tabular_003031,cold_05,
train,tabular_004639,cold_01,
train,tabular_008647,hot_16,
train,tabular_007358,cold_14,
train,tabular_004736,vid2,
train,tabular_003430,cold_25,
train,tabular_006353,vid35,
train,tabular_008671,vid9,
train,tabular_000885,hot_33,
train,tabular_008200,cold_24,
train,tabular_003154,vid4,
train,tabular_003036,hot_30,
train,tabular_005270,cold_23,
train,tabular_007009,vid32,
train,tabular_008023,cold_31,
train,tabular_001347,cold_09,
train,tabular_008524,vid4,
train,tabular_004000,vid23,
train,tabular_001048,vid29,
train,tabular_009194,cold_04,
train,tabular_007681,cold_10,
train,tabular_007886,vid20,
train,tabular_000862,cold_04,
train,tabular_000780,vid34,
train,tabular_001460,vid16,
train,tabular_006280,cold_01,
train,tabular_000485,cold_20,
train,tabular_002409,hot_03,
train,tabular_003972,hot_16,
train,tabular_006735,vid13,
train,tabular_007356,cold_13,
train,tabular_004674,cold_12,
train,tabular_000698,cold_29,
train,tabular_006136,vid18,
train,tabular_000391,cold_17,
train,tabular_003794,vid11,
train,tabular_001202,cold_21,
train,tabular_008280,vid19,
train,tabular_000573,vid29,
train,tabular_007097,vid32,
train,tabular_003814,cold_19,
train,tabular_001193,vid28,
train,tabular_008972,hot_10,
train,tabular_001286,vid30,
train,tabular_007555,cold_20,
train,tabular_002979,hot_20,
train,tabular_001971,cold_02,
train,tabular_004740,cold_33,
train,tabular_006667,hot_19,
train,tabular_003921,vid28,
train,tabular_000372,vid3,
train,tabular_000893,hot_01,
train,tabular_005546,cold_05,
train,tabular_007141,vid17,
train,tabular_003678,hot_08,
train,tabular_008622,vid2,
train,tabular_002836,hot_28,
train,tabular_003352,vid24,
train,tabular_005437,cold_05,
train,tabular_000112,hot_25,
train,tabular_002991,cold_30,
train,tabular_006551,vid28,
train,tabular_008809,cold_19,
train,tabular_000574,cold_11,
train,tabular_006586,cold_22,
train,tabular_006688,hot_25,
train,tabular_008822,vid15,
train,tabular_000287,cold_18,
train,tabular_006289,cold_05,
train,tabular_000056,cold_18,
train,tabular_004534,cold_02,
train,tabular_002219,vid3,
train,tabular_000554,hot_19,
train,tabular_008167,vid12,
train,tabular_004751,hot_05,
train,tabular_007516,vid2,
train,tabular_002485,vid5,
train,tabular_005579,vid16,
train,tabular_003522,hot_21,
train,tabular_000938,vid10,
train,tabular_007697,hot_01,
train,tabular_004957,cold_18,
train,tabular_002467,cold_23,
train,tabular_000401,hot_30,
train,tabular_003797,vid13,
train,tabular_003384,cold_09,
train,tabular_002851,vid11,
train,tabular_000203,cold_28,
train,tabular_006140,cold_33,
train,tabular_001364,vid5,
train,tabular_002149,cold_28,
train,tabular_004231,vid26,
train,tabular_005500,hot_24,
train,tabular_002120,vid9,
train,tabular_002987,hot_22,
train,tabular_007862,vid6,
train,tabular_000398,cold_21,
train,tabular_000156,cold_08,
train,tabular_001774,vid6,
train,tabular_005886,vid29,
train,tabular_003397,vid10,
train,tabular_004023,vid34,
train,tabular_007065,hot_11,
train,tabular_008428,vid17,
train,tabular_004762,cold_05,
train,tabular_005195,vid21,
train,tabular_007263,vid4,
train,tabular_006194,vid10,
train,tabular_006887,vid15,
train,tabular_006051,cold_03,
train,tabular_003553,cold_25,
train,tabular_006408,cold_15,
train,tabular_006707,vid31,
train,tabular_003426,vid27,
train,tabular_008353,cold_17,
train,tabular_008247,cold_04,
train,tabular_000352,cold_05,
train,tabular_005268,cold_21,
train,tabular_008998,cold_34,
train,tabular_005376,cold_20,
train,tabular_004870,vid25,
train,tabular_008105,vid14,
train,tabular_006255,cold_21,
train,tabular_000279,cold_15,
train,tabular_006525,cold_30,
train,tabular_005304,vid13,
train,tabular_000267,vid1,
train,tabular_001492,vid26,
train,tabular_002276,vid28,
train,tabular_000551,cold_05,
train,tabular_007129,hot_24,
train,tabular_008812,vid10,
train,tabular_006630,vid3,
train,tabular_006125,cold_30,
train,tabular_009007,cold_05,
train,tabular_000049,hot_11,
train,tabular_006565,cold_12,
train,tabular_002426,vid7,
train,tabular_003074,vid3,
train,tabular_001410,cold_29,
train,tabular_001268,vid22,
train,tabular_008537,cold_18,
train,tabular_000908,vid3,
train,tabular_007336,vid4,
train,tabular_003747,vid16,
train,tabular_008592,hot_07,
train,tabular_007863,vid7,
train,tabular_001732,vid17,
train,tabular_008808,vid9,
train,tabular_002954,vid31,
train,tabular_003871,vid12,
train,tabular_008769,cold_01,
train,tabular_004164,vid29,
train,tabular_001260,vid18,
train,tabular_004439,cold_06,
train,tabular_003729,cold_28,
train,tabular_001605,cold_20,
train,tabular_006034,cold_28,
train,tabular_006546,cold_02,
train,tabular_004703,vid5,
train,tabular_009130,vid8,
train,tabular_000410,cold_27,
train,tabular_006422,vid4,
train,tabular_005978,cold_06,
train,tabular_001440,hot_22,
train,tabular_007084,cold_14,
train,tabular_003332,cold_18,
train,tabular_000262,vid8,
train,tabular_001060,vid34,
train,tabular_001142,vid1,
train,tabular_003913,cold_27,
train,tabular_001723,vid13,
train,tabular_007071,vid22,
train,tabular_008641,hot_14,
train,tabular_006146,cold_03,
train,tabular_001224,hot_23,
train,tabular_005804,vid29,
train,tabular_007969,vid26,
train,tabular_000809,vid17,
train,tabular_000450,cold_06,
train,tabular_000867,vid13,
train,tabular_007803,cold_18,
train,tabular_008877,cold_10,
train,tabular_004640,cold_02,
train,tabular_007622,vid35,
train,tabular_002659,vid31,
train,tabular_003063,vid21,
train,tabular_001379,cold_21,
train,tabular_005583,cold_22,
train,tabular_006063,vid1,
train,tabular_003272,vid23,
train,tabular_008623,vid20,
train,tabular_002753,cold_33,
train,tabular_007313,cold_35,
train,tabular_004358,cold_12,
train,tabular_002927,hot_11,
train,tabular_002223,cold_15,
train,tabular_000350,cold_03,
train,tabular_000469,cold_12,
train,tabular_007602,cold_05,
train,tabular_002539,vid34,
train,tabular_006941,cold_16,
train,tabular_004175,cold_24,
train,tabular_005552,vid6,
train,tabular_000903,hot_04,
train,tabular_001311,vid15,
train,tabular_008695,vid20,
train,tabular_003264,cold_26,
train,tabular_004365,vid23,
train,tabular_009013,vid26,
train,tabular_005397,vid27,
train,tabular_001929,vid15,
train,tabular_001648,vid34,
train,tabular_004845,hot_21,
train,tabular_006837,hot_18,
train,tabular_005454,hot_15,
train,tabular_004511,vid31,
train,tabular_004429,hot_30,
train,tabular_001634,cold_32,
train,tabular_001810,hot_21,
train,tabular_002581,hot_33,
train,tabular_003482,vid25,
train,tabular_004284,vid16,
train,tabular_003611,vid17,
train,tabular_005039,vid16,
train,tabular_006369,vid12,
train,tabular_003728,vid6,
train,tabular_001299,cold_30,
train,tabular_007843,vid27,
train,tabular_005289,vid5,
train,tabular_005994,cold_11,
train,tabular_004016,vid31,
train,tabular_000620,hot_28,
train,tabular_006027,vid26,
train,tabular_005118,cold_05,
train,tabular_001610,hot_26,
train,tabular_005985,vid7,
train,tabular_001355,cold_13,
train,tabular_005402,vid29,
train,tabular_001426,hot_18,
train,tabular_008908,vid24,
train,tabular_003144,cold_13,
train,tabular_008467,vid10,
train,tabular_001727,vid14,
train,tabular_001231,vid10,
train,tabular_006332,cold_18,
train,tabular_007182,vid32,
train,tabular_004017,hot_28,
train,tabular_005425,vid9,
train,tabular_009031,hot_22,
train,tabular_000204,vid9,
train,tabular_008927,cold_33,
train,tabular_005508,cold_32,
train,tabular_004753,vid28,
train,tabular_007027,cold_27,
train,tabular_007996,vid1,
train,tabular_002905,vid9,
train,tabular_002308,hot_26,
train,tabular_007426,cold_07,
train,tabular_007332,vid32,
train,tabular_008212,vid22,
train,tabular_002548,hot_27,
train,tabular_008690,cold_34,
train,tabular_000706,cold_30,
train,tabular_003621,vid23,
train,tabular_003241,vid13,
train,tabular_006593,cold_24,
train,tabular_005414,vid35,
train,tabular_005698,vid6,
train,tabular_005465,cold_15,
train,tabular_005124,vid21,
train,tabular_003767,vid29,
train,tabular_008452,vid34,
train,tabular_004973,cold_24,
train,tabular_001538,vid18,
train,tabular_003167,hot_09,
train,tabular_006882,vid12,
train,tabular_008639,vid28,
train,tabular_003016,vid28,
train,tabular_005840,vid13,
train,tabular_006867,vid4,
train,tabular_004109,vid6,
train,tabular_008351,vid15,
train,tabular_006849,cold_17,
train,tabular_006286,vid11,
train,tabular_004709,hot_01,
train,tabular_006838,vid20,
train,tabular_002040,cold_27,
train,tabular_000142,vid17,
train,tabular_007483,vid9,
train,tabular_001683,vid23,
train,tabular_000135,vid11,
train,tabular_003124,vid22,
train,tabular_001144,cold_35,
train,tabular_004874,hot_30,
train,tabular_001768,vid4,
train,tabular_007497,hot_11,
train,tabular_007458,vid27,
train,tabular_001086,vid17,
train,tabular_006528,cold_31,
train,tabular_007341,vid7,
train,tabular_004375,hot_25,
train,tabular_006480,cold_10,
train,tabular_004380,hot_26,
train,tabular_007868,cold_09,
train,tabular_007340,vid6,
train,tabular_000054,vid34,
train,tabular_001113,vid3,
train,tabular_004811,vid29,
train,tabular_003542,cold_20,
train,tabular_008581,cold_32,
train,tabular_005121,vid19,
train,tabular_003644,vid30,
train,tabular_005262,vid25,
train,tabular_001762,vid32,
train,tabular_004193,cold_30,
train,tabular_003680,vid16,
train,tabular_005222,hot_12,
train,tabular_009041,vid8,
train,tabular_005022,vid8,
train,tabular_000668,cold_18,
train,tabular_002797,vid8,
train,tabular_005417,cold_33,
train,tabular_001973,cold_03,
train,tabular_004929,vid27,
train,tabular_006894,cold_33,
train,tabular_006019,cold_23,
train,tabular_002057,cold_31,
train,tabular_001970,vid6,
train,tabular_003666,hot_06,
train,tabular_007284,cold_20,
train,tabular_007569,cold_27,
train,tabular_003980,cold_21,
train,tabular_000197,cold_25,
train,tabular_001560,vid26,
train,tabular_007842,cold_02,
train,tabular_000102,vid24,
train,tabular_007799,vid15,
train,tabular_003123,cold_35,
train,tabular_000083,vid15,
train,tabular_003944,cold_05,
train,tabular_002887,hot_04,
train,tabular_003227,cold_07,
train,tabular_004416,vid2,
train,tabular_008207,hot_25,
train,tabular_000085,hot_17,
train,tabular_001717,vid10,
train,tabular_009174,cold_31,
train,tabular_001254,cold_14,
train,tabular_008461,vid7,
train,tabular_003057,vid2,
train,tabular_006598,cold_28,
train,tabular_008852,vid30,
train,tabular_005040,cold_05,
train,tabular_006523,cold_29,
train,tabular_000969,vid28,
train,tabular_003953,hot_13,
train,tabular_005107,cold_33,
train,tabular_002402,vid27,
train,tabular_008577,vid29,
train,tabular_005814,cold_33,
train,tabular_005458,vid23,
train,tabular_001993,cold_09,
train,tabular_008170,vid14,
train,tabular_005277,cold_25,
train,tabular_000399,cold_22,
train,tabular_002573,vid17,
train,tabular_007290,vid14,
train,tabular_002352,vid30,
train,tabular_004489,hot_04,
train,tabular_005898,cold_09,
train,tabular_008875,vid7,
train,tabular_002596,vid29,
train,tabular_008171,vid15,
train,tabular_000748,vid19,
train,tabular_005863,hot_32,
train,tabular_003111,vid18,
train,tabular_006955,cold_23,
train,tabular_007754,vid21,
train,tabular_002359,vid35,
train,tabular_002856,vid14,
train,tabular_006917,cold_08,
train,tabular_005608,cold_32,
train,tabular_005207,hot_10,
train,tabular_005147,hot_03,
train,tabular_004342,vid13,
train,tabular_004196,vid1,
train,tabular_007119,cold_26,
train,tabular_005909,cold_16,
train,tabular_005779,cold_26,
train,tabular_003943,vid6,
train,tabular_008342,cold_11,
train,tabular_008975,vid15,
train,tabular_007811,vid17,
train,tabular_004679,vid2,
train,tabular_007630,cold_18,
train,tabular_003965,vid12,
train,tabular_002698,cold_15,
train,tabular_003848,hot_34,
train,tabular_001858,vid14,
train,tabular_002860,vid18,
train,tabular_009023,vid31,
train,tabular_001745,hot_07,
train,tabular_001154,cold_05,
train,tabular_008691,cold_35,
train,tabular_001748,vid25,
train,tabular_002682,vid17,
train,tabular_003106,cold_27,
train,tabular_005350,hot_32,
train,tabular_006729,hot_33,
train,tabular_000789,hot_13,
train,tabular_003333,vid2,
train,tabular_001834,vid34,
train,tabular_007610,cold_08,
train,tabular_000710,vid3,
train,tabular_001405,hot_12,
train,tabular_007434,vid18,
train,tabular_005388,vid21,
train,tabular_002911,vid11,
train,tabular_003043,cold_10,
train,tabular_009227,cold_16,
train,tabular_007557,hot_24,
train,tabular_006398,cold_08,
train,tabular_004089,hot_04,
train,tabular_006117,cold_27,
train,tabular_008980,vid18,
train,tabular_002197,hot_10,
train,tabular_001371,vid8,
train,tabular_005305,vid14,
train,tabular_006244,vid26,
train,tabular_009080,cold_26,
train,tabular_005642,vid15,
train,tabular_004003,vid25,
train,tabular_003590,hot_30,
train,tabular_004873,vid27,
train,tabular_002765,vid27,
train,tabular_004497,vid24,
train,tabular_001928,vid14,
train,tabular_002645,vid24,
train,tabular_008766,cold_34,
train,tabular_004606,cold_24,
train,tabular_006343,cold_24,
train,tabular_008421,vid14,
train,tabular_002509,hot_20,
train,tabular_002420,vid4,
train,tabular_006804,cold_02,
train,tabular_004557,hot_18,
train,tabular_004771,vid35,
train,tabular_003497,vid4,
train,tabular_000772,vid30,
train,tabular_002394,vid20,
train,tabular_002816,vid21,
train,tabular_000172,vid27,
train,tabular_001880,vid22,
train,tabular_004406,cold_28,
train,tabular_003087,vid8,
train,tabular_003843,cold_26,
train,tabular_002825,hot_24,
train,tabular_009135,vid10,
train,tabular_008334,vid9,
train,tabular_006470,cold_05,
train,tabular_002044,hot_19,
train,tabular_005161,vid6,
train,tabular_007668,vid21,
train,tabular_000411,cold_28,
train,tabular_002336,vid20,
train,tabular_008846,cold_31,
train,tabular_001080,vid13,
train,tabular_002118,cold_19,
train,tabular_000343,vid18,
train,tabular_006556,cold_07,
train,tabular_003440,hot_06,
train,tabular_001764,vid35,
train,tabular_005024,vid1,
train,tabular_005208,vid27,
train,tabular_003726,vid5,
train,tabular_007094,hot_15,
train,tabular_002050,vid10,
train,tabular_001671,vid19,
train,tabular_000317,vid8,
train,tabular_007375,vid23,
train,tabular_009111,cold_06,
train,tabular_000143,hot_30,
train,tabular_000427,vid23,
train,tabular_001725,cold_26,
train,tabular_005027,hot_24,
train,tabular_005919,cold_19,
train,tabular_006930,vid5,
train,tabular_007743,hot_08,
train,tabular_006197,cold_24,
train,tabular_007236,vid23,
train,tabular_003570,vid35,
train,tabular_006096,vid29,
train,tabular_005512,vid15,
train,tabular_007424,vid14,
train,tabular_007714,vid8,
train,tabular_002114,hot_31,
train,tabular_003325,cold_17,
train,tabular_004322,vid35,
train,tabular_001001,vid11,
train,tabular_003203,cold_35,
train,tabular_000707,cold_31,
train,tabular_003538,cold_18,
train,tabular_000951,vid17,
train,tabular_001198,vid29,
train,tabular_001640,cold_01,
train,tabular_005562,vid11,
train,tabular_004806,cold_18,
train,tabular_005068,cold_13,
train,tabular_000234,vid25,
train,tabular_007631,vid7,
train,tabular_003224,vid6,
train,tabular_005576,cold_20,
train,tabular_002608,cold_26,
train,tabular_000180,vid31,
train,tabular_005020,hot_23,
train,tabular_002029,cold_22,
train,tabular_002026,cold_21,
train,tabular_007108,cold_22,
train,tabular_008376,hot_16,
train,tabular_003525,vid17,
train,tabular_000356,cold_06,
train,tabular_001425,hot_17,
train,tabular_001115,vid30,
train,tabular_000615,cold_33,
train,tabular_002192,cold_05,
train,tabular_007411,cold_02,
train,tabular_003637,cold_31,
train,tabular_006389,cold_04,
train,tabular_000571,hot_24,
train,tabular_002444,vid14,
train,tabular_000894,vid23,
train,tabular_004455,vid9,
train,tabular_005726,cold_08,
train,tabular_003989,cold_24,
train,tabular_000603,cold_29,
train,tabular_007166,vid25,
train,tabular_006322,vid24,
train,tabular_007629,cold_17,
train,tabular_001057,cold_32,
train,tabular_009055,hot_30,
train,tabular_008075,vid22,
train,tabular_000177,cold_17,
train,tabular_008688,hot_21,
train,tabular_006884,cold_30,
train,tabular_002267,hot_20,
train,tabular_009024,vid32,
train,tabular_004435,hot_31,
train,tabular_003148,vid3,
train,tabular_006134,cold_32,
train,tabular_006210,cold_31,
train,tabular_003999,hot_23,
train,tabular_005114,cold_03,
train,tabular_002027,hot_16,
train,tabular_003394,vid1,
train,tabular_005219,vid5,
train,tabular_001078,cold_04,
train,tabular_005887,cold_03,
train,tabular_006440,cold_29,
train,tabular_004588,cold_18,
train,tabular_002716,vid5,
train,tabular_001963,cold_35,
train,tabular_000503,hot_09,
train,tabular_002812,vid19,
train,tabular_001690,vid28,
train,tabular_007453,hot_35,
train,tabular_001483,cold_16,
train,tabular_005530,cold_35,
train,tabular_005950,cold_31,
train,tabular_004542,cold_04,
train,tabular_004993,hot_17,
train,tabular_005678,cold_22,
train,tabular_006285,vid10,
train,tabular_004099,cold_31,
train,tabular_000415,cold_31,
train,tabular_007871,vid12,
train,tabular_001395,cold_28,
train,tabular_007844,cold_03,
train,tabular_008759,cold_32,
train,tabular_008101,hot_14,
train,tabular_005732,cold_11,
train,tabular_000846,vid5,
train,tabular_001892,vid3,
train,tabular_007994,hot_09,
train,tabular_008227,hot_31,
train,tabular_005392,hot_07,
train,tabular_006457,vid17,
train,tabular_008928,cold_34,
train,tabular_006673,hot_20,
train,tabular_002275,vid27,
train,tabular_001687,vid26,
train,tabular_000744,cold_06,
train,tabular_004188,hot_25,
train,tabular_008465,vid9,
train,tabular_003609,hot_34,
train,tabular_002160,vid30,
train,tabular_001627,vid26,
train,tabular_000874,cold_11,
train,tabular_005563,vid12,
train,tabular_004961,vid12,
train,tabular_008451,cold_18,
train,tabular_004535,vid13,
train,tabular_008230,hot_33,
train,tabular_004817,hot_13,
train,tabular_001315,hot_32,
train,tabular_008263,vid11,
train,tabular_006746,cold_11,
train,tabular_006980,vid20,
train,tabular_007660,cold_32,
train,tabular_003547,cold_21,
train,tabular_001917,vid11,
train,tabular_007771,vid34,
train,tabular_008396,vid5,
train,tabular_007766,vid30,
train,tabular_001073,cold_01,
train,tabular_002544,cold_07,
train,tabular_000848,vid6,
train,tabular_007044,vid11,
train,tabular_005515,vid17,
train,tabular_005211,vid3,
train,tabular_004980,vid19,
train,tabular_008879,vid8,
train,tabular_000104,cold_31,
train,tabular_006755,hot_02,
train,tabular_002058,vid14,
train,tabular_002489,vid7,
train,tabular_004213,hot_30,
train,tabular_003021,vid31,
train,tabular_003472,vid20,
train,tabular_001749,hot_08,
train,tabular_007410,hot_28,
train,tabular_008693,cold_01,
train,tabular_007487,hot_08,
train,tabular_005882,cold_01,
train,tabular_004006,hot_25,
train,tabular_007395,vid30,
train,tabular_004145,vid2,
train,tabular_002912,vid12,
train,tabular_000921,cold_25,
train,tabular_007271,vid7,
train,tabular_004558,cold_07,
train,tabular_005658,vid21,
train,tabular_001310,cold_32,
train,tabular_007972,vid29,
train,tabular_005641,vid14,
train,tabular_007377,cold_22,
train,tabular_007522,hot_19,
train,tabular_003898,cold_22,
train,tabular_008761,vid19,
train,tabular_005061,vid28,
train,tabular_001817,cold_19,
train,tabular_000232,vid23,
train,tabular_004022,hot_30,
train,tabular_008567,vid22,
train,tabular_008603,vid9,
train,tabular_007932,vid11,
train,tabular_006356,vid4,
train,tabular_008164,cold_02,
train,tabular_002684,cold_12,
train,tabular_005427,vid10,
train,tabular_005825,cold_04,
train,tabular_001387,cold_25,
train,tabular_006275,cold_34,
train,tabular_001650,vid4,
train,tabular_004739,hot_04,
train,tabular_008559,cold_25,
train,tabular_001501,vid29,
train,tabular_002695,vid24,
train,tabular_003689,vid20,
train,tabular_000582,cold_14,
train,tabular_002290,hot_22,
train,tabular_001303,vid10,
train,tabular_004226,vid24,
train,tabular_008947,hot_07,
train,tabular_000012,hot_02,
train,tabular_005077,vid5,
train,tabular_004819,vid35,
train,tabular_001168,vid19,
train,tabular_005792,vid19,
train,tabular_006855,cold_20,
train,tabular_006198,hot_34,
train,tabular_001419,cold_32,
train,tabular_007541,vid3,
train,tabular_003840,hot_31,
train,tabular_000823,cold_30,
train,tabular_001818,vid24,
train,tabular_000141,vid16,
train,tabular_008367,vid22,
train,tabular_002886,vid30,
train,tabular_004924,vid23,
train,tabular_001409,hot_13,
train,tabular_008494,vid21,
train,tabular_000218,vid16,
train,tabular_006312,vid19,
train,tabular_003815,vid22,
train,tabular_000259,vid7,
train,tabular_009084,cold_30,
train,tabular_001983,hot_09,
train,tabular_003318,vid10,
train,tabular_005487,cold_25,
train,tabular_003826,cold_24,
train,tabular_001960,vid30,
train,tabular_006497,vid32,
train,tabular_009120,cold_11,
train,tabular_007998,vid10,
train,tabular_007334,hot_23,
train,tabular_006647,vid8,
train,tabular_006479,cold_09,
train,tabular_006088,cold_14,
train,tabular_005033,hot_26,
train,tabular_004611,hot_24,
train,tabular_002950,cold_17,
train,tabular_008412,hot_22,
train,tabular_005986,vid8,
train,tabular_005380,vid19,
train,tabular_005056,cold_09,
train,tabular_001937,vid20,
train,tabular_007306,cold_32,
train,tabular_002039,vid4,
train,tabular_002382,cold_33,
train,tabular_007317,vid24,
train,tabular_001969,vid5,
train,tabular_006434,vid1,
train,tabular_002609,vid5,
train,tabular_000474,vid16,
train,tabular_001162,vid16,
train,tabular_000073,cold_24,
train,tabular_001964,vid32,
train,tabular_001414,vid31,
train,tabular_009116,hot_07,
train,tabular_008069,vid18,
train,tabular_001722,hot_03,
train,tabular_003976,cold_20,
train,tabular_001058,cold_33,
train,tabular_000926,hot_06,
train,tabular_008362,vid19,
train,tabular_002254,vid15,
train,tabular_007420,hot_29,
train,tabular_002844,vid7,
train,tabular_005934,hot_07,
train,tabular_007468,cold_22,
train,tabular_003028,vid6,
train,tabular_008299,cold_30,
train,tabular_006975,cold_02,
train,tabular_008392,vid35,
train,tabular_006232,cold_10,
train,tabular_008327,vid6,
train,tabular_006703,hot_28,
train,tabular_007170,vid27,
train,tabular_001333,vid24,
train,tabular_005111,cold_35,
train,tabular_006269,cold_31,
train,tabular_006562,cold_09,
train,tabular_002347,vid28,
train,tabular_008961,vid1,
train,tabular_004722,vid11,
train,tabular_007951,vid2,
train,tabular_003366,hot_32,
train,tabular_001407,vid29,
train,tabular_003261,cold_23,
train,tabular_008951,vid8,
train,tabular_003951,cold_10,
train,tabular_002781,cold_14,
train,tabular_001122,vid35,
train,tabular_003626,vid25,
train,tabular_003585,cold_06,
train,tabular_003361,hot_31,
train,tabular_004946,vid5,
train,tabular_008393,cold_34,
train,tabular_000544,vid18,
train,tabular_001578,vid7,
train,tabular_003480,vid23,
train,tabular_003656,hot_04,
train,tabular_006805,cold_03,
train,tabular_006190,cold_18,
train,tabular_007096,hot_17,
train,tabular_002634,cold_34,
train,tabular_007327,vid29,
train,tabular_001607,vid18,
train,tabular_000817,vid21,
train,tabular_005993,hot_14,
train,tabular_001179,vid23,
train,tabular_005649,hot_05,
train,tabular_000907,cold_19,
train,tabular_007221,hot_04,
train,tabular_000530,vid1,
train,tabular_008431,vid19,
train,tabular_008346,cold_14,
train,tabular_004339,hot_20,
train,tabular_008744,vid10,
train,tabular_008536,cold_17,
train,tabular_008479,vid14,
train,tabular_000222,cold_33,
train,tabular_003250,cold_15,
train,tabular_003914,cold_28,
train,tabular_007584,cold_32,
train,tabular_003911,vid25,
train,tabular_004292,hot_12,
train,tabular_004062,vid19,
train,tabular_002091,vid29,
train,tabular_004777,vid8,
train,tabular_003231,cold_09,
train,tabular_007504,hot_14,
train,tabular_007320,cold_03,
train,tabular_004807,vid25,
train,tabular_006454,hot_32,
train,tabular_001674,vid2,
train,tabular_002845,vid8,
train,tabular_002525,hot_23,
train,tabular_004116,cold_06,
train,tabular_001466,vid19,
train,tabular_004052,vid13,
train,tabular_008568,vid23,
train,tabular_001258,vid17,
train,tabular_007887,vid21,
train,tabular_000328,vid12,
train,tabular_009040,hot_27,
train,tabular_006952,vid13,
train,tabular_004203,cold_33,
train,tabular_002868,vid23,
train,tabular_004677,vid19,
train,tabular_004068,vid22,
train,tabular_008490,cold_34,
train,tabular_004301,vid26,
train,tabular_004596,vid1,
train,tabular_006587,hot_12,
train,tabular_006726,hot_32,
train,tabular_001839,vid6,
train,tabular_000918,cold_24,
train,tabular_002632,vid18,
train,tabular_005733,hot_19,
train,tabular_006720,cold_35,
train,tabular_000644,cold_08,
train,tabular_000612,vid11,
train,tabular_006638,vid34,
train,tabular_001114,cold_18,
train,tabular_002476,vid32,
train,tabular_006866,cold_24,
train,tabular_005363,vid10,
train,tabular_003930,vid30,
train,tabular_007469,hot_05,
train,tabular_004480,vid17,
train,tabular_002615,vid8,
train,tabular_001783,cold_07,
train,tabular_006290,cold_06,
train,tabular_003679,cold_09,
train,tabular_009115,cold_08,
train,tabular_005550,vid5,
train,tabular_008004,cold_20,
train,tabular_008127,vid30,
train,tabular_006992,cold_10,
train,tabular_004665,cold_08,
train,tabular_003392,vid8,
train,tabular_000796,hot_15,
train,tabular_006012,cold_19,
train,tabular_004185,cold_26,
train,tabular_005098,cold_24,
train,tabular_005342,cold_08,
train,tabular_000115,vid30,
train,tabular_000726,vid6,
train,tabular_007550,cold_17,
train,tabular_004304,cold_30,
train,tabular_006542,cold_35,
train,tabular_004064,cold_16,
train,tabular_002292,cold_02,
train,tabular_001618,hot_28,
train,tabular_004254,hot_04,
train,tabular_006147,cold_04,
train,tabular_003799,vid15,
train,tabular_000029,vid21,
train,tabular_002281,vid3,
train,tabular_009152,vid21,
train,tabular_009091,cold_33,
train,tabular_007723,hot_05,
train,tabular_004001,vid24,
train,tabular_004522,vid8,
train,tabular_001441,hot_23,
train,tabular_007850,vid30,
train,tabular_002889,hot_05,
train,tabular_002908,hot_09,
train,tabular_003593,cold_10,
train,tabular_001280,vid29,
train,tabular_004529,vid11,
train,tabular_002982,vid11,
train,tabular_008400,cold_01,
train,tabular_008599,cold_03,
train,tabular_008668,vid7,
train,tabular_007722,cold_22,
train,tabular_002707,vid30,
train,tabular_005891,hot_01,
train,tabular_004602,vid14,
train,tabular_000063,hot_14,
train,tabular_006404,hot_24,
train,tabular_004516,vid5,
train,tabular_005709,cold_02,
train,tabular_003787,hot_21,
train,tabular_002893,vid34,
train,tabular_003093,vid11,
train,tabular_003955,cold_11,
train,tabular_004345,vid16,
train,tabular_008369,cold_24,
train,tabular_007285,cold_21,
train,tabular_000307,hot_17,
train,tabular_001649,vid35,
train,tabular_003274,cold_31,
train,tabular_007481,vid8,
train,tabular_005535,vid3,
train,tabular_003788,cold_10,
train,tabular_006409,hot_25,
train,tabular_000682,cold_22,
train,tabular_005883,vid27,
train,tabular_005486,vid35,
train,tabular_009018,vid28,
train,tabular_001990,hot_10,
train,tabular_002092,cold_12,
train,tabular_002371,cold_30,
train,tabular_005739,vid25,
train,tabular_009170,hot_11,
train,tabular_009132,cold_17,
train,tabular_000196,cold_24,
train,tabular_007001,cold_13,
train,tabular_002320,vid13,
train,tabular_005372,cold_19,
train,tabular_002550,vid6,
train,tabular_005205,cold_05,
train,tabular_004798,hot_11,
train,tabular_003330,hot_28,
train,tabular_008050,vid5,
train,tabular_007600,cold_04,
train,tabular_008629,vid23,
train,tabular_003027,vid5,
train,tabular_005720,hot_15,
train,tabular_002067,cold_01,
train,tabular_000019,hot_05,
train,tabular_008119,vid25,
train,tabular_004155,vid25,
train,tabular_003179,cold_26,
train,tabular_001360,hot_06,
train,tabular_006020,vid21,
train,tabular_003622,cold_21,
train,tabular_006572,cold_16,
train,tabular_000060,vid4,
train,tabular_001428,cold_35,
train,tabular_001619,cold_24,
train,tabular_000765,hot_08,
train,tabular_006191,cold_19,
train,tabular_002616,cold_30,
train,tabular_003002,vid2,
train,tabular_001734,vid18,
train,tabular_000009,vid14,
train,tabular_009095,vid27,
train,tabular_006895,cold_34,
train,tabular_008295,cold_26,
train,tabular_000658,cold_13,
train,tabular_000580,vid31,
train,tabular_008291,cold_23,
train,tabular_008455,vid35,
train,tabular_005669,vid26,
train,tabular_003048,vid16,
train,tabular_000496,cold_26,
train,tabular_002700,cold_16,
train,tabular_007801,cold_16,
train,tabular_004641,cold_03,
train,tabular_004969,hot_10,
train,tabular_002351,cold_21,
train,tabular_005647,vid18,
train,tabular_006748,cold_12,
train,tabular_001191,hot_18,
train,tabular_002370,cold_29,
train,tabular_005076,vid4,
train,tabular_008223,cold_33,
train,tabular_000126,vid7,
train,tabular_004774,vid6,
train,tabular_008112,vid19,
train,tabular_009213,vid16,
train,tabular_003529,cold_14,
train,tabular_000387,vid8,
train,tabular_006945,vid10,
train,tabular_002789,vid5,
train,tabular_000025,vid2,
train,tabular_006423,vid5,
train,tabular_007613,vid30,
train,tabular_005870,cold_29,
train,tabular_006544,cold_01,
train,tabular_006819,vid13,
train,tabular_000228,vid20,
train,tabular_008183,cold_11,
train,tabular_001563,vid29,
train,tabular_001859,cold_32,
train,tabular_000640,vid27,
train,tabular_006812,hot_12,
train,tabular_004018,vid32,
train,tabular_006797,vid4,
train,tabular_002450,vid19,
train,tabular_004948,vid7,
train,tabular_007878,vid17,
train,tabular_001019,cold_20,
train,tabular_005571,cold_16,
train,tabular_008049,vid4,
train,tabular_006607,vid18,
train,tabular_008549,vid15,
train,tabular_000175,vid29,
train,tabular_004668,cold_10,
train,tabular_001337,vid27,
train,tabular_008572,vid25,
train,tabular_002482,vid35,
train,tabular_005125,cold_07,
train,tabular_004035,cold_02,
train,tabular_008338,vid11,
train,tabular_001603,cold_19,
train,tabular_008468,cold_24,
train,tabular_007729,cold_25,
train,tabular_000626,cold_35,
train,tabular_001724,hot_04,
train,tabular_001830,hot_25,
train,tabular_007815,hot_18,
train,tabular_001002,vid12,
train,tabular_000223,cold_34,
train,tabular_005479,cold_21,
train,tabular_003839,vid32,
train,tabular_007363,cold_16,
train,tabular_003292,cold_05,
train,tabular_001503,hot_06,
train,tabular_001502,vid3,
train,tabular_004273,vid14,
train,tabular_008081,vid25,
train,tabular_003229,vid9,
train,tabular_004111,cold_04,
train,tabular_001196,cold_18,
train,tabular_000833,vid29,
train,tabular_006371,cold_33,
train,tabular_006154,vid25,
train,tabular_000811,cold_26,
train,tabular_007632,vid8,
train,tabular_008336,vid10,
train,tabular_000116,vid31,
train,tabular_000685,cold_24,
train,tabular_009108,hot_05,
train,tabular_000460,hot_04,
train,tabular_006048,vid35,
train,tabular_005242,vid13,
train,tabular_005686,hot_13,
train,tabular_002106,hot_27,
train,tabular_004026,hot_32,
train,tabular_006513,vid8,
train,tabular_005805,vid3,
train,tabular_003083,vid5,
train,tabular_005543,vid31,
train,tabular_006035,vid3,
train,tabular_006503,vid4,
train,tabular_002102,hot_26,
train,tabular_007532,cold_08,
train,tabular_006277,vid7,
train,tabular_001882,vid24,
train,tabular_001493,cold_22,
train,tabular_008274,cold_15,
train,tabular_007907,vid3,
train,tabular_001599,vid15,
train,tabular_005610,vid31,
train,tabular_001232,cold_35,
train,tabular_002403,vid28,
train,tabular_004791,cold_13,
train,tabular_005976,hot_12,
train,tabular_007510,cold_33,
train,tabular_002305,vid6,
train,tabular_005135,hot_01,
train,tabular_007230,hot_06,
train,tabular_002557,hot_29,
train,tabular_002920,vid18,
train,tabular_002989,hot_23,
train,tabular_000308,vid34,
train,tabular_007924,cold_26,
train,tabular_007662,vid19,
train,tabular_003035,vid1,
train,tabular_005080,vid7,
train,tabular_007455,vid25,
train,tabular_002680,vid15,
train,tabular_003382,vid35,
train,tabular_004360,vid21,
train,tabular_005590,vid21,
train,tabular_005932,hot_05,
train,tabular_008621,hot_11,
train,tabular_000548,vid19,
train,tabular_001480,hot_02,
train,tabular_003029,vid7,
train,tabular_002358,vid34,
train,tabular_003935,cold_01,
train,tabular_002613,cold_28,
train,tabular_004987,cold_26,
train,tabular_004934,cold_13,
train,tabular_000970,vid29,
train,tabular_003190,cold_29,
train,tabular_005351,cold_13,
train,tabular_004775,cold_10,
train,tabular_001556,cold_06,
train,tabular_004816,vid32,
train,tabular_003670,vid10,
train,tabular_007852,hot_25,
train,tabular_004804,vid23,
train,tabular_007794,vid12,
train,tabular_005286,cold_28,
train,tabular_008552,vid17,
train,tabular_004514,vid35,
train,tabular_008368,vid23,
train,tabular_004658,cold_06,
train,tabular_007778,cold_07,
train,tabular_004248,vid32,
train,tabular_005324,cold_04,
train,tabular_000995,vid9,
train,tabular_005655,vid20,
train,tabular_000300,vid29,
train,tabular_000725,cold_02,
train,tabular_007728,cold_24,
train,tabular_004222,vid21,
train,tabular_002435,vid11,
train,tabular_003158,cold_19,
train,tabular_004367,vid25,
train,tabular_003683,cold_11,
train,tabular_006730,cold_05,
train,tabular_002910,cold_03,
train,tabular_006585,cold_21,
train,tabular_004137,cold_13,
train,tabular_003309,cold_10,
train,tabular_005072,hot_32,
train,tabular_002451,cold_16,
train,tabular_006942,cold_17,
train,tabular_008398,hot_19,
train,tabular_004907,cold_06,
train,tabular_001919,vid12,
train,tabular_008179,vid17,
train,tabular_004501,cold_29,
train,tabular_006714,vid5,
train,tabular_001788,cold_09,
train,tabular_002533,vid3,
train,tabular_005283,vid35,
train,tabular_000157,cold_09,
train,tabular_001076,vid11,
train,tabular_007806,hot_17,
train,tabular_007789,cold_11,
train,tabular_004823,vid5,
train,tabular_002237,vid5,
train,tabular_000972,vid3,
train,tabular_002252,cold_21,
train,tabular_002306,vid7,
train,tabular_000778,cold_19,
train,tabular_001077,cold_03,
train,tabular_002510,vid18,
train,tabular_007414,cold_04,
train,tabular_002737,cold_29,
train,tabular_001554,vid23,
train,tabular_000256,cold_07,
train,tabular_008508,vid29,
train,tabular_002354,cold_23,
train,tabular_008419,cold_08,
train,tabular_007783,vid8,
train,tabular_005189,cold_31,
train,tabular_001633,cold_31,
train,tabular_004007,vid27,
train,tabular_009126,vid5,
train,tabular_000883,vid19,
train,tabular_007319,cold_02,
train,tabular_004075,cold_19,
train,tabular_003700,cold_17,
train,tabular_006948,vid12,
train,tabular_000851,cold_01,
train,tabular_006803,cold_01,
train,tabular_001664,vid14,
train,tabular_008012,vid17,
train,tabular_000739,vid14,
train,tabular_006589,cold_23,
train,tabular_002034,vid34,
train,tabular_005139,vid28,
train,tabular_003182,hot_13,
train,tabular_002071,vid20,
train,tabular_000117,vid32,
train,tabular_007545,cold_15,
train,tabular_005269,cold_22,
train,tabular_007151,hot_25,
train,tabular_000766,cold_13,
train,tabular_000719,hot_02,
train,tabular_006032,vid29,
train,tabular_002003,cold_13,
train,tabular_001296,vid5,
train,tabular_004738,hot_03,
train,tabular_000943,hot_10,
train,tabular_008466,vid1,
train,tabular_005263,vid26,
train,tabular_004933,vid3,
train,tabular_003003,vid20,
train,tabular_004741,vid21,
train,tabular_001638,vid28,
train,tabular_006606,cold_32,
train,tabular_003639,cold_32,
train,tabular_003157,cold_18,
train,tabular_004784,cold_11,
train,tabular_009101,hot_03,
train,tabular_001255,hot_26,
train,tabular_006940,hot_26,
train,tabular_007111,cold_24,
train,tabular_002879,hot_03,
train,tabular_006938,cold_15,
train,tabular_000348,cold_02,
train,tabular_005612,vid34,
train,tabular_003502,vid8,
train,tabular_002425,vid6,
train,tabular_005587,vid2,
train,tabular_003459,vid14,
train,tabular_002346,vid27,
train,tabular_007581,vid14,
train,tabular_006169,cold_09,
train,tabular_008806,hot_28,
train,tabular_000781,hot_11,
train,tabular_008653,vid31,
train,tabular_000217,vid15,
train,tabular_006233,vid22,
train,tabular_005172,cold_25,
train,tabular_009131,vid9,
train,tabular_006424,cold_22,
train,tabular_005299,cold_31,
train,tabular_004813,vid3,
train,tabular_004002,cold_31,
train,tabular_004894,cold_03,
train,tabular_006921,vid31,
train,tabular_008643,hot_15,
train,tabular_004527,vid10,
train,tabular_007158,vid22,
train,tabular_003400,vid12,
train,tabular_006743,cold_09,
train,tabular_000089,vid19,
train,tabular_002172,hot_04,
train,tabular_004030,vid5,
train,tabular_005688,cold_28,
train,tabular_002914,vid14,
train,tabular_004991,vid23,
train,tabular_003858,cold_33,
train,tabular_004285,vid17,
train,tabular_003641,vid29,
train,tabular_008195,cold_20,
train,tabular_003781,cold_09,
train,tabular_005773,cold_23,
train,tabular_005925,cold_22,
train,tabular_006905,cold_03,
train,tabular_009155,vid22,
train,tabular_005140,vid29,
train,tabular_004409,cold_30,
train,tabular_007337,vid5,
train,tabular_006926,hot_25,
train,tabular_001934,vid19,
train,tabular_008984,vid19,
train,tabular_004878,vid3,
train,tabular_006978,vid2,
train,tabular_001930,vid16,
train,tabular_003191,hot_14,
train,tabular_004518,cold_32,
train,tabular_008307,cold_34,
train,tabular_009112,cold_07,
train,tabular_003374,vid32,
train,tabular_006297,cold_11,
train,tabular_007676,vid23,
train,tabular_008157,cold_33,
train,tabular_000747,cold_07,
train,tabular_001043,cold_29,
train,tabular_000919,vid35,
train,tabular_003771,hot_18,
train,tabular_008288,cold_20,
train,tabular_000072,vid9,
train,tabular_002372,vid1,
train,tabular_006558,vid3,
train,tabular_003161,vid6,
train,tabular_002551,vid7,
train,tabular_004757,cold_04,
train,tabular_004417,cold_32,
train,tabular_000226,vid2,
train,tabular_005441,hot_13,
train,tabular_008705,vid26,
train,tabular_001592,vid12,
train,tabular_003334,cold_19,
train,tabular_004458,vid10,
train,tabular_001120,cold_19,
train,tabular_001291,hot_30,
train,tabular_008798,cold_15,
train,tabular_004554,cold_06,
train,tabular_002662,vid35,
train,tabular_002175,vid6,
train,tabular_005820,vid7,
train,tabular_002256,cold_23,
train,tabular_000394,cold_19,
train,tabular_002310,vid1,
train,tabular_004866,hot_27,
train,tabular_000878,hot_31,
train,tabular_008923,cold_30,
train,tabular_000546,cold_04,
train,tabular_000601,vid6,
train,tabular_000566,vid24,
train,tabular_002956,hot_17,
train,tabular_004189,vid8,
train,tabular_007626,vid5,
train,tabular_004198,vid11,
train,tabular_000514,vid3,
train,tabular_007052,vid15,
train,tabular_009122,vid4,
train,tabular_006915,cold_06,
train,tabular_008284,cold_19,
train,tabular_008289,cold_21,
train,tabular_004242,vid29,
train,tabular_000334,hot_24,
train,tabular_009118,cold_09,
train,tabular_008843,cold_30,
train,tabular_002702,cold_18,
train,tabular_000650,vid34,
train,tabular_000467,vid12,
train,tabular_005210,vid29,
train,tabular_004051,cold_11,
train,tabular_006988,cold_09,
train,tabular_003894,hot_03,
train,tabular_000139,vid14,
train,tabular_002699,vid27,
train,tabular_005364,hot_35,
train,tabular_001583,cold_11,
train,tabular_005917,vid8,
train,tabular_007828,vid22,
train,tabular_001308,vid14,
train,tabular_000303,cold_23,
train,tabular_004173,hot_21,
train,tabular_006304,cold_12,
train,tabular_005434,vid13,
train,tabular_001046,cold_31,
train,tabular_008478,cold_29,
train,tabular_003125,vid23,
train,tabular_008606,cold_05,
train,tabular_001319,cold_35,
train,tabular_000729,vid8,
train,tabular_007124,cold_30,
train,tabular_003791,hot_22,
train,tabular_005288,cold_29,
train,tabular_006212,vid16,
train,tabular_000788,vid7,
train,tabular_002817,vid22,
train,tabular_005591,vid22,
train,tabular_004688,vid25,
train,tabular_006149,vid22,
train,tabular_008484,hot_28,
train,tabular_005632,vid1,
train,tabular_004737,vid20,
train,tabular_002694,cold_14,
train,tabular_004601,vid13,
train,tabular_000522,vid35,
train,tabular_008255,cold_08,
train,tabular_000245,vid31,
train,tabular_004040,cold_04,
train,tabular_004704,vid6,
train,tabular_003205,vid26,
train,tabular_002975,vid9,
train,tabular_008161,vid10,
train,tabular_005979,cold_07,
train,tabular_001447,hot_25,
train,tabular_003818,vid24,
train,tabular_006436,hot_29,
train,tabular_008460,vid6,
train,tabular_000425,vid21,
train,tabular_008397,cold_35,
train,tabular_002142,cold_26,
train,tabular_002629,vid16,
train,tabular_008385,vid30,
train,tabular_003498,vid5,
train,tabular_002821,vid26,
train,tabular_002209,vid21,
train,tabular_001841,vid7,
train,tabular_003209,cold_03,
train,tabular_003709,vid29,
train,tabular_004520,cold_33,
train,tabular_004802,vid21,
train,tabular_006504,cold_20,
train,tabular_003071,vid28,
train,tabular_006068,vid13,
train,tabular_000414,vid15,
train,tabular_000922,cold_26,
train,tabular_007315,hot_20,
train,tabular_005929,cold_23,
train,tabular_005381,cold_21,
train,tabular_004481,vid18,
train,tabular_007028,cold_28,
train,tabular_002568,vid14,
train,tabular_008140,cold_23,
train,tabular_003479,hot_14,
train,tabular_006474,hot_35,
train,tabular_004262,cold_16,
train,tabular_007525,cold_05,
train,tabular_003827,hot_25,
train,tabular_002019,hot_15,
train,tabular_004390,vid6,
train,tabular_005574,cold_18,
train,tabular_004828,hot_16,
train,tabular_001719,cold_25,
train,tabular_006238,cold_14,
train,tabular_008915,cold_26,
train,tabular_007999,vid11,
train,tabular_002430,vid9,
train,tabular_002565,hot_31,
train,tabular_007721,vid11,
train,tabular_005832,cold_08,
train,tabular_001118,vid32,
train,tabular_005514,vid16,
train,tabular_004224,vid22,
train,tabular_007063,vid2,
train,tabular_002438,cold_13,
train,tabular_008410,vid10,
train,tabular_004787,vid15,
train,tabular_003143,cold_12,
train,tabular_006715,vid6,
train,tabular_005476,cold_19,
train,tabular_008526,vid6,
train,tabular_007499,hot_12,
train,tabular_008745,cold_27,
train,tabular_008902,vid2,
train,tabular_009232,hot_23,
train,tabular_004478,hot_35,
train,tabular_006453,hot_31,
train,tabular_007123,cold_29,
train,tabular_007651,vid15,
train,tabular_008964,vid11,
train,tabular_004415,vid19,
train,tabular_008749,vid13,
train,tabular_000984,cold_05,
train,tabular_003632,hot_35,
train,tabular_006590,vid10,
train,tabular_006872,cold_27,
train,tabular_006223,cold_03,
train,tabular_008300,vid23,
train,tabular_002901,hot_08,
train,tabular_001491,hot_03,
train,tabular_003201,cold_34,
train,tabular_006081,vid22,
train,tabular_004768,cold_08,
train,tabular_006909,vid25,
train,tabular_006874,vid8,
train,tabular_004930,hot_01,
train,tabular_001573,vid4,
train,tabular_002228,hot_13,
train,tabular_004130,cold_11,
train,tabular_001273,vid27,
train,tabular_009150,vid2,
train,tabular_007983,vid34,
train,tabular_003985,vid2,
train,tabular_007647,cold_26,
train,tabular_007825,cold_30,
train,tabular_008832,cold_28,
train,tabular_008857,cold_35,
train,tabular_007093,hot_14,
train,tabular_000837,vid31,
train,tabular_008954,hot_08,
train,tabular_004045,cold_08,
train,tabular_001278,cold_22,
train,tabular_001301,vid9,
train,tabular_000661,cold_15,
train,tabular_001259,cold_17,
train,tabular_005337,vid31,
train,tabular_007248,cold_06,
train,tabular_001261,cold_18,
train,tabular_007656,cold_30,
train,tabular_005329,cold_05,
train,tabular_000068,vid7,
train,tabular_007457,vid26,
train,tabular_008251,hot_03,
train,tabular_006091,vid26,
train,tabular_005473,cold_18,
train,tabular_008257,cold_09,
train,tabular_003571,hot_28,
train,tabular_001159,vid14,
train,tabular_004669,vid15,
train,tabular_008265,cold_12,
train,tabular_001035,cold_26,
train,tabular_004386,cold_20,
train,tabular_001924,hot_02,
train,tabular_006248,vid27,
train,tabular_004072,vid25,
train,tabular_001822,vid27,
train,tabular_007256,cold_09,
train,tabular_001274,cold_19,
train,tabular_003694,hot_09,
train,tabular_005050,vid22,
train,tabular_001123,vid4,
train,tabular_005922,vid1,
train,tabular_000840,vid35,
train,tabular_005930,cold_24,
train,tabular_001227,cold_31,
train,tabular_008277,vid17,
train,tabular_006880,vid11,
train,tabular_002687,vid20,
train,tabular_001010,hot_23,
train,tabular_005881,cold_35,
train,tabular_002344,cold_19,
train,tabular_007269,hot_15,
train,tabular_004964,hot_08,
train,tabular_000430,vid26,
train,tabular_001643,vid30,
train,tabular_008930,cold_35,
train,tabular_004113,vid8,
train,tabular_002746,cold_31,
train,tabular_001305,hot_31,
train,tabular_000979,vid4,
train,tabular_008313,vid30,
train,tabular_005132,vid26,
train,tabular_004200,vid12,
train,tabular_002258,vid18,
train,tabular_003115,vid19,
train,tabular_002974,cold_26,
train,tabular_000655,cold_12,
train,tabular_002028,hot_17,
train,tabular_001529,vid14,
train,tabular_006112,cold_26,
train,tabular_006416,cold_18,
train,tabular_002837,vid34,
train,tabular_001469,hot_32,
train,tabular_001138,cold_31,
train,tabular_002481,hot_13,
train,tabular_002253,cold_22,
train,tabular_006120,cold_28,
train,tabular_008407,hot_21,
train,tabular_001955,cold_31,
train,tabular_002591,vid26,
train,tabular_003008,vid23,
train,tabular_009003,vid23,
train,tabular_001061,vid35,
train,tabular_006439,cold_28,
train,tabular_006708,vid32,
train,tabular_008432,vid2,
train,tabular_008120,vid26,
train,tabular_006354,cold_27,
train,tabular_008578,vid3,
train,tabular_006876,vid9,
train,tabular_008489,cold_33,
train,tabular_006314,hot_13,
train,tabular_009188,vid6,
train,tabular_005598,vid25,
train,tabular_001575,cold_09,
train,tabular_001135,cold_28,
train,tabular_001222,vid9,
train,tabular_002677,cold_11,
train,tabular_006486,cold_12,
train,tabular_002597,vid3,
train,tabular_004513,vid34,
train,tabular_006437,cold_26,
train,tabular_002116,vid8,
train,tabular_008322,vid4,
train,tabular_004172,hot_20,
train,tabular_002965,cold_19,
train,tabular_008939,cold_04,
train,tabular_006276,vid6,
train,tabular_000491,cold_23,
train,tabular_006919,vid30,
train,tabular_003601,vid12,
train,tabular_000866,vid12,
train,tabular_001711,vid7,
train,tabular_000569,vid27,
train,tabular_009138,cold_19,
train,tabular_008511,hot_31,
train,tabular_008196,cold_21,
train,tabular_004150,vid23,
train,tabular_000933,cold_32,
train,tabular_003463,vid15,
train,tabular_000539,cold_01,
train,tabular_004381,vid34,
train,tabular_007298,hot_18,
train,tabular_005580,vid17,
train,tabular_001499,vid28,
train,tabular_002446,vid16,
train,tabular_006922,hot_24,
train,tabular_007451,vid23,
train,tabular_002913,vid13,
train,tabular_003467,vid18,
train,tabular_001130,cold_25,
train,tabular_003717,vid31,
train,tabular_007279,hot_17,
train,tabular_001806,vid18,
train,tabular_001866,cold_35,
train,tabular_005368,hot_01,
train,tabular_007348,hot_25,
train,tabular_007226,vid20,
train,tabular_000560,vid22,
train,tabular_004183,vid6,
train,tabular_002037,cold_25,
train,tabular_005638,vid12,
train,tabular_007639,vid10,
train,tabular_005184,vid18,
train,tabular_007436,vid19,
train,tabular_006616,vid22,
train,tabular_002766,vid28,
train,tabular_004157,cold_18,
train,tabular_003359,vid28,
train,tabular_007730,vid14,
train,tabular_003216,cold_05,
train,tabular_002108,cold_17,
train,tabular_007203,vid10,
train,tabular_004234,vid28,
train,tabular_007540,vid29,
train,tabular_007704,hot_02,
train,tabular_009233,vid23,
train,tabular_007183,vid34,
train,tabular_005961,cold_34,
train,tabular_004981,cold_25,
train,tabular_000482,cold_18,
train,tabular_007079,cold_11,
train,tabular_003664,cold_06,
train,tabular_000641,vid28,
train,tabular_003282,cold_02,
train,tabular_006077,cold_11,
train,tabular_003997,hot_22,
train,tabular_006877,vid1,
train,tabular_008429,vid18,
train,tabular_004712,cold_22,
train,tabular_006960,cold_27,
train,tabular_007830,vid23,
train,tabular_004857,vid22,
train,tabular_004318,vid32,
train,tabular_005691,cold_29,
train,tabular_008222,cold_32,
train,tabular_004549,hot_14,
train,tabular_008811,vid1,
train,tabular_005582,cold_21,
train,tabular_003456,vid11,
train,tabular_000531,vid10,
train,tabular_003100,cold_23,
train,tabular_003600,cold_15,
train,tabular_004990,cold_28,
train,tabular_005220,hot_11,
train,tabular_000558,cold_07,
train,tabular_009012,cold_07,
train,tabular_003146,cold_15,
train,tabular_002782,cold_15,
train,tabular_007175,cold_17,
train,tabular_008609,vid12,
train,tabular_007024,cold_25,
train,tabular_008014,cold_26,
train,tabular_002853,hot_31,
train,tabular_000873,vid15,
train,tabular_000079,vid13,
train,tabular_001455,hot_27,
train,tabular_006403,cold_12,
train,tabular_005463,vid25,
train,tabular_004865,cold_30,
train,tabular_008840,vid24,
train,tabular_003396,cold_14,
train,tabular_004350,hot_21,
train,tabular_008449,vid31,
train,tabular_004306,hot_14,
train,tabular_006339,vid28,
train,tabular_006767,cold_23,
train,tabular_001444,cold_05,
train,tabular_008561,cold_27,
train,tabular_005164,vid9,
train,tabular_003462,hot_10,
train,tabular_006858,cold_21,
train,tabular_006188,vid1,
train,tabular_005331,hot_28,
train,tabular_002726,vid9,
train,tabular_008800,vid6,
train,tabular_005153,cold_18,
train,tabular_008047,vid35,
train,tabular_004698,cold_18,
train,tabular_005152,vid35,
train,tabular_000679,vid15,
train,tabular_003762,vid25,
train,tabular_006463,vid21,
train,tabular_004403,cold_25,
train,tabular_002285,cold_33,
train,tabular_007973,cold_09,
train,tabular_006460,cold_02,
train,tabular_000832,vid28,
train,tabular_006631,cold_06,
train,tabular_006317,vid20,
train,tabular_006621,vid26,
train,tabular_001362,cold_16,
train,tabular_007113,vid6,
train,tabular_008854,cold_34,
train,tabular_004332,vid8,
train,tabular_006505,cold_21,
train,tabular_003347,cold_27,
train,tabular_001474,hot_34,
train,tabular_007188,vid4,
train,tabular_001588,cold_14,
train,tabular_000261,cold_10,
train,tabular_005682,cold_25,
train,tabular_002084,vid26,
train,tabular_002503,vid14,
train,tabular_008742,cold_26,
train,tabular_006362,vid8,
train,tabular_008753,vid16,
train,tabular_006762,cold_18,
train,tabular_007078,vid27,
train,tabular_004721,cold_27,
train,tabular_001730,hot_05,
train,tabular_002743,vid15,
train,tabular_005907,cold_15,
train,tabular_003802,vid16,
train,tabular_003214,vid3,
train,tabular_000035,cold_11,
train,tabular_009166,vid28,
train,tabular_003434,cold_26,
train,tabular_007927,cold_27,
train,tabular_000005,vid11,
train,tabular_008934,vid32,
train,tabular_006916,cold_07,
train,tabular_007196,vid1,
train,tabular_006914,hot_23,
train,tabular_005749,vid30,
train,tabular_008517,cold_09,
train,tabular_000090,vid2,
train,tabular_008610,vid13,
train,tabular_002679,vid14,
train,tabular_004307,cold_32,
train,tabular_005954,cold_32,
train,tabular_004377,cold_17,
train,tabular_005624,hot_03,
train,tabular_008593,vid4,
train,tabular_003688,vid2,
train,tabular_003992,cold_27,
train,tabular_005940,cold_27,
train,tabular_003346,cold_26,
train,tabular_005484,cold_23,
train,tabular_003091,hot_02,
train,tabular_007076,cold_10,
train,tabular_003983,cold_22,
train,tabular_008779,vid27,
train,tabular_006713,vid4,
train,tabular_006592,vid12,
train,tabular_004107,cold_03,
train,tabular_000285,cold_16,
train,tabular_002506,cold_32,
train,tabular_006966,vid16,
train,tabular_007060,vid18,
train,tabular_000168,cold_13,
train,tabular_009070,hot_33,
train,tabular_008094,vid6,
train,tabular_006010,vid18,
train,tabular_007929,vid9,
train,tabular_002776,cold_10,
train,tabular_001868,hot_30,
train,tabular_005626,vid7,
train,tabular_004523,cold_34,
train,tabular_008285,vid20,
train,tabular_005700,vid8,
train,tabular_004760,vid30,
train,tabular_003703,hot_11,
train,tabular_009035,hot_24,
train,tabular_005762,vid5,
train,tabular_008532,cold_14,
train,tabular_007937,vid13,
train,tabular_002297,hot_24,
train,tabular_008264,cold_11,
train,tabular_002900,vid7,
train,tabular_008454,cold_19,
train,tabular_006421,cold_21,
train,tabular_001991,cold_08,
train,tabular_005859,vid18,
train,tabular_002052,cold_30,
train,tabular_006498,cold_18,
train,tabular_008383,vid3,
train,tabular_006856,vid29,
train,tabular_002750,vid20,
train,tabular_006906,cold_04,
train,tabular_003415,vid2,
train,tabular_003833,cold_25,
train,tabular_002130,hot_34,
train,tabular_005373,hot_02,
train,tabular_003184,vid16,
train,tabular_006681,vid21,
train,tabular_004012,vid29,
train,tabular_007439,hot_32,
train,tabular_000740,vid15,
train,tabular_006468,vid25,
train,tabular_005716,vid15,
train,tabular_007624,cold_15,
train,tabular_000782,vid35,
train,tabular_001755,vid29,
train,tabular_003722,vid34,
train,tabular_002692,vid23,
train,tabular_001439,vid9,
train,tabular_003084,vid6,
train,tabular_004353,vid2,
train,tabular_006910,vid26,
train,tabular_004436,cold_04,
train,tabular_003884,cold_15,
train,tabular_007038,vid10,
train,tabular_000231,hot_09,
train,tabular_004083,cold_22,
train,tabular_005043,vid18,
train,tabular_002685,vid19,
train,tabular_001468,hot_31,
train,tabular_007450,vid22,
train,tabular_006155,vid26,
train,tabular_004289,vid2,
train,tabular_002577,vid18,
train,tabular_005533,vid29,
train,tabular_003487,vid28,
train,tabular_007488,vid11,
train,tabular_008499,vid24,
train,tabular_004065,cold_17,
train,tabular_001417,vid34,
train,tabular_000381,vid4,
train,tabular_000745,hot_06,
train,tabular_001741,vid22,
train,tabular_003710,cold_22,
train,tabular_006235,vid23,
train,tabular_006211,cold_32,
train,tabular_002478,cold_27,
train,tabular_005092,vid10,
train,tabular_000761,vid27,
train,tabular_002442,cold_14,
train,tabular_001631,vid27,
train,tabular_001863,vid17,
train,tabular_001878,hot_32,
train,tabular_000947,vid14,
train,tabular_006272,cold_33,
train,tabular_000434,cold_35,
train,tabular_005408,hot_09,
train,tabular_005551,cold_07,
train,tabular_003468,vid19,
train,tabular_001813,hot_22,
train,tabular_006843,vid23,
train,tabular_004275,hot_09,
train,tabular_003185,vid17,
train,tabular_000092,vid21,
train,tabular_009239,vid27,
train,tabular_005244,cold_15,
train,tabular_007524,vid22,
train,tabular_002727,hot_15,
train,tabular_002761,vid24,
train,tabular_005601,cold_29,
train,tabular_005951,vid21,
train,tabular_004202,vid13,
train,tabular_008665,cold_27,
train,tabular_002852,vid12,
train,tabular_002835,hot_27,
train,tabular_008677,vid11,
train,tabular_008992,cold_31,
train,tabular_001713,vid9,
train,tabular_003317,cold_14,
train,tabular_000331,cold_28,
train,tabular_004331,vid7,
train,tabular_006261,cold_25,
train,tabular_002880,cold_31,
train,tabular_008506,hot_30,
train,tabular_007535,vid27,
train,tabular_000395,vid11,
train,tabular_007818,vid2,
train,tabular_003181,hot_12,
train,tabular_003107,cold_28,
train,tabular_008602,vid8,
train,tabular_003025,vid4,
train,tabular_009186,cold_01,
train,tabular_008219,hot_29,
train,tabular_006131,vid14,
train,tabular_008981,hot_13,
train,tabular_001316,cold_34,
train,tabular_005757,vid35,
train,tabular_006184,cold_14,
train,tabular_008580,cold_31,
train,tabular_002602,vid32,
train,tabular_000519,cold_32,
train,tabular_000237,cold_01,
train,tabular_000437,cold_02,
train,tabular_007894,hot_32,
train,tabular_001667,vid15,
train,tabular_002367,vid8,
train,tabular_003213,vid29,
train,tabular_001659,cold_06,
train,tabular_003401,cold_16,
train,tabular_003705,vid27,
train,tabular_002663,vid4,
train,tabular_002641,vid22,
train,tabular_002894,vid35,
train,tabular_008182,cold_10,
train,tabular_005254,vid20,
train,tabular_002795,hot_22,
train,tabular_002839,vid35,
train,tabular_000625,vid2,
train,tabular_001965,vid34,
train,tabular_007776,cold_06,
train,tabular_005860,vid19,
train,tabular_005338,hot_30,
train,tabular_005811,cold_32,
train,tabular_008541,vid11,
train,tabular_000656,vid5,
train,tabular_008325,vid5,
train,tabular_004393,cold_22,
train,tabular_009218,cold_11,
train,tabular_001757,hot_10,
train,tabular_006655,cold_14,
train,tabular_002113,hot_30,
train,tabular_003121,hot_06,
train,tabular_001336,vid26,
train,tabular_005204,cold_04,
train,tabular_004951,cold_16,
train,tabular_004925,vid24,
train,tabular_004638,cold_35,
train,tabular_000588,cold_18,
train,tabular_000473,hot_06,
train,tabular_006410,cold_16,
train,tabular_006431,vid8,
train,tabular_003413,vid19,
train,tabular_008371,vid24,
train,tabular_005432,cold_03,
train,tabular_001484,cold_17,
train,tabular_005293,vid8,
train,tabular_002087,vid27,
train,tabular_008019,vid2,
train,tabular_007185,cold_21,
train,tabular_001321,vid2,
train,tabular_006612,cold_34,
train,tabular_008504,vid27,
train,tabular_007786,vid1,
train,tabular_000774,cold_17,
train,tabular_008180,vid18,
train,tabular_007931,vid10,
train,tabular_004608,hot_23,
train,tabular_007080,cold_12,
train,tabular_008427,vid16,
train,tabular_002189,vid13,
train,tabular_006754,cold_16,
train,tabular_007537,hot_20,
train,tabular_008864,cold_04,
train,tabular_005390,vid23,
train,tabular_000790,hot_14,
train,tabular_009192,cold_03,
train,tabular_005712,vid13,
train,tabular_000124,vid5,
train,tabular_007713,vid7,
train,tabular_006003,cold_16,
train,tabular_003435,vid32,
train,tabular_001877,vid20,
train,tabular_005226,hot_14,
train,tabular_006654,vid10,
train,tabular_000800,hot_16,
train,tabular_003351,vid23,
train,tabular_000654,vid4,
train,tabular_008481,vid16,
train,tabular_003196,vid22,
train,tabular_005687,vid32,
train,tabular_006699,vid29,
train,tabular_006985,cold_07,
train,tabular_002301,vid35,
train,tabular_002814,cold_21,
train,tabular_002824,vid28,
train,tabular_009077,hot_35,
train,tabular_003331,vid19,
train,tabular_005215,vid34,
train,tabular_001699,hot_34,
train,tabular_006148,vid21,
train,tabular_004112,cold_05,
train,tabular_005197,cold_35,
train,tabular_006734,vid12,
train,tabular_001339,cold_06,
train,tabular_008097,vid9,
train,tabular_001769,cold_03,
train,tabular_008515,vid30,
train,tabular_006189,cold_17,
train,tabular_003339,cold_22,
train,tabular_000202,vid8,
train,tabular_001857,hot_28,
train,tabular_004649,vid35,
train,tabular_008262,hot_05,
train,tabular_004295,cold_26,
train,tabular_004595,cold_22,
train,tabular_000756,cold_10,
train,tabular_006392,vid25,
train,tabular_007231,hot_07,
train,tabular_002858,vid16,
train,tabular_008098,vid1,
train,tabular_007217,hot_03,
train,tabular_007804,cold_19,
train,tabular_008874,vid6,
train,tabular_008834,vid20,
train,tabular_008067,cold_08,
train,tabular_001779,vid9,
train,tabular_006888,vid16,
train,tabular_008949,cold_10,
train,tabular_002884,cold_32,
train,tabular_007083,hot_12,
train,tabular_003612,cold_18,
train,tabular_007751,vid20,
train,tabular_007519,cold_04,
train,tabular_007240,vid25,
train,tabular_003267,vid20,
train,tabular_005404,vid3,
train,tabular_004208,vid16,
train,tabular_006000,vid14,
train,tabular_006996,hot_33,
train,tabular_008372,vid25,
train,tabular_007016,cold_20,
train,tabular_003245,hot_20,
train,tabular_008724,cold_17,
train,tabular_000355,vid22,
train,tabular_002563,hot_30,
train,tabular_008093,vid5,
train,tabular_000627,cold_01,
train,tabular_007115,vid8,
train,tabular_008728,vid34,
train,tabular_003861,cold_34,
train,tabular_001126,cold_23,
train,tabular_001294,cold_29,
train,tabular_000621,cold_34,
train,tabular_001598,vid14,
train,tabular_005341,vid34,
train,tabular_003340,vid21,
train,tabular_000169,vid26,
train,tabular_006133,vid16,
train,tabular_000786,vid5,
train,tabular_002499,hot_17,
train,tabular_006533,vid17,
train,tabular_002161,vid31,
train,tabular_005763,cold_18,
train,tabular_003671,vid11,
train,tabular_008026,vid22,
train,tabular_001893,vid30,
train,tabular_004903,vid11,
train,tabular_005651,cold_13,
train,tabular_005760,vid4,
train,tabular_008123,cold_15,
train,tabular_003927,hot_11,
train,tabular_004827,hot_15,
train,tabular_005060,vid27,
train,tabular_007623,vid4,
train,tabular_000669,cold_19,
train,tabular_005067,vid30,
train,tabular_001922,cold_20,
train,tabular_001399,vid22,
train,tabular_006496,vid31,
train,tabular_002298,cold_05,
train,tabular_002571,cold_16,
train,tabular_006569,cold_14,
train,tabular_005003,cold_30,
train,tabular_003484,cold_03,
train,tabular_001390,cold_26,
train,tabular_000257,cold_08,
train,tabular_006646,vid7,
train,tabular_001811,vid20,
train,tabular_008940,cold_05,
train,tabular_005955,vid23,
train,tabular_006488,cold_13,
train,tabular_004119,vid1,
train,tabular_001214,vid6,
train,tabular_008456,vid4,
train,tabular_006575,vid35,
train,tabular_006287,cold_03,
train,tabular_005949,cold_30,
train,tabular_005903,vid32,
train,tabular_003271,vid22,
train,tabular_007691,vid27,
train,tabular_003402,vid13,
train,tabular_001617,cold_23,
train,tabular_002513,vid2,
train,tabular_005185,cold_29,
train,tabular_000268,vid10,
train,tabular_001429,cold_01,
train,tabular_000737,vid12,
train,tabular_004662,cold_07,
train,tabular_008970,cold_20,
train,tabular_006412,hot_26,
train,tabular_001039,vid24,
train,tabular_007393,hot_27,
train,tabular_005105,cold_31,
train,tabular_003648,cold_35,
train,tabular_005755,hot_24,
train,tabular_007515,cold_02,
train,tabular_005595,cold_26,
train,tabular_002540,vid35,
train,tabular_001590,vid11,
train,tabular_002779,vid32,
train,tabular_008159,vid1,
train,tabular_001038,vid23,
train,tabular_001693,cold_19,
train,tabular_003291,vid30,
train,tabular_006826,vid15,
train,tabular_001352,cold_11,
train,tabular_008232,vid28,
train,tabular_009085,hot_01,
train,tabular_004759,hot_07,
train,tabular_008124,vid29,
train,tabular_005488,vid4,
train,tabular_001054,vid31,
train,tabular_008415,cold_06,
train,tabular_003065,vid22,
train,tabular_005146,vid31,
train,tabular_006206,vid15,
train,tabular_004143,vid19,
train,tabular_004471,cold_19,
train,tabular_003320,vid11,
train,tabular_000596,cold_25,
train,tabular_005703,vid1,
train,tabular_001729,vid16,
train,tabular_008423,cold_11,
train,tabular_004121,cold_08,
train,tabular_001931,hot_04,
train,tabular_005386,cold_23,
train,tabular_004323,vid4,
train,tabular_007442,vid20,
train,tabular_000819,hot_19,
train,tabular_007949,cold_01,
train,tabular_005774,vid9,
train,tabular_004300,vid25,
train,tabular_004755,cold_03,
train,tabular_008166,cold_03,
train,tabular_007507,vid18,
train,tabular_002770,vid3,
train,tabular_000366,vid26,
train,tabular_002508,vid17,
train,tabular_004801,cold_17,
train,tabular_007836,vid26,
train,tabular_006639,vid35,
train,tabular_006601,cold_29,
train,tabular_002163,hot_03,
train,tabular_005944,vid19,
train,tabular_001712,vid8,
train,tabular_002249,vid13,
train,tabular_002104,vid35,
train,tabular_005165,vid1,
train,tabular_002338,vid21,
train,tabular_006024,vid24,
train,tabular_007149,cold_08,
train,tabular_005555,cold_08,
train,tabular_005775,cold_24,
train,tabular_007821,hot_19,
train,tabular_003578,vid7,
train,tabular_005253,vid2,
train,tabular_008243,hot_01,
train,tabular_007293,cold_26,
train,tabular_004800,hot_12,
train,tabular_008729,vid35,
train,tabular_001985,vid12,
train,tabular_004686,vid23,
train,tabular_007710,vid5,
train,tabular_000915,vid34,
train,tabular_004081,vid3,
train,tabular_001852,vid13,
train,tabular_005991,vid10,
train,tabular_008762,vid2,
train,tabular_006449,cold_34,
train,tabular_003539,vid23,
train,tabular_004247,vid31,
train,tabular_007634,vid9,
train,tabular_008835,hot_32,
train,tabular_005529,vid26,
train,tabular_007880,cold_11,
train,tabular_003067,vid24,
train,tabular_002272,vid25,
train,tabular_000405,hot_32,
train,tabular_001645,vid31,
train,tabular_001696,cold_20,
train,tabular_005021,vid7,
train,tabular_006258,cold_23,
train,tabular_003977,hot_17,
train,tabular_000672,vid11,
train,tabular_007454,hot_01,
train,tabular_007638,vid1,
train,tabular_008333,vid8,
train,tabular_003385,hot_02,
train,tabular_005982,vid6,
train,tabular_008298,cold_29,
train,tabular_002601,hot_35,
train,tabular_009000,vid22,
train,tabular_001754,vid28,
train,tabular_004718,vid10,
train,tabular_005104,cold_30,
train,tabular_003457,vid12,
train,tabular_004943,hot_04,
train,tabular_007910,hot_34,
train,tabular_003620,vid22,
train,tabular_008464,cold_23,
train,tabular_003718,hot_14,
train,tabular_003844,cold_27,
train,tabular_003156,cold_17,
train,tabular_001958,vid3,
train,tabular_000351,cold_04,
train,tabular_008673,cold_31,
train,tabular_008293,cold_25,
train,tabular_003775,vid32,
train,tabular_008199,cold_23,
train,tabular_007529,cold_06,
train,tabular_005323,vid25,
train,tabular_004715,cold_24,
train,tabular_004428,cold_01,
train,tabular_004836,cold_23,
train,tabular_002626,vid13,
train,tabular_001636,cold_34,
train,tabular_008379,vid28,
train,tabular_005322,vid24,
train,tabular_008445,vid29,
train,tabular_004731,cold_31,
train,tabular_003263,cold_25,
train,tabular_003592,cold_09,
train,tabular_003672,vid12,
train,tabular_001886,vid26,
train,tabular_005120,cold_06,
train,tabular_007121,cold_28,
train,tabular_002381,vid16,
train,tabular_007528,vid25,
train,tabular_006344,vid3,
train,tabular_002334,cold_16,
train,tabular_006998,vid27,
train,tabular_006781,cold_29,
train,tabular_008358,cold_20,
train,tabular_003095,cold_21,
train,tabular_004785,vid14,
train,tabular_005395,vid25,
train,tabular_008250,vid6,
train,tabular_008271,vid14,
train,tabular_007326,vid28,
train,tabular_008910,cold_23,
train,tabular_003174,vid11,
train,tabular_005516,vid18,
train,tabular_002574,cold_17,
train,tabular_001163,vid17,
train,tabular_008607,vid10,
train,tabular_000284,vid20,
train,tabular_003928,cold_32,
train,tabular_007232,cold_01,
train,tabular_006672,cold_21,
train,tabular_005158,cold_21,
train,tabular_008033,cold_34,
train,tabular_000797,cold_22,
train,tabular_004041,vid1,
train,tabular_000205,hot_05,
train,tabular_007130,vid12,
train,tabular_001620,vid23,
train,tabular_008994,vid2,
train,tabular_003409,cold_19,
train,tabular_002171,cold_35,
train,tabular_008933,vid31,
train,tabular_001093,vid22,
train,tabular_007367,cold_18,
train,tabular_005639,vid13,
train,tabular_008233,vid29,
train,tabular_007633,cold_19,
train,tabular_005361,cold_17,
train,tabular_003863,vid1,
train,tabular_001837,vid4,
train,tabular_000678,vid14,
train,tabular_006778,cold_27,
train,tabular_004201,hot_27,
train,tabular_007106,hot_20,
train,tabular_007539,vid28,
train,tabular_002242,vid9,
train,tabular_005788,vid16,
train,tabular_007446,hot_33,
train,tabular_008505,vid28,
train,tabular_003357,cold_32,
train,tabular_004770,hot_09,
train,tabular_006857,vid3,
train,tabular_004906,vid13,
train,tabular_003896,vid18,
train,tabular_002589,vid24,
train,tabular_006545,vid24,
train,tabular_003160,cold_21,
train,tabular_003044,cold_11,
train,tabular_004938,vid30,
train,tabular_000495,hot_07,
train,tabular_000853,cold_02,
train,tabular_004655,vid8,
train,tabular_008292,cold_24,
train,tabular_001756,vid3,
train,tabular_005876,cold_33,
train,tabular_002870,hot_34,
train,tabular_007897,vid23,
train,tabular_000297,vid27,
train,tabular_000113,vid3,
train,tabular_006550,vid27,
train,tabular_004061,vid18,
train,tabular_008953,cold_11,
train,tabular_001245,cold_10,
train,tabular_000464,vid1,
train,tabular_007523,vid21,
train,tabular_003230,cold_08,
train,tabular_000312,vid5,
train,tabular_004134,cold_12,
train,tabular_001020,hot_26,
train,tabular_004699,vid32,
train,tabular_008837,vid22,
train,tabular_007738,vid17,
train,tabular_004315,vid31,
train,tabular_008789,hot_25,
train,tabular_003094,vid12,
train,tabular_005869,hot_33,
train,tabular_000051,vid30,
train,tabular_008851,vid3,
train,tabular_007214,cold_32,
train,tabular_005629,vid8,
train,tabular_008091,vid35,
train,tabular_007396,cold_32,
train,tabular_002710,vid32,
train,tabular_005836,cold_11,
train,tabular_008944,vid6,
train,tabular_002931,vid21,
train,tabular_000616,vid13,
train,tabular_007663,vid2,
train,tabular_005295,vid1,
train,tabular_000632,vid24,
train,tabular_007445,cold_18,
train,tabular_008891,vid14,
train,tabular_005943,vid18,
train,tabular_000831,vid27,
train,tabular_007913,vid34,
train,tabular_005156,vid4,
train,tabular_002082,cold_07,
train,tabular_005459,cold_14,
train,tabular_000795,vid10,
train,tabular_001565,cold_07,
train,tabular_008453,hot_25,
train,tabular_005896,vid30,
train,tabular_006110,cold_25,
train,tabular_009146,vid18,
train,tabular_003610,vid16,
train,tabular_005005,cold_31,
train,tabular_005245,vid15,
train,tabular_005030,cold_02,
train,tabular_003661,vid6,
train,tabular_005953,hot_10,
train,tabular_002822,vid27,
train,tabular_005927,vid12,
train,tabular_000413,cold_30,
train,tabular_000902,hot_03,
train,tabular_005192,cold_32,
train,tabular_001509,vid34,
train,tabular_001497,hot_04,
train,tabular_006959,cold_26,
train,tabular_005823,vid9,
train,tabular_008646,vid3,
train,tabular_003545,vid27,
train,tabular_000526,vid6,
train,tabular_001238,cold_05,
train,tabular_001367,vid6,
train,tabular_003446,vid7,
train,tabular_004809,vid27,
train,tabular_003665,vid8,
train,tabular_002957,hot_18,
train,tabular_001944,vid22,
train,tabular_000676,vid13,
train,tabular_005480,hot_20,
train,tabular_002005,cold_15,
train,tabular_002406,hot_02,
train,tabular_000103,vid25,
train,tabular_008657,cold_23,
train,tabular_005462,vid24,
train,tabular_001920,cold_18,
train,tabular_002060,vid16,
train,tabular_004312,vid29,
train,tabular_002324,vid15,
train,tabular_002317,hot_28,
train,tabular_005707,vid10,
train,tabular_004572,cold_14,
train,tabular_007202,cold_28,
train,tabular_003759,vid23,
train,tabular_003673,vid13,
train,tabular_004971,cold_23,
train,tabular_005996,vid12,
train,tabular_005134,cold_11,
train,tabular_001488,cold_20,
train,tabular_006841,cold_13,
train,tabular_004496,vid23,
train,tabular_001170,cold_10,
train,tabular_003499,cold_05,
train,tabular_000923,vid5,
train,tabular_000404,cold_25,
train,tabular_001557,vid24,
train,tabular_003130,cold_04,
train,tabular_004168,vid30,
train,tabular_004250,vid35,
train,tabular_009221,cold_13,
train,tabular_001111,cold_17,
train,tabular_005599,vid26,
train,tabular_008087,vid30,
train,tabular_009206,vid12,
train,tabular_002561,vid11,
train,tabular_002487,vid6,
train,tabular_007689,hot_35,
train,tabular_002649,vid25,
train,tabular_001675,cold_12,
train,tabular_006679,cold_23,
train,tabular_001736,vid2,
train,tabular_002970,cold_23,
train,tabular_005362,vid1,
train,tabular_008624,hot_12,
train,tabular_001825,vid29,
train,tabular_005939,vid17,
train,tabular_009195,vid1,
train,tabular_007694,cold_14,
train,tabular_006284,cold_02,
train,tabular_004633,cold_33,
train,tabular_000870,cold_09,
train,tabular_001349,cold_10,
train,tabular_007322,cold_04,
train,tabular_001037,cold_27,
train,tabular_001576,vid6,
train,tabular_000647,vid30,
train,tabular_004184,vid7,
train,tabular_005084,cold_18,
train,tabular_004790,vid18,
train,tabular_002923,cold_06,
train,tabular_001992,hot_11,
train,tabular_002363,vid6,
train,tabular_001968,vid4,
train,tabular_007122,hot_21,
train,tabular_007219,cold_33,
train,tabular_008614,vid15,
train,tabular_005221,vid6,
train,tabular_004472,vid14,
train,tabular_002546,vid4,
train,tabular_006282,vid9,
train,tabular_004230,cold_07,
train,tabular_000184,cold_20,
train,tabular_003739,vid11,
train,tabular_004086,vid32,
train,tabular_007616,cold_10,
train,tabular_002660,vid32,
train,tabular_002538,cold_05,
train,tabular_002418,cold_07,
train,tabular_006719,vid8,
train,tabular_009032,hot_23,
train,tabular_008979,hot_12,
train,tabular_004485,hot_01,
train,tabular_003881,cold_13,
train,tabular_001526,vid11,
train,tabular_007081,cold_13,
train,tabular_000084,cold_27,
train,tabular_002110,hot_28,
train,tabular_001553,hot_16,
train,tabular_004140,hot_15,
train,tabular_007485,vid10,
train,tabular_004182,vid5,
train,tabular_000861,vid11,
train,tabular_006584,vid9,
train,tabular_008331,vid7,
train,tabular_005028,hot_25,
train,tabular_007649,vid14,
train,tabular_002154,hot_01,
train,tabular_008679,vid13,
train,tabular_001325,hot_34,
train,tabular_000857,cold_03,
train,tabular_000818,cold_28,
train,tabular_007132,cold_32,
train,tabular_002013,vid25,
train,tabular_009010,vid24,
train,tabular_006250,vid29,
train,tabular_004473,hot_34,
train,tabular_006522,vid12,
train,tabular_002876,hot_02,
train,tabular_005238,hot_15,
train,tabular_003699,vid25,
train,tabular_002869,cold_28,
train,tabular_003939,cold_03,
train,tabular_005768,cold_21,
train,tabular_002282,hot_21,
train,tabular_002342,vid24,
train,tabular_004939,cold_15,
train,tabular_004881,hot_32,
train,tabular_005998,cold_13,
train,tabular_003489,vid3,
train,tabular_006851,vid27,
train,tabular_003755,vid20,
train,tabular_006744,hot_35,
train,tabular_004280,cold_21,
train,tabular_002681,vid16,
train,tabular_005791,vid18,
train,tabular_003643,vid3,
train,tabular_005101,cold_27,
train,tabular_001827,cold_21,
train,tabular_003319,cold_15,
train,tabular_006902,vid23,
train,tabular_009142,vid15,
train,tabular_004553,cold_05,
train,tabular_004794,hot_10,
train,tabular_002274,cold_28,
train,tabular_003012,vid25,
train,tabular_003798,vid14,
train,tabular_003404,vid15,
train,tabular_008220,vid26,
train,tabular_000252,vid35,
train,tabular_001840,cold_24,
train,tabular_003869,cold_04,
train,tabular_004054,cold_12,
train,tabular_008883,vid1,
train,tabular_007715,vid9,
train,tabular_008734,cold_21,
train,tabular_005203,cold_03,
train,tabular_005136,vid27,
train,tabular_001203,vid30,
train,tabular_000681,cold_21,
train,tabular_001911,cold_14,
train,tabular_000950,vid16,
train,tabular_003327,vid16,
train,tabular_007841,hot_24,
train,tabular_006226,cold_06,
train,tabular_007034,vid9,
train,tabular_001413,cold_30,
train,tabular_004103,cold_35,
train,tabular_002323,hot_29,
train,tabular_002631,vid17,
train,tabular_006946,vid11,
train,tabular_002729,vid1,
train,tabular_000803,vid12,
train,tabular_000928,cold_28,
train,tabular_007288,cold_23,
train,tabular_007506,hot_15,
train,tabular_006521,vid11,
train,tabular_002136,vid18,
train,tabular_001384,cold_23,
train,tabular_004063,vid2,
train,tabular_005333,cold_06,
train,tabular_006075,vid18,
train,tabular_008936,cold_02,
train,tabular_003306,cold_09,
train,tabular_001902,cold_09,
train,tabular_007430,cold_10,
train,tabular_003059,cold_15,
train,tabular_009104,cold_05,
train,tabular_007790,hot_15,
train,tabular_008929,hot_06,
train,tabular_004028,vid4,
train,tabular_007043,hot_04,
train,tabular_004863,hot_25,
train,tabular_008556,vid19,
train,tabular_008682,vid16,
train,tabular_000293,vid23,
train,tabular_009110,vid32,
train,tabular_002714,vid4,
train,tabular_008064,vid15,
train,tabular_001317,vid18,
train,tabular_007512,cold_35,
train,tabular_007295,cold_27,
train,tabular_007470,hot_06,
train,tabular_007339,cold_07,
train,tabular_006251,cold_20,
train,tabular_005828,vid10,
train,tabular_005306,cold_35,
train,tabular_005436,hot_12,
train,tabular_006264,cold_28,
train,tabular_000982,cold_04,
train,tabular_003596,cold_12,
train,tabular_000587,cold_17,
train,tabular_003236,vid11,
train,tabular_001514,hot_09,
train,tabular_006704,vid30,
train,tabular_000340,cold_32,
train,tabular_006615,cold_01,
train,tabular_007209,vid13,
train,tabular_008308,vid27,
train,tabular_000216,vid14,
train,tabular_004650,vid4,
train,tabular_000108,vid27,
train,tabular_003476,hot_12,
train,tabular_006171,hot_30,
train,tabular_002768,cold_06,
train,tabular_004808,vid26,
train,tabular_003950,cold_09,
train,tabular_007015,vid35,
train,tabular_008905,vid22,
train,tabular_001005,cold_14,
train,tabular_003375,hot_35,
train,tabular_005813,vid4,
train,tabular_004871,cold_31,
train,tabular_004138,hot_14,
train,tabular_005391,vid24,
train,tabular_003995,cold_29,
train,tabular_004325,cold_02,
train,tabular_001082,vid15,
train,tabular_007008,cold_16,
train,tabular_007810,cold_23,
train,tabular_005735,vid22,
train,tabular_000841,hot_23,
train,tabular_003491,vid31,
train,tabular_006030,cold_26,
train,tabular_006711,vid35,
train,tabular_001500,hot_05,
train,tabular_007002,cold_14,
train,tabular_002046,vid8,
train,tabular_004034,vid7,
train,tabular_002760,cold_03,
train,tabular_003492,vid32,
train,tabular_000008,cold_03,
train,tabular_005795,vid21,
train,tabular_002038,cold_26,
train,tabular_006415,vid32,
train,tabular_003316,hot_27,
train,tabular_006686,hot_24,
train,tabular_001898,cold_08,
train,tabular_002075,cold_05,
train,tabular_006993,vid26,
train,tabular_003901,hot_04,
train,tabular_008817,hot_29,
train,tabular_001844,cold_26,
train,tabular_008462,vid8,
train,tabular_006611,vid20,
train,tabular_006215,cold_35,
train,tabular_003418,vid21,
train,tabular_005313,vid19,
train,tabular_007572,vid8,
train,tabular_001171,hot_11,
train,tabular_006231,hot_35,
train,tabular_003180,vid14,
train,tabular_006864,vid35,
train,tabular_002984,vid12,
train,tabular_000377,vid34,
train,tabular_008555,cold_23,
train,tabular_001239,cold_06,
train,tabular_006061,vid8,
train,tabular_001289,vid34,
train,tabular_007627,vid6,
train,tabular_005621,hot_02,
train,tabular_007900,cold_19,
train,tabular_007605,cold_06,
train,tabular_003579,hot_29,
train,tabular_005356,cold_14,
train,tabular_000694,vid20,
train,tabular_000497,hot_08,
train,tabular_006007,vid17,
train,tabular_005400,cold_27,
train,tabular_007563,cold_23,
train,tabular_000937,vid1,
train,tabular_004227,vid25,
train,tabular_009183,cold_34,
train,tabular_005224,hot_13,
train,tabular_002307,vid8,
train,tabular_004294,cold_25,
train,tabular_007905,cold_20,
train,tabular_003823,vid26,
train,tabular_007717,hot_03,
train,tabular_007171,vid28,
train,tabular_002333,vid19,
train,tabular_008966,cold_18,
train,tabular_003583,vid8,
train,tabular_004266,vid9,
train,tabular_002757,vid22,
train,tabular_001183,cold_14,
train,tabular_004209,hot_29,
train,tabular_004504,vid27,
train,tabular_008473,hot_26,
train,tabular_003828,vid28,
train,tabular_000329,cold_27,
train,tabular_005510,hot_25,
train,tabular_004671,vid16,
train,tabular_003450,hot_07,
train,tabular_000064,vid6,
train,tabular_006532,cold_32,
train,tabular_002940,hot_15,
train,tabular_007707,vid35,
train,tabular_001007,cold_15,
train,tabular_005431,hot_11,
train,tabular_004084,cold_23,
train,tabular_006899,vid20,
train,tabular_002762,cold_04,
train,tabular_007659,vid18,
train,tabular_000336,vid15,
train,tabular_006792,vid35,
train,tabular_001670,vid18,
train,tabular_006983,vid22,
train,tabular_002429,cold_10,
train,tabular_008382,vid29,
train,tabular_002195,vid15,
train,tabular_001721,vid12,
train,tabular_006928,cold_11,
train,tabular_009093,cold_34,
train,tabular_008767,vid23,
train,tabular_005699,vid7,
train,tabular_007879,vid18,
train,tabular_007400,vid35,
train,tabular_005785,vid14,
train,tabular_007331,cold_05,
train,tabular_003022,vid32,
train,tabular_004281,cold_22,
train,tabular_004729,cold_30,
train,tabular_000727,vid7,
train,tabular_004206,cold_34,
train,tabular_007709,cold_19,
train,tabular_002238,vid6,
train,tabular_001632,hot_30,
train,tabular_002121,vid1,
train,tabular_003816,cold_20,
train,tabular_009021,vid3,
train,tabular_001042,vid26,
train,tabular_001479,hot_01,
train,tabular_002206,vid20,
train,tabular_006865,cold_23,
train,tabular_003695,vid23,
train,tabular_008104,vid13,
train,tabular_008258,hot_04,
train,tabular_004563,cold_11,
train,tabular_009178,cold_33,
train,tabular_005697,cold_33,
train,tabular_003576,vid5,
train,tabular_000034,vid23,
train,tabular_009230,hot_22,
train,tabular_008784,vid29,
train,tabular_001873,cold_03,
train,tabular_002176,hot_06,
train,tabular_008598,hot_09,
train,tabular_005457,vid22,
train,tabular_001537,cold_33,
train,tabular_004362,vid22,
train,tabular_000844,hot_24,
train,tabular_008638,vid27,
train,tabular_002059,vid15,
train,tabular_004216,vid19,
train,tabular_000586,vid34,
train,tabular_004783,vid13,
train,tabular_005265,cold_20,
train,tabular_007741,cold_32,
train,tabular_009238,cold_19,
train,tabular_007792,vid11,
train,tabular_003577,vid6,
train,tabular_003302,vid5,
train,tabular_000864,cold_06,
train,tabular_005977,vid35,
train,tabular_008925,cold_32,
train,tabular_007452,vid24,
train,tabular_004091,vid34,
train,tabular_003646,vid32,
train,tabular_005560,hot_33,
train,tabular_008433,vid20,
train,tabular_006040,vid31,
train,tabular_003712,vid3,
train,tabular_007954,vid20,
train,tabular_008628,cold_11,
train,tabular_008328,hot_12,
train,tabular_002045,cold_28,
train,tabular_008978,vid17,
train,tabular_007131,vid13,
train,tabular_001871,cold_01,
train,tabular_003959,vid1,
train,tabular_008444,vid28,
train,tabular_001263,vid2,
train,tabular_007716,cold_21,
train,tabular_002357,vid32,
train,tabular_000728,hot_04,
train,tabular_000568,vid26,
train,tabular_003177,vid12,
train,tabular_006216,vid17,
train,tabular_004199,hot_26,
train,tabular_005764,cold_19,
train,tabular_002706,vid3,
train,tabular_007570,cold_28,
train,tabular_001684,vid24,
train,tabular_005257,vid22,
train,tabular_000991,cold_10,
train,tabular_000877,vid16,
train,tabular_003277,cold_34,
train,tabular_003194,vid20,
train,tabular_005235,cold_12,
train,tabular_002374,vid11,
train,tabular_006380,hot_23,
train,tabular_008203,cold_25,
train,tabular_001166,hot_10,
train,tabular_002145,vid22,
train,tabular_000091,vid20,
train,tabular_004316,cold_35,
train,tabular_008459,cold_21,
train,tabular_002585,cold_22,
train,tabular_005644,cold_12,
train,tabular_006114,vid4,
train,tabular_003173,hot_10,
train,tabular_007962,vid22,
train,tabular_000911,cold_21,
train,tabular_003017,cold_02,
train,tabular_001655,vid9,
train,tabular_004795,vid2,
train,tabular_004450,vid4,
train,tabular_007055,cold_03,
train,tabular_008059,cold_05,
train,tabular_000111,hot_24,
train,tabular_002873,cold_29,
train,tabular_003936,cold_02,
train,tabular_003140,cold_10,
train,tabular_008543,cold_19,
train,tabular_000549,hot_17,
train,tabular_000572,cold_10,
train,tabular_008999,vid21,
train,tabular_000631,vid23,
train,tabular_006560,hot_10,
train,tabular_008924,cold_31,
train,tabular_005889,cold_05,
train,tabular_008880,cold_12,
train,tabular_005729,cold_10,
train,tabular_005744,vid28,
train,tabular_000483,vid19,
train,tabular_001240,cold_07,
train,tabular_004954,vid9,
train,tabular_008855,vid32,
train,tabular_000421,cold_32,
train,tabular_007087,cold_15,
train,tabular_006224,cold_04,
train,tabular_004139,vid16,
train,tabular_003170,cold_23,
train,tabular_001780,hot_16,
train,tabular_006554,cold_06,
train,tabular_007329,vid30,
train,tabular_000304,hot_16,
train,tabular_004005,vid26,
train,tabular_004354,hot_22,
train,tabular_004033,hot_35,
train,tabular_008422,cold_10,
train,tabular_001804,vid17,
train,tabular_008660,vid34,
train,tabular_001791,cold_11,
train,tabular_001923,cold_21,
train,tabular_005069,vid31,
train,tabular_007312,cold_34,
train,tabular_002917,vid16,
train,tabular_006796,cold_33,
train,tabular_008013,cold_25,
train,tabular_001681,vid22,
train,tabular_008305,cold_33,
train,tabular_006531,vid16,
train,tabular_003548,cold_22,
train,tabular_003904,hot_05,
train,tabular_008269,vid13,
train,tabular_007289,vid13,
train,tabular_000219,vid17,
train,tabular_003104,hot_04,
train,tabular_002268,vid22,
train,tabular_003605,vid14,
train,tabular_006751,cold_14,
train,tabular_004682,vid20,
train,tabular_001612,vid20,
train,tabular_003877,cold_10,
train,tabular_008590,cold_35,
train,tabular_000634,cold_03,
train,tabular_006920,cold_09,
train,tabular_002941,vid26,
train,tabular_003993,cold_28,
train,tabular_000944,hot_11,
train,tabular_002385,vid18,
train,tabular_000182,cold_18,
train,tabular_009202,hot_16,
train,tabular_008446,vid3,
train,tabular_001981,cold_06,
train,tabular_001697,vid3,
train,tabular_005423,vid7,
train,tabular_008720,vid30,
train,tabular_006105,cold_20,
train,tabular_002522,vid24,
train,tabular_004260,vid8,
train,tabular_003783,vid5,
train,tabular_007095,hot_16,
train,tabular_000534,hot_13,
train,tabular_001112,vid29,
train,tabular_000881,hot_32,
train,tabular_000964,vid26,
train,tabular_007696,vid29,
train,tabular_003105,cold_26,
train,tabular_005664,vid24,
train,tabular_001548,cold_03,
train,tabular_008588,vid35,
train,tabular_000062,cold_19,
train,tabular_003513,cold_11,
train,tabular_004931,vid28,
train,tabular_006790,vid32,
train,tabular_001910,vid9,
train,tabular_006760,vid21,
train,tabular_004240,hot_34,
train,tabular_007460,cold_20,
train,tabular_006491,cold_15,
train,tabular_004642,cold_04,
train,tabular_004889,cold_35,
train,tabular_000914,hot_05,
train,tabular_003485,vid27,
train,tabular_000735,hot_05,
train,tabular_006268,cold_30,
train,tabular_007618,cold_12,
train,tabular_000275,vid15,
train,tabular_005228,vid7,
train,tabular_006561,hot_11,
train,tabular_002624,vid11,
train,tabular_002612,vid7,
train,tabular_001065,cold_35,
train,tabular_009053,vid14,
train,tabular_003186,cold_27,
train,tabular_001383,vid13,
train,tabular_003266,vid2,
train,tabular_003255,cold_19,
train,tabular_006170,vid35,
train,tabular_002813,vid2,
train,tabular_001401,vid24,
train,tabular_000570,vid28,
train,tabular_004258,vid6,
train,tabular_006347,cold_25,
test,tabular_006757,cold_17,
test,tabular_002210,vid22,
test,tabular_005522,vid21,
test,tabular_001795,cold_12,
test,tabular_005416,cold_32,
test,tabular_006109,cold_24,
test,tabular_007475,vid35,
test,tabular_006307,vid15,
test,tabular_002881,vid27,
test,tabular_009185,vid5,
test,tabular_007585,vid16,
test,tabular_002069,vid19,
test,tabular_001586,cold_13,
test,tabular_007834,vid24,
test,tabular_007162,vid23,
test,tabular_004330,hot_17,
test,tabular_000556,cold_06,
test,tabular_004717,vid1,
test,tabular_007963,cold_08,
test,tabular_004396,vid10,
test,tabular_000585,cold_16,
test,tabular_007615,vid32,
test,tabular_005808,vid32,
test,tabular_006557,vid29,
test,tabular_002570,cold_15,
test,tabular_007031,vid7,
test,tabular_001799,cold_14,
test,tabular_006325,vid25,
test,tabular_005302,cold_33,
test,tabular_003760,vid24,
test,tabular_005815,cold_34,
test,tabular_008747,vid12,
test,tabular_005070,cold_14,
test,tabular_006847,cold_16,
test,tabular_004832,vid1,
test,tabular_003968,cold_17,
test,tabular_002441,hot_09,
test,tabular_008197,cold_22,
test,tabular_003580,cold_02,
test,tabular_007637,hot_27,
test,tabular_004205,hot_28,
test,tabular_003964,vid11,
test,tabular_006662,cold_18,
test,tabular_008413,vid11,
test,tabular_000825,hot_21,
test,tabular_005026,cold_01,
test,tabular_003560,cold_30,
test,tabular_007085,vid29,
test,tabular_002549,hot_28,
test,tabular_009097,vid28,
test,tabular_004087,cold_24,
test,tabular_007558,cold_21,
test,tabular_000107,vid26,
test,tabular_000186,hot_01,
test,tabular_001676,hot_31,
test,tabular_007604,vid26,
test,tabular_003540,vid24,
test,tabular_007829,cold_32,
test,tabular_001331,vid22,
test,tabular_006236,cold_12,
test,tabular_000783,cold_20,
test,tabular_003782,vid4,
test,tabular_001663,vid13,
test,tabular_004917,vid2,
test,tabular_007987,cold_15,
test,tabular_004626,vid25,
test,tabular_003075,vid30,
test,tabular_000746,vid18,
test,tabular_006166,vid31,
test,tabular_002909,vid10,
test,tabular_001698,vid30,
test,tabular_003379,cold_07,
test,tabular_007241,hot_10,
test,tabular_001921,cold_19,
test,tabular_006929,vid4,
test,tabular_008815,cold_22,
test,tabular_007923,cold_25,
test,tabular_000882,vid18,
test,tabular_003591,hot_31,
test,tabular_008885,cold_15,
test,tabular_008546,cold_21,
test,tabular_005796,vid22,
test,tabular_008899,cold_19,
test,tabular_000980,hot_17,
test,tabular_004789,vid17,
test,tabular_008554,vid18,
test,tabular_005717,cold_06,
test,tabular_006828,vid17,
test,tabular_000994,vid8,
test,tabular_007146,cold_05,
test,tabular_000529,vid9,
test,tabular_002002,vid20,
test,tabular_003524,cold_12,
test,tabular_006363,vid9,
test,tabular_003975,vid17,
test,tabular_000974,vid30,
test,tabular_006674,vid19,
test,tabular_006492,cold_16,
test,tabular_007793,cold_13,
test,tabular_008989,cold_28,
test,tabular_008374,cold_26,
test,tabular_001820,vid26,
test,tabular_009042,cold_12,
test,tabular_007708,vid4,
test,tabular_001904,cold_11,
test,tabular_007677,cold_06,
test,tabular_001461,cold_10,
test,tabular_005956,cold_33,
test,tabular_007422,vid12,
test,tabular_005997,cold_12,
test,tabular_006689,cold_27,
test,tabular_005406,vid30,
test,tabular_000887,cold_14,
test,tabular_008743,vid1,
test,tabular_000164,vid23,
test,tabular_001905,cold_12,
test,tabular_007612,cold_09,
test,tabular_006490,cold_14,
test,tabular_002007,vid21,
test,tabular_000550,vid2,
test,tabular_005446,vid2,
test,tabular_003518,vid16,
test,tabular_004592,vid7,
test,tabular_006388,cold_03,
test,tabular_009203,vid11,
test,tabular_005426,vid1,
test,tabular_008659,cold_25,
test,tabular_002639,cold_02,
test,tabular_008750,vid14,
test,tabular_001705,vid35,
test,tabular_006365,cold_31,
test,tabular_003628,cold_25,
test,tabular_005054,vid24,
test,tabular_003614,vid18,
test,tabular_003744,cold_33,
test,tabular_004838,hot_19,
test,tabular_000323,hot_23,
test,tabular_007831,cold_33,
test,tabular_008443,cold_16,
test,tabular_005086,vid9,
test,tabular_003778,hot_19,
test,tabular_005014,cold_34,
test,tabular_001180,vid24,
test,tabular_004672,hot_32,
test,tabular_005519,vid19,
test,tabular_001328,vid21,
test,tabular_007955,cold_03,
test,tabular_007459,hot_03,
test,tabular_008377,cold_28,
test,tabular_004093,cold_26,
test,tabular_002744,vid16,
test,tabular_002073,cold_03,
test,tabular_006697,vid27,
test,tabular_008725,cold_18,
test,tabular_009214,vid17,
test,tabular_006949,cold_19,
test,tabular_007617,cold_11,
test,tabular_007667,vid20,
test,tabular_003979,vid18,
test,tabular_004565,vid25,
test,tabular_009222,cold_14,
test,tabular_005662,vid23,
test,tabular_000125,vid6,
test,tabular_000478,cold_15,
test,tabular_001703,vid32,
test,tabular_003510,hot_17,
test,tabular_001750,vid26,
test,tabular_004355,vid20,
test,tabular_001606,hot_25,
test,tabular_007870,vid11,
test,tabular_007933,cold_28,
test,tabular_004578,hot_20,
test,tabular_003114,hot_05,
test,tabular_008084,vid28,
test,tabular_008411,cold_05,
test,tabular_000038,hot_09,
test,tabular_006279,cold_35,
test,tabular_006886,hot_21,
test,tabular_002627,vid14,
test,tabular_006580,vid6,
test,tabular_006252,vid3,
test,tabular_002152,vid26,
test,tabular_008043,cold_04,
test,tabular_008030,cold_33,
test,tabular_001184,cold_15,
test,tabular_007606,cold_07,
test,tabular_001903,cold_10,
test,tabular_008931,cold_01,
test,tabular_008820,hot_30,
test,tabular_000114,hot_26,
test,tabular_003954,vid9,
test,tabular_006861,vid32,
test,tabular_002259,vid19,
test,tabular_007361,vid16,
test,tabular_005810,cold_31,
test,tabular_001787,vid12,
test,tabular_006500,vid34,
test,tabular_005926,vid11,
test,tabular_007679,cold_08,
test,tabular_008938,vid35,
test,tabular_009020,vid29,
test,tabular_000367,cold_12,
test,tabular_008231,hot_34,
test,tabular_003897,vid19,
test,tabular_007918,vid4,
test,tabular_007773,vid35,
test,tabular_004314,vid30,
test,tabular_002724,hot_14,
test,tabular_004423,vid22,
test,tabular_001092,vid21,
test,tabular_004166,vid3,
test,tabular_001672,cold_10,
test,tabular_004264,hot_06,
test,tabular_004482,cold_23,
test,tabular_009121,cold_12,
test,tabular_002022,cold_19,
test,tabular_008160,cold_35,
test,tabular_006990,hot_30,
test,tabular_000717,vid34,
test,tabular_000302,vid30,
test,tabular_008669,vid8,
test,tabular_003172,cold_24,
test,tabular_002718,cold_20,
test,tabular_004136,hot_13,
test,tabular_008903,vid20,
test,tabular_000053,vid32,
test,tabular_006768,cold_24,
test,tabular_004498,hot_05,
test,tabular_006446,cold_31,
test,tabular_005232,vid1,
test,tabular_000471,vid15,
test,tabular_001767,hot_12,
test,tabular_001298,vid7,
test,tabular_004936,hot_03,
test,tabular_008525,vid5,
test,tabular_009217,hot_19,
test,tabular_001490,cold_21,
test,tabular_008318,vid32,
test,tabular_009160,cold_26,
test,tabular_003702,cold_19,
test,tabular_003460,hot_09,
test,tabular_003215,hot_16,
test,tabular_005613,vid35,
test,tabular_009234,vid24,
test,tabular_008378,vid27,
test,tabular_008290,cold_22,
test,tabular_009107,hot_04,
test,tabular_001359,vid35,
test,tabular_005586,vid19,
test,tabular_006008,cold_18,
test,tabular_008283,hot_08,
test,tabular_008095,vid7,
test,tabular_004153,cold_16,
test,tabular_005301,cold_32,
test,tabular_003207,cold_02,
test,tabular_003804,vid17,
test,tabular_003915,hot_07,
test,tabular_004840,hot_20,
test,tabular_001421,cold_33,
test,tabular_005865,cold_27,
test,tabular_001765,cold_01,
test,tabular_003638,vid28,
test,tabular_003636,vid27,
test,tabular_005154,cold_19,
test,tabular_002697,vid26,
test,tabular_006859,vid30,
test,tabular_003303,vid6,
test,tabular_007139,cold_01,
test,tabular_002244,cold_19,
test,tabular_005594,vid24,
test,tabular_008068,vid17,
test,tabular_004886,hot_33,
test,tabular_006527,vid15,
test,tabular_000769,hot_09,
test,tabular_002980,cold_28,
test,tabular_003443,cold_28,
test,tabular_007402,vid5,
test,tabular_004029,hot_33,
test,tabular_008814,cold_21,
test,tabular_000004,cold_02,
test,tabular_008185,hot_22,
test,tabular_009207,vid13,
test,tabular_000879,vid17,
test,tabular_004902,vid10,
test,tabular_005702,cold_34,
test,tabular_008637,vid26,
test,tabular_004696,vid30,
test,tabular_002010,cold_17,
test,tabular_002288,cold_35,
test,tabular_003565,vid31,
test,tabular_001954,vid28,
test,tabular_001716,vid1,
test,tabular_003009,vid24,
test,tabular_007755,vid22,
test,tabular_001870,vid2,
test,tabular_002598,cold_24,
test,tabular_001173,cold_11,
test,tabular_007964,hot_06,
test,tabular_005692,cold_30,
test,tabular_001423,vid4,
test,tabular_000416,vid16,
test,tabular_009006,cold_04,
test,tabular_007851,vid31,
test,tabular_005846,vid15,
test,tabular_008226,cold_35,
test,tabular_000946,vid13,
test,tabular_002080,vid23,
test,tabular_005087,cold_19,
test,tabular_008457,vid5,
test,tabular_003136,cold_07,
test,tabular_008926,vid3,
test,tabular_006151,vid23,
test,tabular_008678,vid12,
test,tabular_009177,vid31,
test,tabular_008339,vid12,
test,tabular_006604,vid17,
test,tabular_007037,hot_02,
test,tabular_003926,vid3,
test,tabular_005456,vid21,
test,tabular_000066,cold_20,
test,tabular_005592,vid23,
test,tabular_004352,cold_09,
test,tabular_004702,vid4,
test,tabular_000201,hot_04,
test,tabular_003990,cold_25,
test,tabular_003425,vid26,
test,tabular_003015,vid27,
test,tabular_004713,cold_23,
test,tabular_001272,vid26,
test,tabular_009009,hot_17,
test,tabular_004462,vid11,
test,tabular_001918,cold_17,
test,tabular_003135,cold_06,
test,tabular_003023,vid34,
test,tabular_003756,hot_17,
test,tabular_001137,cold_30,
test,tabular_001454,vid14,
test,tabular_006495,vid30,
test,tabular_003987,vid21,
test,tabular_008707,cold_08,
test,tabular_003257,cold_20,
test,tabular_002373,vid10,
test,tabular_002704,hot_10,
test,tabular_005542,hot_31,
test,tabular_007264,vid5,
test,tabular_004839,vid11,
test,tabular_002299,cold_06,
test,tabular_003070,vid27,
test,tabular_004014,vid3,
test,tabular_002590,vid25,
test,tabular_001726,cold_27,
test,tabular_007908,vid30,
test,tabular_002099,vid32,
test,tabular_008115,vid21,
test,tabular_003305,cold_08,
test,tabular_004555,vid22,
test,tabular_003341,vid22,
test,tabular_005261,cold_19,
test,tabular_005410,vid32,
test,tabular_005661,cold_17,
test,tabular_008458,cold_20,
test,tabular_001883,hot_33,
test,tabular_007004,vid29,
test,tabular_008727,vid32,
test,tabular_001738,vid20,
test,tabular_000342,cold_34,
test,tabular_004652,vid6,
test,tabular_004426,cold_35,
test,tabular_007281,cold_18,
test,tabular_002842,hot_30,
test,tabular_006666,hot_18,
test,tabular_003126,cold_01,
test,tabular_001789,hot_17,
test,tabular_006617,vid23,
test,tabular_004932,vid29,
test,tabular_000506,hot_12,
test,tabular_002847,vid9,
test,tabular_000777,hot_10,
test,tabular_002516,vid21,
test,tabular_007587,cold_34,
test,tabular_002468,cold_24,
test,tabular_000671,vid10,
test,tabular_007246,hot_12,
test,tabular_005163,vid8,
test,tabular_004220,vid20,
test,tabular_009212,hot_18,
test,tabular_007000,vid28,
test,tabular_001012,cold_16,
test,tabular_000246,vid32,
test,tabular_002213,vid25,
test,tabular_007286,vid12,
test,tabular_000724,vid5,
test,tabular_003629,cold_26,
test,tabular_007238,hot_08,
test,tabular_001942,cold_27,
test,tabular_009191,vid8,
test,tabular_001895,vid32,
test,tabular_004982,vid2,
test,tabular_000515,vid30,
test,tabular_003423,vid25,
test,tabular_008340,vid13,
test,tabular_004508,vid29,
test,tabular_000920,vid4,
test,tabular_000132,cold_35,
test,tabular_001406,vid28,
test,tabular_003495,hot_16,
test,tabular_007784,vid9,
test,tabular_003910,vid24,
test,tabular_008254,vid8,
test,tabular_002504,cold_31,
test,tabular_004767,hot_08,
test,tabular_005866,vid21,
test,tabular_001777,vid8,
test,tabular_002458,vid22,
test,tabular_003417,cold_22,
test,tabular_005430,cold_02,
test,tabular_000160,vid22,
test,tabular_007770,hot_12,
test,tabular_002802,cold_19,
test,tabular_008906,cold_21,
test,tabular_006873,vid7,
test,tabular_007117,vid1,
test,tabular_005999,vid13,
test,tabular_007527,vid24,
test,tabular_001890,vid29,
test,tabular_002997,cold_33,
test,tabular_008306,vid26,
test,tabular_001899,vid4,
test,tabular_002265,vid21,
test,tabular_003750,vid18,
test,tabular_004069,hot_02,
test,tabular_002723,vid7,
test,tabular_004042,cold_05,
test,tabular_007198,cold_25,
test,tabular_005890,hot_35,
test,tabular_008530,vid8,
test,tabular_005653,cold_14,
test,tabular_008135,vid4,
test,tabular_007478,vid5,
test,tabular_007502,hot_13,
test,tabular_001860,cold_33,
test,tabular_007104,cold_20,
test,tabular_007509,hot_16,
test,tabular_003608,hot_33,
test,tabular_003528,cold_13,
test,tabular_007062,vid19,
test,tabular_008596,cold_02,
test,tabular_005710,vid12,
test,tabular_000528,vid8,
test,tabular_001322,vid20,
test,tabular_003619,vid21,
test,tabular_006053,cold_04,
test,tabular_003852,hot_35,
test,tabular_006441,hot_30,
test,tabular_006539,vid21,
test,tabular_007384,cold_28,
test,tabular_009001,cold_35,
test,tabular_007867,vid1,
test,tabular_001338,cold_05,
test,tabular_009059,cold_17,
test,tabular_004983,hot_15,
test,tabular_005090,hot_35,
test,tabular_008534,cold_16,
test,tabular_005589,vid20,
test,tabular_000386,vid7,
test,tabular_008995,cold_33,
test,tabular_003405,cold_17,
test,tabular_000243,hot_11,
test,tabular_007982,vid32,
test,tabular_008015,vid18,
test,tabular_000598,cold_26,
test,tabular_002270,vid23,
test,tabular_004276,hot_10,
test,tabular_002139,vid19,
test,tabular_002389,cold_35,
test,tabular_008038,vid29,
test,tabular_007695,cold_15,
test,tabular_001036,vid22,
test,tabular_001251,vid16,
test,tabular_000567,vid25,
test,tabular_006965,cold_31,
test,tabular_006227,cold_07,
test,tabular_003599,vid11,
test,tabular_008217,vid24,
test,tabular_004413,vid17,
test,tabular_004177,vid35,
test,tabular_003536,vid21,
test,tabular_007559,cold_22,
test,tabular_002787,vid4,
test,tabular_006283,vid1,
test,tabular_007362,vid17,
test,tabular_003631,cold_28,
test,tabular_007169,vid26,
test,tabular_006084,cold_12,
test,tabular_008895,cold_18,
test,tabular_000295,vid25,
test,tabular_002316,cold_10,
test,tabular_004540,cold_03,
test,tabular_008656,cold_22,
test,tabular_006808,vid8,
test,tabular_000602,cold_28,
test,tabular_000270,vid12,
test,tabular_000397,vid12,
test,tabular_008132,cold_19,
test,tabular_004446,hot_32,
test,tabular_004913,vid17,
test,tabular_001475,cold_13,
test,tabular_001545,hot_14,
test,tabular_004491,cold_25,
test,tabular_002166,cold_33,
test,tabular_001151,vid11,
test,tabular_009081,cold_27,
test,tabular_008617,vid16,
test,tabular_007956,cold_04,
test,tabular_003559,cold_29,
test,tabular_007456,hot_02,
test,tabular_003682,vid17,
test,tabular_001270,vid24,
test,tabular_002273,vid26,
test,tabular_006652,hot_17,
test,tabular_006430,vid7,
test,tabular_003128,cold_02,
test,tabular_006494,vid3,
test,tabular_007986,cold_14,
test,tabular_008601,vid7,
test,tabular_008077,cold_10,
test,tabular_007314,vid23,
test,tabular_000827,vid24,
test,tabular_009169,vid29,
test,tabular_004298,hot_13,
test,tabular_002537,vid32,
test,tabular_001946,cold_30,
test,tabular_001945,cold_29,
test,tabular_005267,hot_20,
test,tabular_006310,vid18,
test,tabular_004349,vid19,
test,tabular_002369,cold_28,
test,tabular_008002,vid12,
test,tabular_005180,hot_08,
test,tabular_007592,cold_01,
test,tabular_005676,vid3,
test,tabular_004169,hot_19,
test,tabular_006418,vid34,
test,tabular_006716,vid7,
test,tabular_000775,cold_18,
test,tabular_003602,cold_16,
test,tabular_000973,cold_03,
test,tabular_008070,vid19,
test,tabular_004561,cold_09,
test,tabular_000208,vid10,
test,tabular_009145,vid17,
test,tabular_008703,vid25,
test,tabular_006815,vid11,
test,tabular_005485,cold_24,
test,tabular_002556,cold_11,
test,tabular_008502,cold_02,
test,tabular_004293,vid22,
test,tabular_009168,cold_29,
test,tabular_001540,vid19,
test,tabular_007154,vid20,
test,tabular_006448,cold_33,
test,tabular_000959,vid22,
test,tabular_007380,cold_24,
test,tabular_005499,vid9,
test,tabular_005041,cold_06,
test,tabular_005897,hot_02,
test,tabular_003355,cold_31,
test,tabular_000784,vid4,
test,tabular_005202,cold_02,
test,tabular_005443,vid18,
test,tabular_007690,vid26,
test,tabular_000856,hot_28,
test,tabular_000161,hot_32,
test,tabular_004123,cold_09,
test,tabular_008319,cold_03,
test,tabular_009176,cold_32,
test,tabular_008527,vid7,
test,tabular_007492,cold_28,
test,tabular_000272,hot_14,
test,tabular_007161,cold_13,
test,tabular_005987,cold_09,
test,tabular_006329,vid26,
test,tabular_005719,cold_07,
test,tabular_000754,cold_09,
test,tabular_005835,cold_10,
test,tabular_001028,cold_23,
test,tabular_006452,cold_35,
test,tabular_005375,vid16,
test,tabular_007768,vid31,
test,tabular_008148,hot_18,
test,tabular_002480,hot_12,
test,tabular_004646,vid31,
test,tabular_006834,cold_12,
test,tabular_008103,cold_13,
test,tabular_001004,vid14,
test,tabular_004460,cold_12,
test,tabular_000677,hot_32,
test,tabular_008575,vid28,
test,tabular_006450,vid14,
test,tabular_006644,vid5,
test,tabular_008792,vid34,
test,tabular_006800,hot_10,
test,tabular_007914,vid35,
test,tabular_005249,vid18,
test,tabular_006863,vid34,
test,tabular_008919,vid29,
test,tabular_003343,hot_30,
test,tabular_007876,cold_10,
test,tabular_003077,vid31,
test,tabular_008733,cold_20,
test,tabular_001332,vid23,
test,tabular_002088,cold_10,
test,tabular_004085,vid31,
test,tabular_003971,cold_19,
test,tabular_005374,hot_03,
test,tabular_000365,vid25,
test,tabular_006378,cold_01,
test,tabular_002945,cold_13,
test,tabular_000428,vid24,
test,tabular_002952,vid3,
test,tabular_006964,vid15,
test,tabular_000149,cold_04,
test,tabular_001656,vid1,
test,tabular_000523,vid4,
test,tabular_000535,vid13,
test,tabular_005260,vid24,
test,tabular_006806,hot_11,
test,tabular_006043,cold_33,
test,tabular_004877,vid29,
test,tabular_001541,cold_35,
test,tabular_001404,vid27,
test,tabular_001874,cold_04,
test,tabular_003752,vid19,
test,tabular_003486,hot_15,
test,tabular_000956,vid20,
test,tabular_006368,vid11,
test,tabular_006951,cold_21,
test,tabular_008323,hot_11,
test,tabular_006763,cold_19,
test,tabular_003118,vid20,
test,tabular_007184,cold_20,
test,tabular_000419,vid19,
test,tabular_006230,cold_09,
test,tabular_001147,hot_06,
test,tabular_005690,vid35,
test,tabular_002976,cold_27,
test,tabular_003696,hot_10,
test,tabular_002074,cold_04,
test,tabular_006042,cold_32,
test,tabular_007224,vid19,
test,tabular_007595,vid20,
test,tabular_005031,cold_03,
test,tabular_002327,vid17,
test,tabular_000402,hot_31,
test,tabular_006596,cold_26,
test,tabular_003642,hot_01,
test,tabular_001229,cold_33,
test,tabular_003765,vid27,
test,tabular_002016,hot_13,
test,tabular_004875,vid28,
test,tabular_005083,cold_17,
test,tabular_006982,cold_06,
test,tabular_007242,cold_04,
test,tabular_008566,cold_29,
test,tabular_000720,cold_01,
test,tabular_004846,vid15,
test,tabular_004834,hot_18,
test,tabular_005628,cold_06,
test,tabular_002769,vid29,
test,tabular_001433,hot_19,
test,tabular_004433,vid28,
test,tabular_007220,vid17,
test,tabular_000095,vid23,
test,tabular_008348,hot_14,
test,tabular_008774,vid24,
test,tabular_005965,hot_11,
test,tabular_009025,hot_20,
test,tabular_004796,vid20,
test,tabular_004574,hot_19,
test,tabular_005082,cold_16,
test,tabular_003232,cold_10,
test,tabular_004405,cold_27,
test,tabular_001616,cold_22,
test,tabular_006831,cold_09,
test,tabular_000520,cold_33,
test,tabular_002861,vid19,
test,tabular_004418,vid20,
test,tabular_004868,hot_28,
test,tabular_004176,vid34,
test,tabular_006840,vid22,
test,tabular_004824,cold_21,
test,tabular_004997,vid27,
test,tabular_008710,cold_10,
test,tabular_001660,vid11,
test,tabular_003589,cold_08,
test,tabular_003019,vid3,
test,tabular_003406,hot_03,
test,tabular_006099,cold_18,
test,tabular_007614,vid31,
test,tabular_001457,hot_28,
test,tabular_007266,hot_13,
test,tabular_001851,hot_27,
test,tabular_006483,vid28,
test,tabular_007007,vid31,
test,tabular_006636,vid32,
test,tabular_002808,vid15,
test,tabular_000733,vid1,
test,tabular_002719,cold_21,
test,tabular_000705,vid28,
test,tabular_005128,vid24,
test,tabular_006302,vid13,
test,tabular_007719,vid10,
test,tabular_002785,hot_19,
test,tabular_006502,hot_05,
test,tabular_004483,cold_24,
test,tabular_000801,cold_24,
test,tabular_000674,hot_31,
test,tabular_003634,cold_29,
test,tabular_002368,vid9,
test,tabular_003451,cold_31,
test,tabular_002703,vid28,
test,tabular_002717,vid6,
test,tabular_008619,vid18,
test,tabular_001819,vid25,
test,tabular_003010,cold_01,
test,tabular_008780,cold_08,
test,tabular_001481,cold_15,
test,tabular_009153,hot_08,
test,tabular_006739,cold_08,
test,tabular_001218,vid7,
test,tabular_000344,vid19,
test,tabular_004159,vid26,
test,tabular_003249,vid16,
test,tabular_002353,cold_22,
test,tabular_006132,vid15,
test,tabular_004624,cold_32,
test,tabular_001071,hot_01,
test,tabular_000333,cold_29,
test,tabular_008700,cold_05,
test,tabular_008310,vid29,
test,tabular_004728,cold_29,
test,tabular_007046,cold_01,
test,tabular_007673,hot_31,
test,tabular_000014,vid16,
test,tabular_007419,vid11,
test,tabular_007233,cold_02,
test,tabular_009014,vid27,
test,tabular_007674,cold_05,
test,tabular_003766,vid28,
test,tabular_006160,vid3,
test,tabular_000281,hot_15,
test,tabular_001686,cold_15,
test,tabular_002263,vid20,
test,tabular_002020,vid28,
test,tabular_000353,vid20,
test,tabular_007443,cold_16,
test,tabular_005984,hot_13,
test,tabular_008052,vid7,
test,tabular_005099,cold_25,
test,tabular_007813,vid18,
test,tabular_005418,vid5,
test,tabular_006049,cold_01,
test,tabular_006443,vid11,
test,tabular_003973,vid15,
test,tabular_000255,cold_06,
test,tabular_001758,vid30,
test,tabular_004899,cold_04,
test,tabular_001833,vid32,
test,tabular_000576,cold_12,
test,tabular_003275,cold_32,
test,tabular_001694,hot_33,
test,tabular_008417,vid13,
test,tabular_007259,cold_11,
test,tabular_003832,vid3,
test,tabular_007759,cold_03,
test,tabular_006516,cold_25,
test,tabular_000200,vid7,
test,tabular_006771,vid22,
test,tabular_007360,vid15,
test,tabular_002961,vid4,
test,tabular_007479,vid6,
test,tabular_008141,cold_24,
test,tabular_007243,cold_05,
test,tabular_005581,vid18,
test,tabular_001508,vid32,
test,tabular_006400,cold_10,
test,tabular_009078,cold_25,
test,tabular_007780,cold_09,
test,tabular_003838,vid31,
test,tabular_006445,vid13,
test,tabular_006918,vid3,
test,tabular_000163,cold_12,
test,tabular_002277,cold_29,
test,tabular_001201,vid3,
test,tabular_006661,vid13,
test,tabular_008492,vid2,
test,tabular_000600,cold_27,
test,tabular_006619,cold_02,
test,tabular_002330,hot_31,
test,tabular_008914,cold_25,
test,tabular_000929,vid8,
test,tabular_004399,vid12,
test,tabular_005847,vid16,
test,tabular_002854,vid13,
test,tabular_007010,vid34,
test,tabular_003237,cold_11,
test,tabular_002648,cold_06,
test,tabular_002332,cold_15,
test,tabular_004036,vid8,
test,tabular_003473,hot_11,
test,tabular_008017,vid19,
test,tabular_005247,vid17,
test,tabular_003471,cold_01,
test,tabular_004977,vid17,
test,tabular_006270,hot_03,
test,tabular_004210,cold_35,
test,tabular_003108,vid16,
test,tabular_002182,vid1,
test,tabular_005141,vid3,
test,tabular_002863,vid2,
test,tabular_003060,cold_16,
test,tabular_005201,vid25,
test,tabular_003461,cold_33,
test,tabular_003890,cold_18,
test,tabular_002162,hot_02,
test,tabular_005566,hot_34,
test,tabular_004727,vid15,
test,tabular_003197,cold_31,
test,tabular_002000,cold_11,
test,tabular_007059,vid17,
test,tabular_005752,vid32,
test,tabular_005349,cold_12,
test,tabular_004374,cold_16,
test,tabular_007413,vid9,
test,tabular_003221,vid35,
test,tabular_007757,vid24,
test,tabular_005812,vid35,
test,tabular_007346,vid1,
test,tabular_003078,vid32,
test,tabular_000039,cold_12,
test,tabular_002806,vid13,
test,tabular_006239,vid24,
test,tabular_007520,vid20,
test,tabular_005532,vid28,
test,tabular_004594,vid9,
test,tabular_004282,hot_11,
test,tabular_006273,vid4,
test,tabular_003824,cold_23,
test,tabular_000722,vid4,
test,tabular_007666,cold_35,
test,tabular_004394,vid9,
test,tabular_003276,cold_33,
test,tabular_005371,cold_18,
test,tabular_007030,cold_30,
test,tabular_003857,cold_32,
test,tabular_007189,vid5,
test,tabular_006552,cold_04,
test,tabular_002055,vid12,
test,tabular_004370,vid27,
test,tabular_003853,vid6,
test,tabular_001098,vid23,
test,tabular_007808,cold_21,
test,tabular_003220,vid34,
test,tabular_003162,vid7,
test,tabular_008997,vid20,
test,tabular_001450,cold_07,
test,tabular_002421,hot_05,
test,tabular_007321,hot_21,
test,tabular_000374,vid31,
test,tabular_000584,cold_15,
test,tabular_008509,cold_05,
test,tabular_007408,cold_01,
test,tabular_006058,cold_06,
test,tabular_002933,vid22,
test,tabular_002065,cold_34,
test,tabular_002895,hot_06,
test,tabular_001856,cold_31,
test,tabular_002117,cold_18,
test,tabular_008151,vid8,
test,tabular_005466,vid27,
test,tabular_006137,vid19,
test,tabular_001340,vid28,
test,tabular_008080,cold_12,
test,tabular_006844,vid24,
test,tabular_002566,vid13,
test,tabular_002283,cold_32,
test,tabular_001358,cold_15,
test,tabular_002461,vid25,
test,tabular_003825,vid27,
test,tabular_003269,cold_28,
test,tabular_007378,vid25,
test,tabular_001517,vid6,
test,tabular_001657,vid10,
test,tabular_007325,hot_22,
test,tabular_006807,vid7,
test,tabular_008702,vid24,
test,tabular_001181,vid25,
test,tabular_008648,cold_19,
test,tabular_003410,vid17,
test,tabular_008213,cold_30,
test,tabular_008773,cold_05,
test,tabular_002618,hot_02,
test,tabular_001794,vid15,
test,tabular_006349,hot_22,
test,tabular_008740,vid9,
test,tabular_007068,cold_07,
test,tabular_001544,vid2,
test,tabular_004560,vid23,
test,tabular_005036,vid14,
test,tabular_005044,hot_28,
test,tabular_000702,vid25,
test,tabular_001008,hot_21,
test,tabular_001066,vid7,
test,tabular_009069,vid2,
test,tabular_004711,cold_21,
test,tabular_001700,cold_21,
test,tabular_000962,vid24,
test,tabular_005618,cold_01,
test,tabular_003371,hot_34,
test,tabular_008278,hot_07,
test,tabular_007926,vid7,
test,tabular_001936,cold_23,
test,tabular_008370,cold_25,
test,tabular_002495,cold_29,
test,tabular_005346,cold_10,
test,tabular_009187,hot_13,
test,tabular_004459,cold_11,
test,tabular_002180,hot_07,
test,tabular_000487,cold_21,
test,tabular_008771,cold_03,
test,tabular_000967,vid27,
test,tabular_000028,hot_07,
test,tabular_008349,hot_15,
test,tabular_005553,vid7,
test,tabular_008470,cold_25,
test,tabular_009102,cold_03,
test,tabular_005102,cold_28,
test,tabular_008388,vid32,
test,tabular_005052,cold_08,
test,tabular_007352,vid12,
test,tabular_005957,vid24,
test,tabular_002304,vid5,
test,tabular_006217,cold_01,
test,tabular_007769,vid32,
test,tabular_005884,cold_02,
test,tabular_006823,cold_07,
test,tabular_001574,vid5,
test,tabular_004888,vid35,
test,tabular_000455,vid6,
test,tabular_004024,hot_31,
test,tabular_002457,cold_19,
test,tabular_005472,vid29,
test,tabular_002436,vid12,
test,tabular_006309,vid17,
test,tabular_003917,cold_30,
test,tabular_002440,vid13,
test,tabular_006597,cold_27,
test,tabular_002867,vid22,
test,tabular_003386,cold_10,
test,tabular_006414,vid31,
test,tabular_001221,cold_28,
test,tabular_006508,vid5,
test,tabular_002226,cold_16,
test,tabular_004947,vid6,
test,tabular_006082,vid23,
test,tabular_001050,hot_32,
test,tabular_006262,cold_26,
test,tabular_003086,hot_01,
test,tabular_002051,hot_20,
test,tabular_003655,cold_03,
test,tabular_004160,vid27,
test,tabular_006907,vid24,
test,tabular_001792,vid13,
test,tabular_008345,cold_13,
test,tabular_009034,cold_11,
test,tabular_006973,cold_01,
test,tabular_005715,vid14,
test,tabular_005385,cold_22,
test,tabular_002949,cold_16,
test,tabular_004773,vid5,
test,tabular_004634,hot_27,
test,tabular_001520,hot_10,
test,tabular_005854,cold_23,
test,tabular_008772,cold_04,
test,tabular_004552,hot_16,
test,tabular_006391,vid24,
test,tabular_008424,vid15,
test,tabular_000306,vid32,
test,tabular_007765,vid3,
test,tabular_008425,cold_12,
test,tabular_002399,vid25,
test,tabular_007215,vid15,
test,tabular_008863,hot_35,
test,tabular_005640,hot_04,
test,tabular_003388,cold_11,
test,tabular_005047,cold_07,
test,tabular_001604,hot_24,
test,tabular_000472,hot_05,
test,tabular_006387,vid23,
test,tabular_008315,hot_10,
test,tabular_000898,vid26,
test,tabular_008632,vid24,
test,tabular_009197,hot_14,
test,tabular_001307,vid13,
test,tabular_005901,cold_12,
test,tabular_007355,vid13,
test,tabular_001962,vid31,
test,tabular_007890,cold_15,
test,tabular_008202,vid20,
test,tabular_004681,cold_15,
test,tabular_008130,vid31,
test,tabular_002239,hot_17,
test,tabular_007835,vid25,
test,tabular_009100,vid29,
test,tabular_008188,cold_15,
test,tabular_003470,cold_35,
test,tabular_002412,vid31,
test,tabular_008797,vid4,
test,tabular_006384,vid20,
test,tabular_000400,cold_23,
test,tabular_007591,vid19,
test,tabular_009228,hot_21,
test,tabular_002583,cold_21,
test,tabular_005149,vid34,
test,tabular_004843,cold_25,
test,tabular_003806,vid19,
test,tabular_005055,vid25,
test,tabular_001230,cold_34,
test,tabular_004340,vid12,
test,tabular_003099,vid14,
test,tabular_007583,cold_31,
test,tabular_005025,vid10,
test,tabular_003567,hot_27,
test,tabular_008686,cold_33,
test,tabular_000292,cold_21,
test,tabular_000020,vid18,
test,tabular_003178,vid13,
test,tabular_004502,cold_30,
test,tabular_006728,vid1,
test,tabular_005237,vid12,
test,tabular_002247,vid11,
test,tabular_001400,vid23,
test,tabular_002416,vid34,
test,tabular_005160,hot_05,
test,tabular_008266,hot_06,
test,tabular_005088,vid1,
test,tabular_007912,vid32,
test,tabular_004670,cold_11,
test,tabular_006459,vid19,
test,tabular_006278,vid8,
test,tabular_005433,cold_04,
test,tabular_000540,vid15,
test,tabular_000080,vid14,
test,tabular_004391,vid7,
test,tabular_005399,cold_26,
test,tabular_004152,hot_16,
test,tabular_002930,cold_10,
test,tabular_005325,vid26,
test,tabular_004856,vid21,
test,tabular_004235,cold_09,
test,tabular_006301,hot_09,
test,tabular_004297,vid24,
test,tabular_005501,vid1,
test,tabular_002642,cold_03,
test,tabular_004799,cold_16,
test,tabular_005440,vid16,
test,tabular_000443,vid3,
test,tabular_009181,vid35,
test,tabular_000709,cold_32,
test,tabular_000043,vid29,
test,tabular_005483,vid34,
test,tabular_004453,vid7,
test,tabular_003166,hot_08,
test,tabular_008950,vid7,
test,tabular_003938,vid35,
test,tabular_008236,cold_02,
test,tabular_003494,cold_04,
test,tabular_004526,hot_08,
test,tabular_005959,vid26,
test,tabular_008807,cold_18,
test,tabular_004369,vid26,
test,tabular_005783,vid13,
test,tabular_000476,cold_14,
test,tabular_001989,vid15,
test,tabular_001445,hot_24,
test,tabular_000385,vid6,
test,tabular_008020,cold_29,
test,tabular_009015,cold_08,
test,tabular_005867,vid22,
test,tabular_006520,vid10,
test,tabular_007157,hot_26,
test,tabular_006526,vid14,
test,tabular_006079,vid20,
test,tabular_007471,hot_07,
test,tabular_002193,cold_06,
test,tabular_001318,vid19,
test,tabular_001186,cold_16,
test,tabular_001947,hot_05,
test,tabular_007893,cold_17,
test,tabular_009002,cold_01,
test,tabular_003738,hot_16,
test,tabular_005259,vid23,
test,tabular_000138,vid13,
test,tabular_008689,vid19,
test,tabular_005213,vid31,
test,tabular_000069,cold_22,
test,tabular_005198,vid23,
test,tabular_001669,vid17,
test,tabular_002587,vid22,
test,tabular_002929,cold_09,
test,tabular_002204,vid2,
test,tabular_008787,vid31,
test,tabular_007090,hot_13,
test,tabular_003412,cold_20,
test,tabular_000863,cold_05,
test,tabular_005157,cold_20,
test,tabular_000052,vid31,
test,tabular_003994,hot_21,
test,tabular_004663,vid12,
test,tabular_007006,vid30,
test,tabular_000916,cold_22,
test,tabular_002212,vid24,
test,tabular_007260,vid34,
test,tabular_000770,vid3,
test,tabular_001116,vid31,
test,tabular_008618,vid17,
test,tabular_000618,vid15,
test,tabular_003310,cold_11,
test,tabular_001176,cold_12,
test,tabular_002348,vid29,
test,tabular_001327,hot_01,
test,tabular_000670,vid1,
test,tabular_009046,cold_13,
test,tabular_004467,hot_33,
test,tabular_007758,vid25,
test,tabular_004444,vid32,
test,tabular_006355,cold_28,
test,tabular_003475,cold_02,
test,tabular_002560,cold_12,
test,tabular_007379,cold_23,
test,tabular_001854,cold_29,
test,tabular_002678,vid13,
test,tabular_008633,cold_14,
test,tabular_008249,cold_06,
test,tabular_000594,cold_23,
test,tabular_008856,vid34,
test,tabular_001615,vid22,
test,tabular_003554,hot_26,
test,tabular_006943,cold_18,
test,tabular_002897,vid5,
test,tabular_006358,cold_30,
test,tabular_005545,vid34,
test,tabular_008294,hot_09,
test,tabular_001784,vid10,
test,tabular_007143,vid18,
test,tabular_004221,cold_04,
test,tabular_008248,cold_05,
test,tabular_000294,vid24,
test,tabular_003251,cold_16,
test,tabular_002312,vid10,
test,tabular_003563,vid3,
test,tabular_001956,vid29,
test,tabular_000760,vid26,
test,tabular_003789,vid9,
test,tabular_005603,vid27,
test,tabular_007283,vid11,
test,tabular_005518,cold_34,
test,tabular_004025,cold_01,
test,tabular_007858,cold_07,
test,tabular_001376,cold_20,
test,tabular_000608,vid9,
test,tabular_008841,vid25,
test,tabular_002032,vid32,
test,tabular_002505,vid15,
test,tabular_008475,vid12,
test,tabular_003049,cold_12,
test,tabular_007212,vid14,
test,tabular_008107,vid15,
test,tabular_005620,cold_03,
test,tabular_000229,vid21,
test,tabular_002187,vid12,
test,tabular_004363,cold_13,
test,tabular_006405,cold_13,
test,tabular_001907,vid7,
test,tabular_000642,cold_07,
test,tabular_006911,vid27,
test,tabular_000787,vid6,
test,tabular_004708,vid8,
test,tabular_007904,vid28,
test,tabular_007466,vid31,
test,tabular_001136,cold_29,
test,tabular_004685,vid22,
test,tabular_001869,vid19,
test,tabular_005015,cold_35,
test,tabular_002432,cold_11,
test,tabular_000094,hot_18,
test,tabular_006011,hot_17,
test,tabular_008176,cold_07,
test,tabular_004470,cold_18,
test,tabular_004244,vid3,
test,tabular_008436,hot_24,
test,tabular_000121,hot_27,
test,tabular_005168,hot_06,
test,tabular_002948,cold_15,
test,tabular_006718,cold_34,
test,tabular_008521,vid34,
test,tabular_002477,cold_26,
test,tabular_006678,cold_22,
test,tabular_006266,hot_02,
test,tabular_006257,vid32,
test,tabular_008548,vid14,
test,tabular_007589,vid17,
test,tabular_003444,cold_29,
test,tabular_004077,cold_20,
test,tabular_003706,vid28,
test,tabular_001572,vid35,
test,tabular_003534,vid2,
test,tabular_007051,hot_06,
test,tabular_007911,vid31,
test,tabular_000209,cold_30,
test,tabular_003068,vid25,
test,tabular_000371,hot_27,
test,tabular_003690,cold_14,
test,tabular_008770,cold_02,
test,tabular_005561,cold_09,
test,tabular_005816,vid5,
test,tabular_008380,cold_29,
test,tabular_002838,hot_29,
test,tabular_004582,vid35,
test,tabular_002393,hot_34,
test,tabular_009068,cold_21,
test,tabular_008838,cold_29,
test,tabular_004897,vid8,
test,tabular_005129,cold_08,
test,tabular_001013,vid16,
test,tabular_000420,vid2,
test,tabular_002944,hot_16,
test,tabular_000757,vid23,
test,tabular_009045,vid10,
test,tabular_007302,vid18,
test,tabular_000221,vid19,
test,tabular_003223,vid5,
test,tabular_008848,cold_33,
test,tabular_004810,vid28,
test,tabular_007388,vid27,
test,tabular_000666,cold_16,
test,tabular_001731,hot_06,
test,tabular_002811,vid18,
test,tabular_009148,vid19,
test,tabular_006900,vid21,
test,tabular_001023,vid19,
test,tabular_007493,vid12,
test,tabular_000319,hot_21,
test,tabular_001341,vid29,
test,tabular_002898,hot_07,
test,tabular_000451,cold_07,
test,tabular_004636,vid3,
test,tabular_009167,cold_28,
test,tabular_000301,vid3,
test,tabular_002170,vid4,
test,tabular_003328,vid17,
test,tabular_006626,vid28,
test,tabular_002985,vid13,
test,tabular_007178,vid30,
test,tabular_007601,vid24,
test,tabular_002993,vid16,
test,tabular_008350,vid14,
test,tabular_008408,vid9,
test,tabular_003941,vid5,
test,tabular_006605,cold_31,
test,tabular_008218,vid25,
test,tabular_004586,vid5,
test,tabular_002567,cold_14,
test,tabular_003981,vid19,
test,tabular_006517,cold_26,
test,tabular_007234,cold_03,
test,tabular_009029,vid35,
test,tabular_007819,vid20,
test,tabular_005225,cold_08,
test,tabular_004905,cold_05,
test,tabular_004384,vid4,
test,tabular_001547,hot_15,
test,tabular_005492,vid5,
test,tabular_009151,vid20,
test,tabular_001006,vid15,
test,tabular_008862,cold_03,
test,tabular_002992,cold_31,
test,tabular_007342,vid8,
test,tabular_005448,cold_08,
test,tabular_008932,vid30,
test,tabular_002215,vid26,
test,tabular_000017,cold_05,
test,tabular_008426,cold_13,
test,tabular_002830,cold_24,
test,tabular_008034,cold_35,
test,tabular_000155,hot_31,
test,tabular_003109,cold_29,
test,tabular_006700,vid3,
test,tabular_006660,cold_17,
test,tabular_002214,cold_13,
test,tabular_007993,cold_17,
test,tabular_006225,cold_05,
test,tabular_006406,vid3,
test,tabular_003635,cold_30,
test,tabular_002791,vid6,
test,tabular_001182,hot_13,
test,tabular_005908,vid35,
test,tabular_006537,vid2,
test,tabular_007070,cold_08,
test,tabular_006318,vid21,
test,tabular_006305,vid14,
test,tabular_005271,hot_21,
test,tabular_007098,cold_18,
test,tabular_001427,cold_34,
test,tabular_007201,cold_27,
test,tabular_000714,vid31,
test,tabular_001178,cold_13,
test,tabular_003372,cold_03,
test,tabular_007680,cold_09,
test,tabular_004465,cold_15,
test,tabular_000785,hot_12,
test,tabular_006471,hot_33,
test,tabular_001032,vid20,
test,tabular_006782,vid28,
test,tabular_004724,vid13,
test,tabular_006013,cold_20,
test,tabular_006583,cold_20,
test,tabular_007120,cold_27,
test,tabular_002216,vid27,
test,tabular_002502,hot_19,
test,tabular_004412,vid16,
test,tabular_001876,hot_31,
test,tabular_002809,vid16,
test,tabular_003466,vid17,
test,tabular_007180,cold_18,
test,tabular_004621,cold_31,
test,tabular_000510,vid26,
test,tabular_003808,cold_16,
test,tabular_007359,cold_15,
test,tabular_004779,vid1,
test,tabular_004272,vid13,
test,tabular_007703,cold_18,
test,tabular_008722,cold_15,
test,tabular_000176,cold_16,
test,tabular_002580,vid2,
test,tabular_007272,cold_15,
test,tabular_005309,vid17,
test,tabular_002234,vid4,
test,tabular_007187,vid35,
test,tabular_008063,cold_06,
test,tabular_004979,vid18,
test,tabular_000859,vid1,
test,tabular_003258,vid19,
test,tabular_000250,hot_12,
test,tabular_007200,hot_33,
test,tabular_000804,vid13,
test,tabular_005915,vid7,
test,tabular_006677,hot_21,
test,tabular_008631,cold_13,
test,tabular_004397,cold_23,
test,tabular_000891,hot_35,
test,tabular_000849,hot_25,
test,tabular_002630,cold_33,
test,tabular_007946,vid18,
test,tabular_005509,vid13,
test,tabular_001063,vid5,
test,tabular_001363,vid4,
test,tabular_005745,vid29,
test,tabular_002996,vid17,
test,tabular_005359,cold_15,
test,tabular_003867,cold_02,
test,tabular_002964,hot_19,
test,tabular_001313,cold_33,
test,tabular_005672,hot_11,
test,tabular_000490,cold_22,
test,tabular_003367,hot_33,
test,tabular_007347,cold_09,
test,tabular_008917,vid28,
test,tabular_000699,hot_35,
test,tabular_004952,cold_17,
test,tabular_005924,vid10,
test,tabular_004814,vid30,
test,tabular_006144,cold_02,
test,tabular_007672,cold_04,
test,tabular_003603,hot_32,
test,tabular_003082,vid4,
test,tabular_003304,vid7,
test,tabular_002959,vid34,
test,tabular_007521,hot_18,
test,tabular_003618,cold_20,
test,tabular_005252,hot_17,
test,tabular_000040,vid26,
test,tabular_001808,vid19,
test,tabular_002512,cold_33,
test,tabular_005319,cold_03,
test,tabular_008206,cold_27,
test,tabular_004368,cold_15,
test,tabular_008335,vid1,
test,tabular_000742,vid17,
test,tabular_001470,vid2,
test,tabular_008786,vid30,
test,tabular_003733,vid9,
test,tabular_007333,vid34,
test,tabular_003298,vid34,
test,tabular_007899,vid25,
test,tabular_007144,cold_04,
test,tabular_001451,hot_26,
test,tabular_000442,cold_04,
test,tabular_000716,hot_01,
test,tabular_008531,vid9,
test,tabular_007491,hot_10,
test,tabular_000750,vid20,
test,tabular_006366,vid10,
test,tabular_006549,cold_03,
test,tabular_002644,vid23,
test,tabular_006936,cold_13,
test,tabular_008991,cold_30,
test,tabular_001031,hot_29,
test,tabular_003464,cold_34,
test,tabular_001284,hot_29,
test,tabular_002464,cold_21,
test,tabular_003880,cold_12,
test,tabular_004131,vid14,
test,tabular_000087,vid17,
test,tabular_002222,vid30,
test,tabular_002112,vid6,
test,tabular_004597,vid10,
test,tabular_003014,vid26,
test,tabular_004693,vid29,
test,tabular_001197,cold_19,
test,tabular_007700,vid30,
test,tabular_005032,cold_04,
test,tabular_008190,hot_23,
test,tabular_001753,vid27,
test,tabular_004129,vid13,
test,tabular_007556,vid34,
test,tabular_005013,hot_21,
test,tabular_009039,hot_26,
test,tabular_002588,vid23,
test,tabular_005231,cold_10,
test,tabular_006535,vid18,
test,tabular_005596,cold_27,
test,tabular_000332,vid14,
test,tabular_000291,cold_20,
test,tabular_007267,cold_14,
test,tabular_006950,cold_20,
test,tabular_002670,cold_10,
test,tabular_008666,vid6,
test,tabular_000614,cold_32,
test,tabular_008849,vid28,
test,tabular_002871,hot_35,
test,tabular_008652,cold_20,
test,tabular_003776,cold_08,
test,tabular_009125,cold_15,
test,tabular_006315,vid2,
test,tabular_004270,hot_08,
test,tabular_003692,vid22,
test,tabular_008001,cold_19,
test,tabular_005420,cold_35,
test,tabular_006065,vid11,
test,tabular_007513,vid19,
test,tabular_000900,vid27,
test,tabular_001342,vid3,
test,tabular_003909,vid23,
test,tabular_007968,hot_07,
test,tabular_001392,vid18,
test,tabular_001094,hot_03,
test,tabular_004404,cold_26,
test,tabular_002676,vid12,
test,tabular_001099,vid24,
test,tabular_001623,cold_26,
test,tabular_003523,hot_22,
test,tabular_001160,cold_08,
test,tabular_000537,vid14,
test,tabular_006979,cold_05,
test,tabular_005878,vid25,
test,tabular_002932,cold_11,
test,tabular_000701,vid24,
test,tabular_008053,vid8,
test,tabular_003653,vid35,
test,tabular_006608,vid19,
test,tabular_003882,hot_02,
test,tabular_001798,vid16,
test,tabular_007732,cold_27,
test,tabular_006337,hot_20,
test,tabular_002656,vid3,
test,tabular_004056,vid15,
test,tabular_004445,vid34,
test,tabular_003051,cold_13,
test,tabular_007179,vid31,
test,tabular_000805,vid14,
test,tabular_004334,hot_18,
test,tabular_006420,cold_20,
test,tabular_008153,vid9,
test,tabular_006842,cold_14,
test,tabular_000144,vid18,
test,tabular_004841,vid12,
test,tabular_007925,vid6,
test,tabular_001432,cold_03,
test,tabular_004066,vid20,
test,tabular_001593,cold_16,
test,tabular_008889,hot_04,
test,tabular_000691,cold_25,
test,tabular_004104,cold_01,
test,tabular_003868,cold_03,
test,tabular_005179,vid15,
test,tabular_007278,vid1,
test,tabular_007742,cold_33,
test,tabular_002203,vid19,
test,tabular_008685,hot_19,
test,tabular_002990,hot_24,
test,tabular_004229,cold_06,
test,tabular_004128,cold_10,
test,tabular_004849,cold_26,
test,tabular_009210,cold_10,
test,tabular_001714,hot_01,
test,tabular_005524,vid23,
test,tabular_003252,cold_17,
test,tabular_006512,hot_06,
test,tabular_004725,vid14,
test,tabular_000378,vid35,
test,tabular_000407,hot_33,
test,tabular_007860,vid5,
test,tabular_008876,cold_09,
test,tabular_005029,vid11,
test,tabular_001995,vid16,
test,tabular_008028,vid23,
test,tabular_000753,hot_07,
test,tabular_005227,cold_09,
test,tabular_000426,vid22,
test,tabular_000417,vid17,
test,tabular_002150,cold_29,
test,tabular_007579,vid12,
test,tabular_006635,cold_08,
test,tabular_006159,vid29,
test,tabular_005853,cold_22,
test,tabular_006481,hot_02,
test,tabular_006074,cold_10,
test,tabular_008311,vid3,
test,tabular_002953,vid30,
test,tabular_007383,cold_27,
test,tabular_009062,vid18,
test,tabular_005826,vid1,
test,tabular_005578,vid15,
test,tabular_001354,cold_12,
test,tabular_009196,cold_05,
test,tabular_007328,vid3,
test,tabular_006657,cold_15,
test,tabular_000220,vid18,
test,tabular_006222,vid20,
test,tabular_008752,cold_29,
test,tabular_004389,hot_27,
test,tabular_008187,cold_14,
test,tabular_007323,vid26,
test,tabular_004959,vid11,
test,tabular_000269,vid11,
test,tabular_005482,cold_22,
test,tabular_003145,cold_14,
test,tabular_004320,cold_01,
test,tabular_001323,cold_01,
test,tabular_005159,vid5,
test,tabular_007431,cold_11,
test,tabular_008574,vid27,
test,tabular_005332,vid3,
test,tabular_003967,vid13,
test,tabular_006200,vid11,
test,tabular_000145,cold_02,
test,tabular_004356,cold_10,
test,tabular_007472,vid32,
test,tabular_001782,cold_06,
test,tabular_003042,vid12,
test,tabular_003368,vid30,
test,tabular_001637,cold_35,
test,tabular_002658,vid30,
test,tabular_004004,hot_24,
test,tabular_004656,cold_05,
test,tabular_004627,vid26,
test,tabular_007787,cold_10,
test,tabular_007970,vid27,
test,tabular_007005,vid3,
test,tabular_008037,cold_01,
test,tabular_003945,vid7,
test,tabular_005383,hot_05,
test,tabular_007397,vid31,
test,tabular_001249,vid14,
test,tabular_001505,cold_26,
test,tabular_002777,cold_11,
test,tabular_005674,hot_12,
test,tabular_007625,cold_16,
test,tabular_003546,vid28,
test,tabular_008082,vid26,
test,tabular_004503,vid26,
test,tabular_003872,cold_06,
test,tabular_003297,hot_24,
test,tabular_006963,cold_30,
test,tabular_002643,cold_04,
test,tabular_004524,vid9,
test,tabular_006340,cold_22,
test,tabular_008198,hot_24,
test,tabular_004410,cold_31,
test,tabular_004336,vid1,
test,tabular_000409,cold_26,
test,tabular_002025,cold_20,
test,tabular_002584,vid20,
test,tabular_002523,vid25,
test,tabular_007670,cold_02,
test,tabular_006123,vid9,
test,tabular_001900,hot_35,
test,tabular_007344,vid9,
test,tabular_006628,vid29,
test,tabular_007981,vid31,
test,tabular_004864,hot_26,
test,tabular_002100,cold_14,
test,tabular_004962,cold_20,
test,tabular_000703,vid26,
test,tabular_008570,vid24,
test,tabular_005112,cold_01,
test,tabular_006070,vid15,
test,tabular_004530,cold_01,
test,tabular_001510,hot_08,
test,tabular_003555,cold_26,
test,tabular_004826,cold_22,
test,tabular_000361,cold_10,
test,tabular_001025,cold_21,
test,tabular_000167,vid25,
test,tabular_006172,cold_10,
test,tabular_007817,cold_26,
test,tabular_001894,vid31,
test,tabular_000133,cold_01,
test,tabular_007562,vid5,
test,tabular_000313,vid6,
test,tabular_004651,vid5,
test,tabular_001397,vid20,
test,tabular_000071,vid8,
test,tabular_005665,vid25,
test,tabular_004928,vid26,
test,tabular_006167,vid32,
test,tabular_008662,cold_26,
test,tabular_008114,vid20,
test,tabular_003458,vid13,
test,tabular_007698,vid3,
test,tabular_004094,vid35,
test,tabular_004820,hot_14,
test,tabular_001831,cold_22,
test,tabular_005100,cold_26,
test,tabular_004860,cold_29,
test,tabular_008692,vid2,
test,tabular_003335,vid20,
test,tabular_002705,vid29,
test,tabular_007859,vid4,
test,tabular_001644,cold_03,
test,tabular_007960,hot_05,
test,tabular_008439,vid25,
test,tabular_000613,vid12,
test,tabular_004452,vid6,
test,tabular_000382,cold_15,
test,tabular_007764,vid29,
test,tabular_005264,vid27,
test,tabular_005006,cold_32,
test,tabular_004308,vid27,
test,tabular_004486,hot_02,
test,tabular_005521,vid20,
test,tabular_004850,cold_27,
test,tabular_007839,cold_35,
test,tabular_007061,cold_05,
test,tabular_004286,vid18,
test,tabular_003469,vid2,
test,tabular_007882,cold_12,
test,tabular_003088,vid9,
test,tabular_003920,vid27,
test,tabular_005602,cold_30,
test,tabular_006519,cold_28,
test,tabular_005174,hot_07,
test,tabular_004456,vid1,
test,tabular_008090,vid34,
test,tabular_006684,hot_22,
test,tabular_000791,vid8,
test,tabular_004618,cold_29,
test,tabular_000597,vid4,
test,tabular_007552,vid32,
test,tabular_003805,vid18,
test,tabular_002922,vid19,
test,tabular_006033,cold_27,
test,tabular_005276,vid30,
test,tabular_007135,cold_34,
test,tabular_007041,hot_03,
test,tabular_003859,vid8,
test,tabular_006455,vid16,
test,tabular_004887,cold_34,
test,tabular_003506,cold_08,
test,tabular_007399,vid34,
test,tabular_005843,cold_15,
test,tabular_007425,hot_31,
test,tabular_008102,vid12,
test,tabular_005537,cold_02,
test,tabular_002224,hot_12,
test,tabular_003155,vid5,
test,tabular_007961,vid21,
test,tabular_003308,hot_25,
test,tabular_001495,cold_23,
test,tabular_001885,cold_06,
test,tabular_008985,cold_26,
test,tabular_006313,cold_13,
test,tabular_006256,cold_22,
test,tabular_006785,vid3,
test,tabular_000664,hot_30,
test,tabular_001374,vid1,
test,tabular_004223,cold_05,
test,tabular_002364,cold_26,
test,tabular_008718,cold_13,
test,tabular_000593,vid35,
test,tabular_003743,vid14,
test,tabular_001552,vid22,
test,tabular_005243,vid14,
test,tabular_001087,cold_07,
test,tabular_005310,cold_01,
test,tabular_003247,hot_21,
test,tabular_008240,vid34,
test,tabular_005888,cold_04,
test,tabular_008442,vid27,
test,tabular_004960,cold_19,
test,tabular_004228,hot_32,
test,tabular_001646,cold_04,
test,tabular_007549,vid31,
test,tabular_004271,vid12,
test,tabular_008713,cold_11,
test,tabular_003432,vid30,
test,tabular_007724,vid12,
test,tabular_005094,vid12,
test,tabular_006827,vid16,
test,tabular_005155,hot_04,
test,tabular_004815,vid31,
test,tabular_000905,vid29,
test,tabular_001471,hot_33,
test,tabular_001157,cold_07,
test,tabular_002066,cold_35,
test,tabular_005817,cold_35,
test,tabular_008833,vid2,
test,tabular_000327,cold_26,
test,tabular_005274,cold_24,
test,tabular_006067,vid12,
test,tabular_004694,vid3,
test,tabular_000814,vid2,
test,tabular_002404,hot_01,
test,tabular_004154,cold_17,
test,tabular_006641,vid4,
test,tabular_005217,vid35,
test,tabular_007244,hot_11,
test,tabular_000843,vid4,
test,tabular_000936,vid9,
test,tabular_001021,vid18,
test,tabular_006972,cold_35,
test,tabular_000390,vid10,
test,tabular_000077,hot_16,
test,tabular_001022,hot_27,
test,tabular_001967,vid35,
test,tabular_003369,vid31,
test,tabular_007706,vid34,
test,tabular_005042,vid17,
test,tabular_003929,cold_33,
test,tabular_007140,cold_02,
test,tabular_007756,vid23,
test,tabular_006742,vid17,
test,tabular_008317,cold_02,
test,tabular_006041,hot_19,
test,tabular_002559,vid10,
test,tabular_001152,vid12,
test,tabular_002449,vid18,
test,tabular_008386,hot_17,
test,tabular_007229,vid21,
test,tabular_000370,vid29,
test,tabular_008620,vid19,
test,tabular_000499,vid23,
test,tabular_006984,vid23,
test,tabular_000700,vid23,
test,tabular_002617,cold_31,
test,tabular_004237,cold_11,
test,tabular_007376,vid24,
test,tabular_005256,hot_18,
test,tabular_008384,cold_31,
test,tabular_007514,cold_01,
test,tabular_004999,vid28,
test,tabular_003183,vid15,
test,tabular_006871,vid6,
test,tabular_003740,vid12,
test,tabular_003779,hot_20,
test,tabular_005918,hot_04,
test,tabular_004494,cold_27,
test,tabular_002721,cold_22,
test,tabular_009129,cold_16,
test,tabular_007268,hot_14,
test,tabular_004466,cold_16,
test,tabular_007546,cold_16,
test,tabular_000330,vid13,
test,tabular_003265,cold_27,
test,tabular_004492,vid21,
test,tabular_003658,hot_05,
test,tabular_008156,cold_32,
test,tabular_002295,cold_04,
test,tabular_007733,cold_28,
test,tabular_006538,vid20,
test,tabular_006853,vid28,
test,tabular_008955,cold_12,
test,tabular_004379,vid32,
test,tabular_008826,cold_25,
test,tabular_001084,vid16,
test,tabular_005756,vid34,
test,tabular_003119,cold_33,
test,tabular_007866,vid9,
test,tabular_007398,vid32,
test,tabular_005794,vid20,
test,tabular_006822,cold_06,
test,tabular_003062,cold_17,
test,tabular_007753,hot_10,
test,tabular_002454,vid21,
test,tabular_003449,vid9,
test,tabular_004020,cold_34,
test,tabular_003050,vid17,
test,tabular_005636,cold_10,
test,tabular_006613,vid21,
test,tabular_004038,cold_03,
test,tabular_002379,vid15,
test,tabular_009240,hot_24,
test,tabular_008330,cold_07,
test,tabular_001121,cold_20,
test,tabular_000452,vid4,
test,tabular_004756,vid29,
test,tabular_005634,vid10,
test,tabular_000392,cold_18,
test,tabular_005724,hot_17,
test,tabular_009136,vid11,
test,tabular_003364,cold_35,
test,tabular_003625,cold_23,
test,tabular_009220,hot_20,
test,tabular_005776,vid1,
test,tabular_007903,hot_33,
test,tabular_003862,cold_35,
test,tabular_006106,cold_21,
test,tabular_002943,cold_12,
test,tabular_001961,cold_34,
test,tabular_001235,vid11,
test,tabular_006324,hot_15,
test,tabular_002600,vid31,
test,tabular_000055,cold_17,
test,tabular_005838,hot_30,
test,tabular_006357,cold_29,
test,tabular_003616,vid2,
test,tabular_003246,cold_13,
