video_path,label,transcript,sentiment,dominant_emotion,confidence_emotion,pitch_mean,energy_mean,speech_rate,mfcc_1,mfcc_2,mfcc_3,mfcc_4,mfcc_5,keyword_count,keyword_type,vision_score,audio_score,semantic_score,final_score,face_detected,landmark_count,face_center_x,face_center_y,face_width,face_height
C:/PropScore_AI/data/raw_videos/ravdess/Actor_01/03-01-01-01-01-01-01.wav,warm,Kids are talking by the door.,positive,neutral,50.0,1778.659,0.00233,1.816,-694.232,50.041,0.552,14.546,3.445,0,unknown,0.5,0.1956,0.45,0.3887,0,0,0,0,0,0
C:/PropScore_AI/data/raw_videos/ravdess/Actor_01/03-01-01-01-01-02-01.wav,warm,Kids are talking by the door.,positive,neutral,50.0,1783.894,0.0025,1.798,-683.92,49.147,-1.772,19.476,1.977,0,unknown,0.5,0.1948,0.45,0.3884,0,0,0,0,0,0
C:/PropScore_AI/data/raw_videos/ravdess/Actor_01/03-01-01-01-02-01-01.wav,warm,Dogs are sitting by the door.,positive,neutral,50.0,1768.766,0.00285,1.835,-678.079,51.528,-0.038,14.368,0.834,0,unknown,0.5,0.2006,0.45,0.3902,0,0,0,0,0,0
C:/PropScore_AI/data/raw_videos/ravdess/Actor_01/03-01-01-01-02-02-01.wav,warm,Dogs are sitting by the door.,positive,neutral,50.0,1670.098,0.00266,1.893,-674.44,50.828,1.725,14.461,3.074,0,unknown,0.5,0.2053,0.45,0.3916,0,0,0,0,0,0
C:/PropScore_AI/data/raw_videos/ravdess/Actor_01/03-01-02-01-01-01-01.wav,warm,Kids are talking by the door.,positive,calm,50.0,1794.747,0.0017,1.696,-709.883,56.299,2.663,16.805,3.565,0,unknown,0.56,0.1798,0.45,0.4019,0,0,0,0,0,0
C:/PropScore_AI/data/raw_videos/ravdess/Actor_01/03-01-02-01-01-02-01.wav,warm,Kids are talking by the door.,positive,calm,50.0,1832.588,0.00181,1.665,-695.87,61.871,-0.804,14.568,4.736,0,unknown,0.56,0.1774,0.45,0.4012,0,0,0,0,0,0
C:/PropScore_AI/data/raw_videos/ravdess/Actor_01/03-01-02-01-02-01-01.wav,warm,Dogs are sitting by the door.,positive,calm,50.0,1763.968,0.00264,1.713,-688.434,58.456,0.195,14.348,2.148,0,unknown,0.56,0.1871,0.45,0.4041,0,0,0,0,0,0
C:/PropScore_AI/data/raw_videos/ravdess/Actor_01/03-01-02-01-02-02-01.wav,warm,Dogs are sitting by the door.,positive,calm,50.0,1652.317,0.0027,1.729,-685.451,62.541,-0.826,16.145,2.892,0,unknown,0.56,0.1891,0.45,0.4047,0,0,0,0,0,0
C:/PropScore_AI/data/raw_videos/ravdess/Actor_01/03-01-02-02-01-01-01.wav,warm,Kids are talking by the door.,positive,calm,100.0,1804.111,0.00154,1.62,-718.616,64.947,1.901,16.332,4.004,0,unknown,0.76,0.1712,0.45,0.4594,0,0,0,0,0,0
C:/PropScore_AI/data/raw_videos/ravdess/Actor_01/03-01-02-02-01-02-01.wav,warm,Kids are talking by the door.,positive,calm,100.0,1828.956,0.00164,1.499,-678.885,60.244,-2.405,13.981,1.626,0,unknown,0.76,0.1597,0.45,0.4559,0,0,0,0,0,0
C:/PropScore_AI/data/raw_videos/ravdess/Actor_01/03-01-02-02-02-01-01.wav,warm,Dogs are sitting by the door.,positive,calm,100.0,1766.986,0.00212,1.427,-687.784,61.92,2.996,11.42,4.498,0,unknown,0.76,0.1554,0.45,0.4546,0,0,0,0,0,0
C:/PropScore_AI/data/raw_videos/ravdess/Actor_01/03-01-02-02-02-02-01.wav,warm,Dogs are sitting by the door.,positive,calm,100.0,1890.328,0.00215,1.499,-669.335,56.184,-3.906,15.832,2.221,0,unknown,0.76,0.1628,0.45,0.4568,0,0,0,0,0,0
C:/PropScore_AI/data/raw_videos/ravdess/Actor_01/03-01-03-01-01-01-01.wav,hot,Kids are talking by the door.,positive,happy,50.0,1611.303,0.00435,1.729,-630.484,55.852,-4.847,14.766,-2.353,0,unknown,0.8,0.199,0.75,0.5997,0,0,0,0,0,0
C:/PropScore_AI/data/raw_videos/ravdess/Actor_01/03-01-03-01-01-02-01.wav,hot,Kids are talking by the door.,positive,happy,50.0,1807.653,0.00506,1.729,-610.361,53.821,-5.103,17.301,0.762,0,unknown,0.8,0.2033,0.75,0.601,0,0,0,0,0,0
C:/PropScore_AI/data/raw_videos/ravdess/Actor_01/03-01-03-01-02-01-01.wav,hot,Dogs are sitting by the door.,positive,happy,50.0,1819.763,0.00382,1.696,-642.267,54.74,-1.562,12.108,-1.58,0,unknown,0.8,0.1925,0.75,0.5978,0,0,0,0,0,0
C:/PropScore_AI/data/raw_videos/ravdess/Actor_01/03-01-03-01-02-02-01.wav,hot,Dogs are sitting by the door.,positive,happy,50.0,1649.114,0.0038,1.62,-635.335,48.805,2.629,17.27,-2.415,0,unknown,0.8,0.1848,0.75,0.5954,0,0,0,0,0,0
C:/PropScore_AI/data/raw_videos/ravdess/Actor_01/03-01-03-02-01-01-01.wav,hot,Kids are talking by the door.,positive,happy,100.0,1844.828,0.00666,1.635,-583.447,43.252,-6.601,5.285,-3.266,0,unknown,1.0,0.2035,0.75,0.6611,0,0,0,0,0,0
C:/PropScore_AI/data/raw_videos/ravdess/Actor_01/03-01-03-02-01-02-01.wav,hot,Kids are talking by the door.,positive,happy,100.0,1733.257,0.0085,1.65,-553.582,48.836,-12.892,7.23,-0.275,0,unknown,1.0,0.216,0.75,0.6648,0,0,0,0,0,0
C:/PropScore_AI/data/raw_videos/ravdess/Actor_01/03-01-03-02-02-01-01.wav,hot,Dogs are sitting by the door.,positive,happy,100.0,1721.593,0.01108,1.524,-503.05,39.735,-10.255,7.52,-3.37,0,unknown,1.0,0.2189,0.75,0.6657,0,0,0,0,0,0
C:/PropScore_AI/data/raw_videos/ravdess/Actor_01/03-01-03-02-02-02-01.wav,hot,Dogs are sitting by the door.,positive,happy,100.0,1776.694,0.01028,1.524,-526.547,41.827,-10.285,6.714,-5.529,0,unknown,1.0,0.2141,0.75,0.6642,0,0,0,0,0,0
C:/PropScore_AI/data/raw_videos/ravdess/Actor_01/03-01-04-01-01-01-01.wav,cold,Kids are talking by the door.,positive,sad,50.0,1862.269,0.00224,1.564,-672.9,56.015,-3.03,18.127,-1.516,0,unknown,0.32,0.1698,0.3,0.2669,0,0,0,0,0,0
C:/PropScore_AI/data/raw_videos/ravdess/Actor_01/03-01-04-01-01-02-01.wav,cold,Kids are talking by the door.,positive,sad,50.0,1794.823,0.00206,1.681,-682.632,58.302,-2.717,20.004,0.232,0,unknown,0.32,0.1805,0.3,0.2702,0,0,0,0,0,0
C:/PropScore_AI/data/raw_videos/ravdess/Actor_01/03-01-04-01-02-01-01.wav,cold,Dogs are sitting by the door.,positive,sad,50.0,1919.269,0.00178,1.713,-724.799,53.722,-4.574,16.966,-0.866,0,unknown,0.32,0.182,0.3,0.2706,0,0,0,0,0,0
C:/PropScore_AI/data/raw_videos/ravdess/Actor_01/03-01-04-01-02-02-01.wav,cold,Dogs are sitting by the door.,positive,sad,50.0,1872.672,0.00234,1.78,-701.415,54.758,-0.237,18.08,-0.944,0,unknown,0.32,0.192,0.3,0.2736,0,0,0,0,0,0
C:/PropScore_AI/data/raw_videos/ravdess/Actor_01/03-01-04-02-01-01-01.wav,cold,Kids are talking by the door.,positive,sad,100.0,1848.057,0.00301,1.577,-663.149,57.374,0.19,20.224,-0.326,0,unknown,0.52,0.1758,0.3,0.3287,0,0,0,0,0,0
C:/PropScore_AI/data/raw_videos/ravdess/Actor_01/03-01-04-02-01-02-01.wav,cold,Kids are talking by the door.,positive,sad,100.0,1932.692,0.00499,1.62,-616.932,44.395,-5.405,11.928,-1.877,0,unknown,0.52,0.1919,0.3,0.3336,0,0,0,0,0,0
C:/PropScore_AI/data/raw_videos/ravdess/Actor_01/03-01-04-02-02-01-01.wav,cold,Dogs are sitting by the door.,positive,sad,100.0,1880.024,0.00511,1.606,-607.47,47.077,-4.793,14.606,-1.802,0,unknown,0.52,0.1913,0.3,0.3334,0,0,0,0,0,0
C:/PropScore_AI/data/raw_videos/ravdess/Actor_01/03-01-04-02-02-02-01.wav,cold,Dogs are sitting by the door.,positive,sad,100.0,1883.928,0.0062,1.606,-592.27,43.4,-3.319,13.343,-3.278,0,unknown,0.52,0.1978,0.3,0.3353,0,0,0,0,0,0
C:/PropScore_AI/data/raw_videos/ravdess/Actor_01/03-01-05-01-01-01-01.wav,cold,Kids are talking by the door.,positive,angry,50.0,1873.656,0.00904,1.55,-534.052,34.978,-3.595,11.61,-5.763,0,unknown,0.29,0.2092,0.3,0.2698,0,0,0,0,0,0
C:/PropScore_AI/data/raw_videos/ravdess/Actor_01/03-01-05-01-01-02-01.wav,cold,Kids are talking by the door.,positive,angry,50.0,1894.633,0.00996,1.524,-519.048,34.332,-5.342,7.689,-7.728,0,unknown,0.29,0.2122,0.3,0.2707,0,0,0,0,0,0
C:/PropScore_AI/data/raw_videos/ravdess/Actor_01/03-01-05-01-02-01-01.wav,cold,Dogs are sitting by the door.,positive,angry,50.0,1810.685,0.00699,1.713,-565.188,40.058,-0.666,10.574,-4.05,0,unknown,0.29,0.2132,0.3,0.271,0,0,0,0,0,0
C:/PropScore_AI/data/raw_videos/ravdess/Actor_01/03-01-05-01-02-02-01.wav,cold,Dogs are sitting by the door.,positive,angry,50.0,1832.294,0.01094,1.606,-526.558,40.197,-3.796,9.093,-4.761,0,unknown,0.29,0.2262,0.3,0.2749,0,0,0,0,0,0
C:/PropScore_AI/data/raw_videos/ravdess/Actor_01/03-01-05-02-01-01-01.wav,cold,Kids are talking by the door!,positive,angry,100.0,1874.653,0.05519,1.462,-337.245,21.516,-18.827,-1.507,-12.813,0,unknown,0.49,0.4773,0.3,0.4102,0,0,0,0,0,0
C:/PropScore_AI/data/raw_videos/ravdess/Actor_01/03-01-05-02-01-02-01.wav,cold,Kids are talking by the door.,positive,angry,100.0,1975.493,0.03357,1.373,-357.618,13.785,-17.026,0.007,-12.295,0,unknown,0.49,0.3387,0.3,0.3686,0,0,0,0,0,0
C:/PropScore_AI/data/raw_videos/ravdess/Actor_01/03-01-05-02-02-01-01.wav,cold,Dogs are sitting by the door.,positive,angry,100.0,1952.476,0.03305,1.45,-388.715,23.06,-14.338,3.273,-9.049,0,unknown,0.49,0.3433,0.3,0.37,0,0,0,0,0,0
C:/PropScore_AI/data/raw_videos/ravdess/Actor_01/03-01-05-02-02-02-01.wav,cold,Dogs are sitting by the door!,positive,angry,100.0,1898.264,0.09416,1.352,-288.956,15.0,-20.25,-4.944,-11.165,0,unknown,0.49,0.7002,0.3,0.4771,0,0,0,0,0,0
C:/PropScore_AI/data/raw_videos/ravdess/Actor_01/03-01-06-01-01-01-01.wav,cold,Kids are talking by the door.,positive,fear,50.0,1469.098,0.00614,1.635,-585.516,54.851,1.144,17.882,1.078,0,unknown,0.38,0.2003,0.3,0.2941,0,0,0,0,0,0
C:/PropScore_AI/data/raw_videos/ravdess/Actor_01/03-01-06-01-01-02-01.wav,cold,Kids are talking by the door.,positive,fear,50.0,1658.526,0.00585,1.65,-597.322,50.841,-7.634,12.043,-1.661,0,unknown,0.38,0.2001,0.3,0.294,0,0,0,0,0,0
C:/PropScore_AI/data/raw_videos/ravdess/Actor_01/03-01-06-01-02-01-01.wav,cold,Dogs are sitting by the door.,positive,fear,50.0,1481.688,0.00503,1.746,-611.073,58.112,8.017,20.354,5.432,0,unknown,0.38,0.2048,0.3,0.2954,0,0,0,0,0,0
C:/PropScore_AI/data/raw_videos/ravdess/Actor_01/03-01-06-01-02-02-01.wav,cold,Dogs are sitting by the door.,positive,fear,50.0,1794.233,0.00463,1.62,-612.706,53.906,-3.512,17.778,0.572,0,unknown,0.38,0.1898,0.3,0.2909,0,0,0,0,0,0
C:/PropScore_AI/data/raw_videos/ravdess/Actor_01/03-01-06-02-01-01-01.wav,cold,Kids are talking by the door.,positive,fear,100.0,1748.767,0.01686,1.199,-423.738,45.013,-13.37,6.339,1.947,0,unknown,0.58,0.2211,0.3,0.3603,0,0,0,0,0,0
C:/PropScore_AI/data/raw_videos/ravdess/Actor_01/03-01-06-02-01-02-01.wav,cold,Kids are talking by the door.,positive,fear,100.0,1747.007,0.02325,1.416,-396.552,38.065,-22.389,0.253,0.467,0,unknown,0.58,0.2811,0.3,0.3783,0,0,0,0,0,0
C:/PropScore_AI/data/raw_videos/ravdess/Actor_01/03-01-06-02-02-01-01.wav,cold,Dogs are sitting by the door.,positive,fear,100.0,1668.921,0.03714,1.511,-358.887,34.035,-18.221,-0.75,-7.191,0,unknown,0.58,0.3739,0.3,0.4062,0,0,0,0,0,0
C:/PropScore_AI/data/raw_videos/ravdess/Actor_01/03-01-06-02-02-02-01.wav,cold,Dogs are sitting by the door.,positive,fear,100.0,1569.156,0.02551,1.537,-415.213,40.254,-19.092,-0.136,-0.403,0,unknown,0.58,0.3068,0.3,0.386,0,0,0,0,0,0
C:/PropScore_AI/data/raw_videos/ravdess/Actor_01/03-01-07-01-01-01-01.wav,cold,Kids are talking by the door.,positive,disgust,50.0,1802.771,0.00268,1.55,-627.393,56.064,-3.117,11.499,1.003,0,unknown,0.26,0.1711,0.3,0.2493,0,0,0,0,0,0
C:/PropScore_AI/data/raw_videos/ravdess/Actor_01/03-01-07-01-01-02-01.wav,cold,Kids are talking by the door.,positive,disgust,50.0,1818.131,0.00309,1.537,-610.048,48.85,-1.908,5.625,1.695,0,unknown,0.26,0.1722,0.3,0.2497,0,0,0,0,0,0
C:/PropScore_AI/data/raw_videos/ravdess/Actor_01/03-01-07-01-02-01-01.wav,cold,Dogs are sitting by the door.,positive,disgust,50.0,1729.657,0.00287,1.537,-648.057,64.79,1.113,11.524,-1.393,0,unknown,0.26,0.1709,0.3,0.2493,0,0,0,0,0,0
C:/PropScore_AI/data/raw_videos/ravdess/Actor_01/03-01-07-01-02-02-01.wav,cold,Dogs are sitting by the door.,positive,disgust,50.0,1851.709,0.00293,1.564,-653.422,48.335,0.048,8.157,-1.571,0,unknown,0.26,0.174,0.3,0.2502,0,0,0,0,0,0
C:/PropScore_AI/data/raw_videos/ravdess/Actor_01/03-01-07-02-01-01-01.wav,cold,Kids are talking by the door!,positive,disgust,100.0,1795.424,0.01147,1.394,-481.532,40.511,-11.475,-7.901,-8.842,0,unknown,0.46,0.2082,0.3,0.3205,0,0,0,0,0,0
C:/PropScore_AI/data/raw_videos/ravdess/Actor_01/03-01-07-02-01-02-01.wav,cold,Kids are talking by the door.,positive,disgust,100.0,1944.045,0.01263,1.462,-482.128,29.041,-9.195,-0.789,-10.993,0,unknown,0.46,0.222,0.3,0.3246,0,0,0,0,0,0
C:/PropScore_AI/data/raw_videos/ravdess/Actor_01/03-01-07-02-02-01-01.wav,cold,Oh dogs are sitting by the door.,positive,disgust,100.0,1647.75,0.01122,1.734,-512.096,42.783,6.043,-5.243,-6.301,0,unknown,0.46,0.2407,0.3,0.3302,0,0,0,0,0,0
C:/PropScore_AI/data/raw_videos/ravdess/Actor_01/03-01-07-02-02-02-01.wav,cold,Dogs are sitting by the door.,positive,disgust,100.0,1638.142,0.01136,1.373,-495.76,39.894,-4.275,-1.839,-4.693,0,unknown,0.46,0.2055,0.3,0.3196,0,0,0,0,0,0
C:/PropScore_AI/data/raw_videos/ravdess/Actor_01/03-01-08-01-01-01-01.wav,hot,Kids are talking by the door.,positive,surprise,50.0,1876.495,0.00328,1.763,-653.802,49.179,-2.799,10.681,-0.843,0,unknown,0.68,0.196,0.75,0.5628,0,0,0,0,0,0
C:/PropScore_AI/data/raw_videos/ravdess/Actor_01/03-01-08-01-01-02-01.wav,hot,Kids are talking by the door.,positive,surprise,50.0,1884.821,0.00323,1.835,-668.191,47.14,-4.705,13.721,0.951,0,unknown,0.68,0.2029,0.75,0.5649,0,0,0,0,0,0
C:/PropScore_AI/data/raw_videos/ravdess/Actor_01/03-01-08-01-02-01-01.wav,hot,Dogs are sitting by the door.,positive,surprise,50.0,1827.967,0.00339,1.696,-653.09,51.123,-0.396,13.84,-1.929,0,unknown,0.68,0.1899,0.75,0.561,0,0,0,0,0,0
C:/PropScore_AI/data/raw_videos/ravdess/Actor_01/03-01-08-01-02-02-01.wav,hot,Dogs are sitting by the door.,positive,surprise,50.0,1905.983,0.00398,1.835,-650.408,44.525,-3.289,8.432,-5.756,0,unknown,0.68,0.2074,0.75,0.5662,0,0,0,0,0,0
C:/PropScore_AI/data/raw_videos/ravdess/Actor_01/03-01-08-02-01-01-01.wav,hot,Kids are talking by the door.,positive,surprise,100.0,1882.016,0.00738,1.746,-591.241,45.741,-6.535,10.831,-1.01,0,unknown,0.88,0.2189,0.75,0.6297,0,0,0,0,0,0
C:/PropScore_AI/data/raw_videos/ravdess/Actor_01/03-01-08-02-01-02-01.wav,hot,Kids are talking by the door.,positive,surprise,100.0,1881.881,0.00971,1.681,-543.888,36.915,-5.791,8.311,-4.323,0,unknown,0.88,0.2264,0.75,0.6319,0,0,0,0,0,0
C:/PropScore_AI/data/raw_videos/ravdess/Actor_01/03-01-08-02-02-01-01.wav,hot,Dogs are sitting by the door.,positive,surprise,100.0,1890.514,0.00699,1.713,-588.967,40.397,-5.405,8.881,-4.553,0,unknown,0.88,0.2132,0.75,0.628,0,0,0,0,0,0
C:/PropScore_AI/data/raw_videos/ravdess/Actor_01/03-01-08-02-02-02-01.wav,hot,Dogs are sitting by the door.,positive,surprise,100.0,1795.804,0.00959,1.835,-569.887,42.672,-6.901,6.831,-3.223,0,unknown,0.88,0.241,0.75,0.6363,0,0,0,0,0,0
C:/PropScore_AI/data/raw_videos/ravdess/Actor_02/03-01-01-01-01-01-02.wav,warm,Kids are talking by the door.,positive,neutral,50.0,1624.7,0.00376,1.65,-636.004,47.217,-9.615,8.325,-9.74,0,unknown,0.5,0.1876,0.45,0.3863,0,0,0,0,0,0
C:/PropScore_AI/data/raw_videos/ravdess/Actor_02/03-01-01-01-01-02-02.wav,warm,Kids are talking by the door.,positive,neutral,50.0,1691.134,0.00367,1.665,-636.724,41.089,-8.436,10.377,-11.068,0,unknown,0.5,0.1885,0.45,0.3866,0,0,0,0,0,0
C:/PropScore_AI/data/raw_videos/ravdess/Actor_02/03-01-01-01-02-01-02.wav,warm,Dogs are sitting by the door.,positive,neutral,50.0,1700.963,0.00546,1.591,-610.92,45.362,-11.657,5.209,-8.863,0,unknown,0.5,0.1919,0.45,0.3876,0,0,0,0,0,0
C:/PropScore_AI/data/raw_videos/ravdess/Actor_02/03-01-01-01-02-02-02.wav,warm,Dogs are sitting by the door.,positive,neutral,50.0,1728.63,0.00492,1.665,-628.39,40.947,-10.537,4.977,-11.822,0,unknown,0.5,0.196,0.45,0.3888,0,0,0,0,0,0
C:/PropScore_AI/data/raw_videos/ravdess/Actor_02/03-01-02-01-01-01-02.wav,warm,Kids are talking by the door.,positive,calm,50.0,1742.309,0.0034,1.564,-648.329,45.185,-3.136,10.041,-9.446,0,unknown,0.56,0.1768,0.45,0.401,0,0,0,0,0,0
C:/PropScore_AI/data/raw_videos/ravdess/Actor_02/03-01-02-01-01-02-02.wav,warm,Kids are talking by the door.,positive,calm,50.0,1849.569,0.00348,1.499,-644.668,40.272,-8.633,7.638,-10.624,0,unknown,0.56,0.1708,0.45,0.3992,0,0,0,0,0,0
C:/PropScore_AI/data/raw_videos/ravdess/Actor_02/03-01-02-01-02-01-02.wav,warm,Dogs are sitting by the door.,positive,calm,50.0,1580.118,0.00368,1.564,-642.406,40.308,-7.755,3.568,-8.758,0,unknown,0.56,0.1785,0.45,0.4016,0,0,0,0,0,0
C:/PropScore_AI/data/raw_videos/ravdess/Actor_02/03-01-02-01-02-02-02.wav,warm,Dogs are sitting by the door.,positive,calm,50.0,1812.942,0.00363,1.511,-635.107,42.243,-14.361,1.453,-11.141,0,unknown,0.56,0.1729,0.45,0.3999,0,0,0,0,0,0
C:/PropScore_AI/data/raw_videos/ravdess/Actor_02/03-01-02-02-01-01-02.wav,warm,Kids are talking by the door.,positive,calm,100.0,1905.558,0.00282,1.45,-630.39,36.776,-5.886,6.304,-11.277,0,unknown,0.76,0.1619,0.45,0.4566,0,0,0,0,0,0
C:/PropScore_AI/data/raw_videos/ravdess/Actor_02/03-01-02-02-01-02-02.wav,warm,Kids are talking by the door.,positive,calm,100.0,1835.605,0.00309,1.486,-642.055,38.532,-8.674,5.239,-11.573,0,unknown,0.76,0.1671,0.45,0.4581,0,0,0,0,0,0
C:/PropScore_AI/data/raw_videos/ravdess/Actor_02/03-01-02-02-02-01-02.wav,warm,Dogs are sitting by the door.,positive,calm,100.0,1866.408,0.0034,1.462,-646.204,35.871,-8.477,-0.61,-9.166,0,unknown,0.76,0.1666,0.45,0.458,0,0,0,0,0,0
C:/PropScore_AI/data/raw_videos/ravdess/Actor_02/03-01-02-02-02-02-02.wav,warm,Dogs are sitting by the door.,positive,calm,100.0,1714.538,0.0033,1.462,-648.55,42.512,-6.88,1.512,-8.75,0,unknown,0.76,0.166,0.45,0.4578,0,0,0,0,0,0
C:/PropScore_AI/data/raw_videos/ravdess/Actor_02/03-01-03-01-01-01-02.wav,hot,Kids are talking by the door.,positive,happy,50.0,1884.971,0.00707,1.665,-575.566,34.56,-20.442,10.082,-14.415,0,unknown,0.8,0.2089,0.75,0.6027,0,0,0,0,0,0
C:/PropScore_AI/data/raw_videos/ravdess/Actor_02/03-01-03-01-01-02-02.wav,hot,Kids are talking by the door.,positive,happy,50.0,1863.465,0.00629,1.62,-590.356,35.843,-15.853,12.688,-14.819,0,unknown,0.8,0.1997,0.75,0.5999,0,0,0,0,0,0
C:/PropScore_AI/data/raw_videos/ravdess/Actor_02/03-01-03-01-02-01-02.wav,hot,Dogs are sitting by the door.,positive,happy,50.0,1807.206,0.00689,1.591,-588.657,33.77,-21.027,6.0,-13.922,0,unknown,0.8,0.2004,0.75,0.6001,0,0,0,0,0,0
C:/PropScore_AI/data/raw_videos/ravdess/Actor_02/03-01-03-01-02-02-02.wav,hot,Dogs are sitting by the door.,positive,happy,50.0,1758.067,0.00672,1.606,-576.177,38.167,-15.16,8.309,-12.696,0,unknown,0.8,0.2009,0.75,0.6003,0,0,0,0,0,0
C:/PropScore_AI/data/raw_videos/ravdess/Actor_02/03-01-03-02-01-01-02.wav,hot,Kids are talking by the door.,positive,happy,100.0,1878.644,0.01706,1.62,-467.29,21.498,-29.042,8.599,-23.426,0,unknown,1.0,0.2644,0.75,0.6793,0,0,0,0,0,0
C:/PropScore_AI/data/raw_videos/ravdess/Actor_02/03-01-03-02-01-02-02.wav,hot,Kids are talking by the door.,positive,happy,100.0,1886.878,0.01746,1.635,-475.96,26.059,-31.481,9.232,-22.116,0,unknown,1.0,0.2683,0.75,0.6805,0,0,0,0,0,0
C:/PropScore_AI/data/raw_videos/ravdess/Actor_02/03-01-03-02-02-01-02.wav,hot,Dogs are sitting by the door.,positive,happy,100.0,1827.162,0.01187,1.62,-519.725,29.098,-23.91,6.375,-15.418,0,unknown,1.0,0.2332,0.75,0.67,0,0,0,0,0,0
C:/PropScore_AI/data/raw_videos/ravdess/Actor_02/03-01-03-02-02-02-02.wav,hot,Dogs are sitting by the door.,positive,happy,100.0,1840.884,0.01321,1.55,-525.23,28.008,-23.945,5.536,-18.182,0,unknown,1.0,0.2343,0.75,0.6703,0,0,0,0,0,0
C:/PropScore_AI/data/raw_videos/ravdess/Actor_02/03-01-04-01-01-01-02.wav,cold,Kids are talking by the door.,positive,sad,50.0,1756.441,0.00294,1.564,-661.73,44.805,-10.804,6.92,-11.223,0,unknown,0.32,0.174,0.3,0.2682,0,0,0,0,0,0
C:/PropScore_AI/data/raw_videos/ravdess/Actor_02/03-01-04-01-01-02-02.wav,cold,Kids are talking by the door.,positive,sad,50.0,1790.515,0.00326,1.591,-655.255,47.708,-9.587,8.581,-10.181,0,unknown,0.32,0.1787,0.3,0.2696,0,0,0,0,0,0
C:/PropScore_AI/data/raw_videos/ravdess/Actor_02/03-01-04-01-02-01-02.wav,cold,Dogs are sitting by the door.,positive,sad,50.0,1831.74,0.00332,1.606,-641.862,37.143,-6.234,3.723,-8.891,0,unknown,0.32,0.1805,0.3,0.2702,0,0,0,0,0,0
C:/PropScore_AI/data/raw_videos/ravdess/Actor_02/03-01-04-01-02-02-02.wav,cold,Dogs are sitting by the door.,positive,sad,50.0,1869.633,0.00301,1.591,-669.475,38.795,-6.658,6.892,-7.755,0,unknown,0.32,0.1772,0.3,0.2692,0,0,0,0,0,0
C:/PropScore_AI/data/raw_videos/ravdess/Actor_02/03-01-04-02-01-01-02.wav,cold,Kids are talking by the door.,positive,sad,100.0,1811.053,0.00277,1.606,-651.215,41.247,-9.554,4.632,-13.768,0,unknown,0.52,0.1772,0.3,0.3292,0,0,0,0,0,0
C:/PropScore_AI/data/raw_videos/ravdess/Actor_02/03-01-04-02-01-02-02.wav,cold,Kids are talking by the door.,positive,sad,100.0,1878.51,0.00253,1.591,-667.146,48.263,-5.737,7.11,-9.537,0,unknown,0.52,0.1743,0.3,0.3283,0,0,0,0,0,0
C:/PropScore_AI/data/raw_videos/ravdess/Actor_02/03-01-04-02-02-01-02.wav,cold,Dogs are sitting by the door.,positive,sad,100.0,1840.354,0.00373,1.62,-643.842,37.357,-7.487,2.308,-9.799,0,unknown,0.52,0.1844,0.3,0.3313,0,0,0,0,0,0
C:/PropScore_AI/data/raw_videos/ravdess/Actor_02/03-01-04-02-02-02-02.wav,cold,Dogs are sitting by the door.,positive,sad,100.0,1859.484,0.00318,1.635,-652.259,39.345,-7.852,5.326,-10.204,0,unknown,0.52,0.1826,0.3,0.3308,0,0,0,0,0,0
C:/PropScore_AI/data/raw_videos/ravdess/Actor_02/03-01-05-01-01-01-02.wav,cold,Kids are talking by the door.,positive,angry,50.0,1692.193,0.00717,1.635,-550.737,37.569,-10.727,6.339,-11.999,0,unknown,0.29,0.2065,0.3,0.269,0,0,0,0,0,0
C:/PropScore_AI/data/raw_videos/ravdess/Actor_02/03-01-05-01-01-02-02.wav,cold,Kids are talking by the door.,positive,angry,50.0,1809.575,0.00768,1.635,-518.344,33.484,-15.364,7.237,-13.406,0,unknown,0.29,0.2096,0.3,0.2699,0,0,0,0,0,0
C:/PropScore_AI/data/raw_videos/ravdess/Actor_02/03-01-05-01-02-01-02.wav,cold,Dogs are sitting by the door.,positive,angry,50.0,1537.737,0.0083,1.591,-560.733,39.716,-10.122,2.924,-11.988,0,unknown,0.29,0.2089,0.3,0.2697,0,0,0,0,0,0
C:/PropScore_AI/data/raw_videos/ravdess/Actor_02/03-01-05-01-02-02-02.wav,cold,Dogs are sitting by the door.,positive,angry,50.0,1770.285,0.00812,1.577,-551.689,34.088,-15.945,2.853,-17.095,0,unknown,0.29,0.2064,0.3,0.2689,0,0,0,0,0,0
C:/PropScore_AI/data/raw_videos/ravdess/Actor_02/03-01-05-02-01-01-02.wav,cold,Kids are talking by the door.,positive,angry,100.0,1825.39,0.02532,1.537,-432.719,21.555,-22.669,2.161,-21.298,0,unknown,0.49,0.3056,0.3,0.3587,0,0,0,0,0,0
C:/PropScore_AI/data/raw_videos/ravdess/Actor_02/03-01-05-02-01-02-02.wav,cold,Kids are talking by the door.,positive,angry,100.0,1784.93,0.02001,1.499,-456.809,24.175,-23.84,2.404,-21.551,0,unknown,0.49,0.27,0.3,0.348,0,0,0,0,0,0
C:/PropScore_AI/data/raw_videos/ravdess/Actor_02/03-01-05-02-02-01-02.wav,cold,Dogs are sitting by the door!,positive,angry,100.0,1762.688,0.04707,1.499,-415.466,17.285,-32.295,-4.297,-26.129,0,unknown,0.49,0.4323,0.3,0.3967,0,0,0,0,0,0
C:/PropScore_AI/data/raw_videos/ravdess/Actor_02/03-01-05-02-02-02-02.wav,cold,Dogs are sitting by the door.,positive,angry,100.0,1779.932,0.04156,1.499,-405.86,14.743,-31.433,-2.78,-26.529,0,unknown,0.49,0.3993,0.3,0.3868,0,0,0,0,0,0
C:/PropScore_AI/data/raw_videos/ravdess/Actor_02/03-01-06-01-01-01-02.wav,cold,Kids are talking by the door.,positive,fear,50.0,2006.445,0.00759,1.65,-553.774,22.54,-24.791,4.895,-19.553,0,unknown,0.38,0.2105,0.3,0.2971,0,0,0,0,0,0
C:/PropScore_AI/data/raw_videos/ravdess/Actor_02/03-01-06-01-01-02-02.wav,cold,Kids are talking by the door.,positive,fear,50.0,1985.655,0.00809,1.606,-555.314,23.817,-25.615,2.934,-17.987,0,unknown,0.38,0.2091,0.3,0.2967,0,0,0,0,0,0
C:/PropScore_AI/data/raw_videos/ravdess/Actor_02/03-01-06-01-02-01-02.wav,cold,Dogs are sitting by the door.,positive,fear,50.0,1970.551,0.00869,1.635,-557.117,23.464,-25.113,4.0,-16.443,0,unknown,0.38,0.2156,0.3,0.2987,0,0,0,0,0,0
C:/PropScore_AI/data/raw_videos/ravdess/Actor_02/03-01-06-01-02-02-02.wav,cold,Dogs are sitting by the door.,positive,fear,50.0,1997.619,0.00887,1.606,-553.409,19.902,-29.623,1.4,-16.179,0,unknown,0.38,0.2138,0.3,0.2981,0,0,0,0,0,0
C:/PropScore_AI/data/raw_videos/ravdess/Actor_02/03-01-06-02-01-01-02.wav,cold,Kids are talking by the door.,positive,fear,100.0,2038.951,0.01395,1.577,-506.623,11.148,-31.415,0.401,-22.813,0,unknown,0.58,0.2414,0.3,0.3664,0,0,0,0,0,0
C:/PropScore_AI/data/raw_videos/ravdess/Actor_02/03-01-06-02-01-02-02.wav,cold,Kids are talking by the door.,positive,fear,100.0,2067.809,0.01761,1.65,-484.9,9.281,-29.973,0.731,-22.388,0,unknown,0.58,0.2707,0.3,0.3752,0,0,0,0,0,0
C:/PropScore_AI/data/raw_videos/ravdess/Actor_02/03-01-06-02-02-01-02.wav,cold,Dogs are sitting by the door.,positive,fear,100.0,1990.03,0.01913,1.665,-484.553,8.972,-29.237,-2.787,-19.132,0,unknown,0.58,0.2813,0.3,0.3784,0,0,0,0,0,0
C:/PropScore_AI/data/raw_videos/ravdess/Actor_02/03-01-06-02-02-02-02.wav,cold,Dogs are sitting by the door.,positive,fear,100.0,1886.583,0.0162,1.665,-474.313,12.495,-27.385,-1.989,-17.667,0,unknown,0.58,0.2637,0.3,0.3731,0,0,0,0,0,0
C:/PropScore_AI/data/raw_videos/ravdess/Actor_02/03-01-07-01-01-01-02.wav,cold,Kids are talking by the door.,positive,disgust,50.0,1650.142,0.00337,1.635,-617.992,41.996,-10.64,4.104,-9.097,0,unknown,0.26,0.1837,0.3,0.2531,0,0,0,0,0,0
C:/PropScore_AI/data/raw_videos/ravdess/Actor_02/03-01-07-01-01-02-02.wav,cold,Kids are talking by the door.,positive,disgust,50.0,1767.068,0.00314,1.65,-631.471,47.785,-11.042,5.625,-11.543,0,unknown,0.26,0.1838,0.3,0.2531,0,0,0,0,0,0
C:/PropScore_AI/data/raw_videos/ravdess/Actor_02/03-01-07-01-02-01-02.wav,cold,Dogs are sitting by the door.,positive,disgust,50.0,1601.434,0.0048,1.55,-605.205,44.625,-10.124,3.104,-8.596,0,unknown,0.26,0.1838,0.3,0.2531,0,0,0,0,0,0
C:/PropScore_AI/data/raw_videos/ravdess/Actor_02/03-01-07-01-02-02-02.wav,cold,Dogs are sitting by the door.,positive,disgust,50.0,1743.669,0.00467,1.564,-617.709,41.188,-14.501,4.143,-12.726,0,unknown,0.26,0.1844,0.3,0.2533,0,0,0,0,0,0
C:/PropScore_AI/data/raw_videos/ravdess/Actor_02/03-01-07-02-01-01-02.wav,cold,Kids are talking by the door.,positive,disgust,100.0,1779.968,0.00585,1.45,-561.076,34.354,-15.159,0.506,-16.602,0,unknown,0.46,0.1801,0.3,0.312,0,0,0,0,0,0
C:/PropScore_AI/data/raw_videos/ravdess/Actor_02/03-01-07-02-01-02-02.wav,cold,Kids are talking by the door.,positive,disgust,100.0,1800.403,0.00619,1.45,-563.321,37.768,-10.772,2.54,-13.862,0,unknown,0.46,0.1821,0.3,0.3126,0,0,0,0,0,0
C:/PropScore_AI/data/raw_videos/ravdess/Actor_02/03-01-07-02-02-01-02.wav,cold,Dogs are sitting by the door.,positive,disgust,100.0,1677.503,0.00792,1.499,-537.91,38.486,-16.242,-3.671,-13.3,0,unknown,0.46,0.1974,0.3,0.3172,0,0,0,0,0,0
C:/PropScore_AI/data/raw_videos/ravdess/Actor_02/03-01-07-02-02-02-02.wav,cold,Dogs are sitting by the door.,positive,disgust,100.0,1692.822,0.00749,1.486,-548.6,37.595,-16.239,-1.147,-13.189,0,unknown,0.46,0.1935,0.3,0.316,0,0,0,0,0,0
C:/PropScore_AI/data/raw_videos/ravdess/Actor_02/03-01-08-01-01-01-02.wav,hot,Kids are talking by the door.,positive,surprise,50.0,1779.014,0.00717,1.696,-556.151,29.626,-13.499,9.378,-15.226,0,unknown,0.68,0.2126,0.75,0.5678,0,0,0,0,0,0
C:/PropScore_AI/data/raw_videos/ravdess/Actor_02/03-01-08-01-01-02-02.wav,hot,Kids are talking by the door.,positive,surprise,50.0,1871.233,0.00562,1.696,-589.973,32.531,-17.649,5.919,-13.471,0,unknown,0.68,0.2033,0.75,0.565,0,0,0,0,0,0
C:/PropScore_AI/data/raw_videos/ravdess/Actor_02/03-01-08-01-02-01-02.wav,hot,Dogs are sitting by the door.,positive,surprise,50.0,1721.907,0.00682,1.665,-580.417,33.551,-15.031,3.628,-14.439,0,unknown,0.68,0.2074,0.75,0.5662,0,0,0,0,0,0
C:/PropScore_AI/data/raw_videos/ravdess/Actor_02/03-01-08-01-02-02-02.wav,hot,Dogs are sitting by the door.,positive,surprise,50.0,1802.478,0.00721,1.696,-575.209,32.961,-17.783,6.475,-15.971,0,unknown,0.68,0.2129,0.75,0.5679,0,0,0,0,0,0
C:/PropScore_AI/data/raw_videos/ravdess/Actor_02/03-01-08-02-01-01-02.wav,hot,Kids are talking by the door.,positive,surprise,100.0,1787.927,0.00917,1.606,-517.844,25.513,-16.839,5.324,-15.436,0,unknown,0.88,0.2156,0.75,0.6287,0,0,0,0,0,0
C:/PropScore_AI/data/raw_videos/ravdess/Actor_02/03-01-08-02-01-02-02.wav,hot,Kids are talking by the door.,positive,surprise,100.0,1888.517,0.0091,1.591,-527.579,27.332,-22.437,4.333,-18.129,0,unknown,0.88,0.2137,0.75,0.6281,0,0,0,0,0,0
C:/PropScore_AI/data/raw_videos/ravdess/Actor_02/03-01-08-02-02-01-02.wav,hot,Dogs are sitting by the door.,positive,surprise,100.0,1769.528,0.01191,1.606,-526.928,27.325,-16.985,0.257,-19.3,0,unknown,0.88,0.2321,0.75,0.6336,0,0,0,0,0,0
C:/PropScore_AI/data/raw_videos/ravdess/Actor_02/03-01-08-02-02-02-02.wav,hot,Dogs are sitting by the door.,positive,surprise,100.0,1855.781,0.01245,1.577,-506.624,28.192,-23.848,-4.279,-18.84,0,unknown,0.88,0.2324,0.75,0.6337,0,0,0,0,0,0
C:/PropScore_AI/data/raw_videos/ravdess/Actor_03/03-01-01-01-01-01-03.wav,warm,Kids are talking by the door.,positive,neutral,50.0,1546.045,0.00414,1.746,-605.37,52.066,-3.55,12.641,-1.048,0,unknown,0.5,0.1994,0.45,0.3898,0,0,0,0,0,0
C:/PropScore_AI/data/raw_videos/ravdess/Actor_03/03-01-01-01-01-02-03.wav,warm,Kids are talking by the door.,positive,neutral,50.0,1275.82,0.00386,1.713,-610.591,64.867,4.028,20.324,5.042,0,unknown,0.5,0.1945,0.45,0.3883,0,0,0,0,0,0
C:/PropScore_AI/data/raw_videos/ravdess/Actor_03/03-01-01-01-02-01-03.wav,warm,Dogs are sitting by the door.,positive,neutral,50.0,1612.102,0.00425,1.713,-617.899,54.151,-0.778,14.075,1.905,0,unknown,0.5,0.1968,0.45,0.389,0,0,0,0,0,0
C:/PropScore_AI/data/raw_videos/ravdess/Actor_03/03-01-01-01-02-02-03.wav,warm,Dogs are sitting by the door.,positive,neutral,50.0,1606.132,0.00453,1.729,-604.202,51.353,2.63,12.275,4.346,0,unknown,0.5,0.2001,0.45,0.39,0,0,0,0,0,0
C:/PropScore_AI/data/raw_videos/ravdess/Actor_03/03-01-02-01-01-01-03.wav,warm,Kids are talking by the door.,positive,calm,50.0,1550.832,0.00284,1.564,-625.76,60.696,3.956,12.99,2.751,0,unknown,0.56,0.1734,0.45,0.4,0,0,0,0,0,0
C:/PropScore_AI/data/raw_videos/ravdess/Actor_03/03-01-02-01-01-02-03.wav,warm,Kids are talking by the door.,positive,calm,50.0,1620.396,0.00305,1.606,-609.959,55.218,-1.398,12.662,-0.473,0,unknown,0.56,0.1789,0.45,0.4017,0,0,0,0,0,0
C:/PropScore_AI/data/raw_videos/ravdess/Actor_03/03-01-02-01-02-01-03.wav,warm,Dogs are sitting by the door.,positive,calm,50.0,1680.378,0.00298,1.564,-618.018,64.859,-4.33,12.686,7.645,0,unknown,0.56,0.1743,0.45,0.4003,0,0,0,0,0,0
C:/PropScore_AI/data/raw_videos/ravdess/Actor_03/03-01-02-01-02-02-03.wav,warm,Dogs are sitting by the door.,positive,calm,50.0,1809.845,0.0081,1.511,-536.76,49.52,-4.584,6.249,3.675,0,unknown,0.56,0.1997,0.45,0.4079,0,0,0,0,0,0
C:/PropScore_AI/data/raw_videos/ravdess/Actor_03/03-01-02-02-01-01-03.wav,warm,Kids are talking by the door.,positive,calm,100.0,1570.306,0.00465,1.486,-531.93,68.007,-18.149,6.333,-5.205,0,unknown,0.76,0.1765,0.45,0.4609,0,0,0,0,0,0
C:/PropScore_AI/data/raw_videos/ravdess/Actor_03/03-01-02-02-01-02-03.wav,warm,Kids are talking by the door.,positive,calm,100.0,1780.931,0.00803,1.511,-509.246,51.346,-14.088,11.128,-0.874,0,unknown,0.76,0.1993,0.45,0.4678,0,0,0,0,0,0
C:/PropScore_AI/data/raw_videos/ravdess/Actor_03/03-01-02-02-02-01-03.wav,warm,Dogs are sitting by the door.,positive,calm,100.0,1554.102,0.00946,1.45,-512.352,54.793,-6.585,9.977,3.809,0,unknown,0.76,0.2018,0.45,0.4685,0,0,0,0,0,0
C:/PropScore_AI/data/raw_videos/ravdess/Actor_03/03-01-02-02-02-02-03.wav,warm,Dogs are sitting by the door.,positive,calm,100.0,1644.383,0.00887,1.499,-517.646,53.967,-6.198,7.01,2.599,0,unknown,0.76,0.2031,0.45,0.4689,0,0,0,0,0,0
C:/PropScore_AI/data/raw_videos/ravdess/Actor_03/03-01-03-01-01-01-03.wav,hot,Kids are talking by the door.,positive,happy,50.0,1557.655,0.00809,1.591,-525.625,55.311,-13.528,7.172,0.251,0,unknown,0.8,0.2076,0.75,0.6023,0,0,0,0,0,0
C:/PropScore_AI/data/raw_videos/ravdess/Actor_03/03-01-03-01-01-02-03.wav,hot,Kids are talking by the door.,positive,happy,50.0,1539.351,0.01105,1.665,-501.91,52.514,-16.561,-1.758,-4.426,0,unknown,0.8,0.2328,0.75,0.6098,0,0,0,0,0,0
C:/PropScore_AI/data/raw_videos/ravdess/Actor_03/03-01-03-01-02-01-03.wav,hot,Dogs are sitting by the door.,positive,happy,50.0,1781.966,0.01017,1.713,-517.077,40.817,-7.674,4.67,0.317,0,unknown,0.8,0.2323,0.75,0.6097,0,0,0,0,0,0
C:/PropScore_AI/data/raw_videos/ravdess/Actor_03/03-01-03-01-02-02-03.wav,hot,Dogs are sitting by the door.,positive,happy,50.0,1479.129,0.00686,1.713,-544.245,46.075,-5.127,-0.61,0.89,0,unknown,0.8,0.2125,0.75,0.6038,0,0,0,0,0,0
C:/PropScore_AI/data/raw_videos/ravdess/Actor_03/03-01-03-02-01-01-03.wav,hot,Kids are talking by the door!,positive,happy,100.0,1628.334,0.02334,1.394,-419.447,40.801,-13.676,-6.34,-7.058,0,unknown,1.0,0.2794,0.75,0.6838,0,0,0,0,0,0
C:/PropScore_AI/data/raw_videos/ravdess/Actor_03/03-01-03-02-01-02-03.wav,hot,Kids are talking by the door!,positive,happy,100.0,1478.86,0.0354,1.362,-382.624,36.286,-18.933,-7.074,-11.702,0,unknown,1.0,0.3486,0.75,0.7046,0,0,0,0,0,0
C:/PropScore_AI/data/raw_videos/ravdess/Actor_03/03-01-03-02-02-01-03.wav,hot,Dogs are sitting by the door!,positive,happy,100.0,1283.011,0.04374,1.45,-335.698,38.884,-8.882,-6.313,-9.518,0,unknown,1.0,0.4074,0.75,0.7222,0,0,0,0,0,0
C:/PropScore_AI/data/raw_videos/ravdess/Actor_03/03-01-03-02-02-02-03.wav,hot,Dogs are sitting by the door.,positive,happy,100.0,1460.678,0.02464,1.564,-386.115,41.989,-15.963,-6.133,-1.283,0,unknown,1.0,0.3042,0.75,0.6913,0,0,0,0,0,0
C:/PropScore_AI/data/raw_videos/ravdess/Actor_03/03-01-04-01-01-01-03.wav,cold,Kids are talking by the door.,positive,sad,50.0,1652.927,0.00245,1.665,-641.467,68.451,-5.882,13.204,2.795,0,unknown,0.32,0.1812,0.3,0.2704,0,0,0,0,0,0
C:/PropScore_AI/data/raw_videos/ravdess/Actor_03/03-01-04-01-01-02-03.wav,cold,Kids are talking by the door.,positive,sad,50.0,1698.145,0.00249,1.681,-647.349,68.361,-1.84,13.729,2.441,0,unknown,0.32,0.183,0.3,0.2709,0,0,0,0,0,0
C:/PropScore_AI/data/raw_videos/ravdess/Actor_03/03-01-04-01-02-01-03.wav,cold,Dogs are sitting by the door.,positive,sad,50.0,1751.06,0.00427,1.681,-584.338,56.991,-6.617,14.816,0.041,0,unknown,0.32,0.1937,0.3,0.2741,0,0,0,0,0,0
C:/PropScore_AI/data/raw_videos/ravdess/Actor_03/03-01-04-01-02-02-03.wav,cold,Dogs are sitting by the door.,positive,sad,50.0,1197.473,0.00397,1.696,-593.802,63.254,1.14,14.188,4.527,0,unknown,0.32,0.1934,0.3,0.274,0,0,0,0,0,0
C:/PropScore_AI/data/raw_videos/ravdess/Actor_03/03-01-04-02-01-01-03.wav,cold,Kids are talking by the door.,positive,sad,100.0,1463.982,0.01258,1.591,-501.004,53.902,-19.083,0.108,-6.139,0,unknown,0.52,0.2346,0.3,0.3464,0,0,0,0,0,0
C:/PropScore_AI/data/raw_videos/ravdess/Actor_03/03-01-04-02-01-02-03.wav,cold,Kids are talking by the door!,positive,sad,100.0,1508.792,0.0181,1.564,-458.256,43.596,-10.642,6.259,-5.038,0,unknown,0.52,0.265,0.3,0.3555,0,0,0,0,0,0
C:/PropScore_AI/data/raw_videos/ravdess/Actor_03/03-01-04-02-02-01-03.wav,cold,Dogs are sitting by the door.,positive,sad,100.0,1350.295,0.02057,1.729,-411.355,46.383,-12.695,10.726,1.242,0,unknown,0.52,0.2963,0.3,0.3649,0,0,0,0,0,0
C:/PropScore_AI/data/raw_videos/ravdess/Actor_03/03-01-04-02-02-02-03.wav,cold,Dogs are sitting by the door.,positive,sad,100.0,1524.129,0.018,1.62,-463.143,51.482,-8.502,9.628,1.3,0,unknown,0.52,0.27,0.3,0.357,0,0,0,0,0,0
C:/PropScore_AI/data/raw_videos/ravdess/Actor_03/03-01-05-01-01-01-03.wav,cold,Kids are talking by the door.,positive,angry,50.0,1744.298,0.00242,1.499,-597.718,61.766,1.642,20.636,-2.416,0,unknown,0.29,0.1644,0.3,0.2563,0,0,0,0,0,0
C:/PropScore_AI/data/raw_videos/ravdess/Actor_03/03-01-05-01-01-02-03.wav,cold,Kids are talking by the door.,positive,angry,50.0,1858.577,0.00932,1.474,-493.857,49.726,-10.865,17.119,-4.891,0,unknown,0.29,0.2033,0.3,0.268,0,0,0,0,0,0
C:/PropScore_AI/data/raw_videos/ravdess/Actor_03/03-01-05-01-02-01-03.wav,cold,Dogs are sitting by the door.,positive,angry,50.0,1890.17,0.00717,1.577,-510.267,51.948,-11.062,15.232,-5.319,0,unknown,0.29,0.2007,0.3,0.2672,0,0,0,0,0,0
C:/PropScore_AI/data/raw_videos/ravdess/Actor_03/03-01-05-01-02-02-03.wav,cold,Dogs are sitting by the door.,positive,angry,50.0,1852.679,0.01146,1.564,-467.943,50.309,-12.691,7.862,-4.573,0,unknown,0.29,0.2252,0.3,0.2746,0,0,0,0,0,0
C:/PropScore_AI/data/raw_videos/ravdess/Actor_03/03-01-05-02-01-01-03.wav,cold,Kids are talking by the door!,positive,angry,100.0,1791.164,0.05679,1.362,-319.913,32.268,-15.904,7.11,-16.409,0,unknown,0.49,0.4769,0.3,0.4101,0,0,0,0,0,0
C:/PropScore_AI/data/raw_videos/ravdess/Actor_03/03-01-05-02-01-02-03.wav,cold,Kids are talking by the door!,positive,angry,100.0,1750.277,0.05314,1.362,-313.479,33.097,-12.689,9.2,-10.698,0,unknown,0.49,0.455,0.3,0.4035,0,0,0,0,0,0
C:/PropScore_AI/data/raw_videos/ravdess/Actor_03/03-01-05-02-02-01-03.wav,cold,Dogs are sitting by the door!,positive,angry,100.0,1574.602,0.04914,1.416,-335.3,40.22,-13.788,4.873,-14.8,0,unknown,0.49,0.4364,0.3,0.3979,0,0,0,0,0,0
C:/PropScore_AI/data/raw_videos/ravdess/Actor_03/03-01-05-02-02-02-03.wav,cold,Dogs are sitting by the door!,positive,angry,100.0,1673.633,0.06746,1.332,-306.343,34.922,-12.558,4.142,-15.72,0,unknown,0.49,0.538,0.3,0.4284,0,0,0,0,0,0
C:/PropScore_AI/data/raw_videos/ravdess/Actor_03/03-01-06-01-01-01-03.wav,cold,Kids are talking by the door.,positive,fear,50.0,1569.668,0.00406,1.606,-561.071,58.374,-3.799,14.004,-0.491,0,unknown,0.38,0.185,0.3,0.2895,0,0,0,0,0,0
C:/PropScore_AI/data/raw_videos/ravdess/Actor_03/03-01-06-01-01-02-03.wav,cold,Kids are talking by the door.,positive,fear,50.0,1587.714,0.00748,1.564,-497.277,56.915,-9.997,12.993,-4.186,0,unknown,0.38,0.2013,0.3,0.2944,0,0,0,0,0,0
C:/PropScore_AI/data/raw_videos/ravdess/Actor_03/03-01-06-01-02-01-03.wav,cold,The dogs are sitting by the door.,positive,fear,50.0,1646.918,0.00873,1.998,-514.714,48.423,-5.975,9.63,-3.639,0,unknown,0.38,0.2522,0.3,0.3097,0,0,0,0,0,0
C:/PropScore_AI/data/raw_videos/ravdess/Actor_03/03-01-06-01-02-02-03.wav,cold,Dogs are sitting by the door.,positive,fear,50.0,1837.434,0.00735,1.873,-531.547,52.773,-12.589,12.659,-1.473,0,unknown,0.38,0.2314,0.3,0.3034,0,0,0,0,0,0
C:/PropScore_AI/data/raw_videos/ravdess/Actor_03/03-01-06-02-01-01-03.wav,cold,Kids are talking by the door!,positive,fear,100.0,1431.182,0.02698,1.816,-351.696,59.467,-12.522,17.331,2.292,0,unknown,0.58,0.3435,0.3,0.3971,0,0,0,0,0,0
C:/PropScore_AI/data/raw_videos/ravdess/Actor_03/03-01-06-02-01-02-03.wav,cold,The kids are talking by the door!,positive,fear,100.0,1566.28,0.04666,1.793,-313.779,40.468,-24.46,3.768,-7.173,0,unknown,0.58,0.4593,0.3,0.4318,0,0,0,0,0,0
C:/PropScore_AI/data/raw_videos/ravdess/Actor_03/03-01-06-02-02-01-03.wav,cold,Dogs are sitting by the door!,positive,fear,100.0,1242.686,0.02889,1.816,-375.827,44.61,-10.312,9.359,0.477,0,unknown,0.58,0.3549,0.3,0.4005,0,0,0,0,0,0
C:/PropScore_AI/data/raw_videos/ravdess/Actor_03/03-01-06-02-02-02-03.wav,cold,Dogs are sitting by the door!,positive,fear,100.0,1573.335,0.03787,1.746,-323.619,42.962,-27.453,-5.555,-7.788,0,unknown,0.58,0.4018,0.3,0.4145,0,0,0,0,0,0
C:/PropScore_AI/data/raw_videos/ravdess/Actor_03/03-01-07-01-01-01-03.wav,cold,Cutes are talking by the door.,positive,disgust,50.0,1800.631,0.00524,1.486,-522.47,54.608,-11.418,12.063,-6.582,0,unknown,0.26,0.18,0.3,0.252,0,0,0,0,0,0
C:/PropScore_AI/data/raw_videos/ravdess/Actor_03/03-01-07-01-01-02-03.wav,cold,Kids are talking by the door.,positive,disgust,50.0,1795.972,0.00365,1.511,-566.096,57.681,-7.193,14.761,-3.393,0,unknown,0.26,0.173,0.3,0.2499,0,0,0,0,0,0
C:/PropScore_AI/data/raw_videos/ravdess/Actor_03/03-01-07-01-02-01-03.wav,cold,Dogs are sitting by the door.,positive,disgust,50.0,1566.446,0.00372,1.665,-572.405,46.742,1.857,13.592,-1.863,0,unknown,0.26,0.1888,0.3,0.2546,0,0,0,0,0,0
C:/PropScore_AI/data/raw_videos/ravdess/Actor_03/03-01-07-01-02-02-03.wav,cold,Dogs are sitting by the door.,positive,disgust,50.0,1831.427,0.00657,1.591,-489.796,47.188,-14.593,10.838,-3.762,0,unknown,0.26,0.1985,0.3,0.2576,0,0,0,0,0,0
C:/PropScore_AI/data/raw_videos/ravdess/Actor_03/03-01-07-02-01-01-03.wav,cold,Kids are talking by the door.,positive,disgust,100.0,1606.694,0.0045,1.462,-527.335,58.971,-8.01,17.727,-6.402,0,unknown,0.46,0.1732,0.3,0.31,0,0,0,0,0,0
C:/PropScore_AI/data/raw_videos/ravdess/Actor_03/03-01-07-02-01-02-03.wav,cold,Kids are talking by the door.,positive,disgust,100.0,1603.188,0.00464,1.462,-498.452,62.549,-3.296,10.637,-9.016,0,unknown,0.46,0.174,0.3,0.3102,0,0,0,0,0,0
C:/PropScore_AI/data/raw_videos/ravdess/Actor_03/03-01-07-02-02-01-03.wav,cold,Well dogs are sitting by the door. Oh.,positive,disgust,100.0,1486.536,0.00844,2.085,-477.423,60.349,-3.427,2.459,-9.277,0,unknown,0.46,0.2591,0.3,0.3357,0,0,0,0,0,0
C:/PropScore_AI/data/raw_videos/ravdess/Actor_03/03-01-07-02-02-02-03.wav,cold,Dogs are sitting by the door!,positive,disgust,100.0,1691.625,0.01406,1.524,-428.252,41.299,-10.194,-0.978,-10.714,0,unknown,0.46,0.2368,0.3,0.329,0,0,0,0,0,0
C:/PropScore_AI/data/raw_videos/ravdess/Actor_03/03-01-08-01-01-01-03.wav,hot,Kids are talking by the door.,positive,surprise,50.0,1720.604,0.00688,1.854,-548.586,49.464,-17.349,1.338,-8.778,0,unknown,0.68,0.2267,0.75,0.572,0,0,0,0,0,0
C:/PropScore_AI/data/raw_videos/ravdess/Actor_03/03-01-08-01-01-02-03.wav,hot,Kids are talking by the door.,positive,surprise,50.0,1639.579,0.00767,1.78,-544.797,47.666,-8.156,12.317,-1.809,0,unknown,0.68,0.224,0.75,0.5712,0,0,0,0,0,0
C:/PropScore_AI/data/raw_videos/ravdess/Actor_03/03-01-08-01-02-01-03.wav,hot,Dogs are sitting by the door.,positive,surprise,50.0,1664.337,0.00605,1.873,-578.751,48.739,-7.425,5.244,-5.12,0,unknown,0.68,0.2236,0.75,0.5711,0,0,0,0,0,0
C:/PropScore_AI/data/raw_videos/ravdess/Actor_03/03-01-08-01-02-02-03.wav,hot,Dogs are sitting by the door.,positive,surprise,50.0,1600.647,0.00968,1.681,-513.68,49.016,-16.662,9.167,-7.411,0,unknown,0.68,0.2262,0.75,0.5719,0,0,0,0,0,0
C:/PropScore_AI/data/raw_videos/ravdess/Actor_03/03-01-08-02-01-01-03.wav,hot,Kids are talking by the door.,positive,surprise,100.0,1552.0,0.01411,1.835,-487.562,51.598,-16.662,6.451,-14.746,0,unknown,0.88,0.2682,0.75,0.6445,0,0,0,0,0,0
C:/PropScore_AI/data/raw_videos/ravdess/Actor_03/03-01-08-02-01-02-03.wav,hot,Kids are talking by the door!,positive,surprise,100.0,1711.546,0.01749,1.665,-446.444,39.151,-11.407,9.253,-10.34,0,unknown,0.88,0.2714,0.75,0.6454,0,0,0,0,0,0
C:/PropScore_AI/data/raw_videos/ravdess/Actor_03/03-01-08-02-02-01-03.wav,hot,Dogs are sitting by the door!,positive,surprise,100.0,1617.857,0.01802,1.713,-441.704,41.273,-15.3,-6.402,-6.844,0,unknown,0.88,0.2794,0.75,0.6478,0,0,0,0,0,0
C:/PropScore_AI/data/raw_videos/ravdess/Actor_03/03-01-08-02-02-02-03.wav,hot,Dogs are sitting by the door.,positive,surprise,100.0,1694.232,0.0104,1.854,-530.592,47.749,-11.39,3.134,-7.795,0,unknown,0.88,0.2478,0.75,0.6383,0,0,0,0,0,0
C:/PropScore_AI/data/raw_videos/ravdess/Actor_04/03-01-01-01-01-01-04.wav,warm,Kids are talking by the door.,positive,neutral,50.0,1887.366,0.00253,1.816,-677.945,35.239,-7.283,8.693,-9.586,0,unknown,0.5,0.1968,0.45,0.389,0,0,0,0,0,0
C:/PropScore_AI/data/raw_videos/ravdess/Actor_04/03-01-01-01-01-02-04.wav,warm,Kids are talking by the door.,positive,neutral,50.0,1842.17,0.00283,1.78,-688.434,37.542,-7.988,4.78,-13.726,0,unknown,0.5,0.195,0.45,0.3885,0,0,0,0,0,0
C:/PropScore_AI/data/raw_videos/ravdess/Actor_04/03-01-01-01-02-01-04.wav,warm,Dogs are sitting by the door.,positive,neutral,50.0,1778.737,0.00258,1.835,-710.958,41.484,-8.829,0.999,-9.443,0,unknown,0.5,0.199,0.45,0.3897,0,0,0,0,0,0
C:/PropScore_AI/data/raw_videos/ravdess/Actor_04/03-01-01-01-02-02-04.wav,warm,Dogs are sitting by the door.,positive,neutral,50.0,1772.839,0.00216,1.854,-709.479,40.936,-6.184,1.171,-9.307,0,unknown,0.5,0.1984,0.45,0.3895,0,0,0,0,0,0
C:/PropScore_AI/data/raw_videos/ravdess/Actor_04/03-01-02-01-01-01-04.wav,warm,Kids are talking by the door.,positive,calm,50.0,1883.925,0.00284,1.577,-648.48,44.383,-11.718,2.109,-15.331,0,unknown,0.56,0.1747,0.45,0.4004,0,0,0,0,0,0
C:/PropScore_AI/data/raw_videos/ravdess/Actor_04/03-01-02-01-01-02-04.wav,warm,Kids are talking by the door.,positive,calm,50.0,1799.381,0.00305,1.606,-644.882,44.72,-18.686,4.784,-12.878,0,unknown,0.56,0.1789,0.45,0.4017,0,0,0,0,0,0
C:/PropScore_AI/data/raw_videos/ravdess/Actor_04/03-01-02-01-02-01-04.wav,warm,Dogs are sitting by the door.,positive,calm,50.0,1595.185,0.00394,1.65,-633.892,43.239,-5.84,3.716,-11.746,0,unknown,0.56,0.1886,0.45,0.4046,0,0,0,0,0,0
C:/PropScore_AI/data/raw_videos/ravdess/Actor_04/03-01-02-01-02-02-04.wav,warm,Dogs are sitting by the door.,positive,calm,50.0,1767.372,0.0027,1.681,-644.856,47.483,-15.512,-0.423,-11.183,0,unknown,0.56,0.1843,0.45,0.4033,0,0,0,0,0,0
C:/PropScore_AI/data/raw_videos/ravdess/Actor_04/03-01-02-02-01-01-04.wav,warm,Kids are talking by the door.,positive,calm,100.0,1889.566,0.00266,1.511,-653.791,41.27,-11.524,0.669,-11.338,0,unknown,0.76,0.1671,0.45,0.4581,0,0,0,0,0,0
C:/PropScore_AI/data/raw_videos/ravdess/Actor_04/03-01-02-02-01-02-04.wav,warm,Kids are talking by the door.,positive,calm,100.0,1883.126,0.00278,1.577,-622.282,50.473,-20.237,4.304,-11.154,0,unknown,0.76,0.1744,0.45,0.4603,0,0,0,0,0,0
C:/PropScore_AI/data/raw_videos/ravdess/Actor_04/03-01-02-02-02-01-04.wav,warm,Dogs are sitting by the door.,positive,calm,100.0,1731.392,0.00321,1.577,-601.623,46.322,-15.462,3.592,-13.051,0,unknown,0.76,0.177,0.45,0.4611,0,0,0,0,0,0
C:/PropScore_AI/data/raw_videos/ravdess/Actor_04/03-01-02-02-02-02-04.wav,warm,Dogs are sitting by the door.,positive,calm,100.0,1916.905,0.00279,1.486,-658.013,42.04,-7.575,-1.27,-12.213,0,unknown,0.76,0.1653,0.45,0.4576,0,0,0,0,0,0
C:/PropScore_AI/data/raw_videos/ravdess/Actor_04/03-01-03-01-01-01-04.wav,hot,Kids are talking by the door.,positive,happy,50.0,1821.678,0.00462,1.713,-636.174,37.733,-16.325,6.644,-15.104,0,unknown,0.8,0.199,0.75,0.5997,0,0,0,0,0,0
C:/PropScore_AI/data/raw_videos/ravdess/Actor_04/03-01-03-01-01-02-04.wav,hot,Kids are talking by the door.,positive,happy,50.0,1923.519,0.00688,1.696,-585.345,31.951,-21.15,8.58,-17.252,0,unknown,0.8,0.2109,0.75,0.6033,0,0,0,0,0,0
C:/PropScore_AI/data/raw_videos/ravdess/Actor_04/03-01-03-01-02-01-04.wav,hot,Dogs are sitting by the door.,positive,happy,50.0,1809.294,0.00534,1.713,-610.196,37.732,-13.466,10.331,-12.4,0,unknown,0.8,0.2033,0.75,0.601,0,0,0,0,0,0
C:/PropScore_AI/data/raw_videos/ravdess/Actor_04/03-01-03-01-02-02-04.wav,hot,Dogs are sitting by the door.,positive,happy,50.0,1784.69,0.00709,1.746,-595.537,37.512,-17.364,8.918,-13.316,0,unknown,0.8,0.2171,0.75,0.6051,0,0,0,0,0,0
C:/PropScore_AI/data/raw_videos/ravdess/Actor_04/03-01-03-02-01-01-04.wav,hot,Kids are talking by the door!,positive,happy,100.0,1927.045,0.01401,1.55,-484.344,27.36,-24.794,5.684,-14.49,0,unknown,1.0,0.2391,0.75,0.6717,0,0,0,0,0,0
C:/PropScore_AI/data/raw_videos/ravdess/Actor_04/03-01-03-02-01-02-04.wav,hot,Kids are talking by the door.,positive,happy,100.0,1841.472,0.01877,1.681,-487.213,14.753,-22.799,4.929,-17.831,0,unknown,1.0,0.2807,0.75,0.6842,0,0,0,0,0,0
C:/PropScore_AI/data/raw_videos/ravdess/Actor_04/03-01-03-02-02-01-04.wav,hot,Dogs are sitting by the door.,positive,happy,100.0,1927.294,0.01586,1.665,-513.228,17.453,-19.309,2.262,-17.166,0,unknown,1.0,0.2617,0.75,0.6785,0,0,0,0,0,0
C:/PropScore_AI/data/raw_videos/ravdess/Actor_04/03-01-03-02-02-02-04.wav,hot,Dogs are sitting by the door!,positive,happy,100.0,1744.758,0.02478,1.591,-452.783,18.475,-26.988,4.088,-18.752,0,unknown,1.0,0.3078,0.75,0.6923,0,0,0,0,0,0
C:/PropScore_AI/data/raw_videos/ravdess/Actor_04/03-01-04-01-01-01-04.wav,cold,Kids are talking by the door.,positive,sad,50.0,1825.493,0.00255,1.78,-679.374,39.63,-0.943,8.634,-10.002,0,unknown,0.32,0.1933,0.3,0.274,0,0,0,0,0,0
C:/PropScore_AI/data/raw_videos/ravdess/Actor_04/03-01-04-01-01-02-04.wav,cold,Kids are talking by the door.,positive,sad,50.0,1813.293,0.00749,1.763,-582.132,28.311,-11.769,1.981,-13.713,0,unknown,0.32,0.2212,0.3,0.2824,0,0,0,0,0,0
C:/PropScore_AI/data/raw_videos/ravdess/Actor_04/03-01-04-01-02-01-04.wav,cold,Dogs are sitting by the door.,positive,sad,50.0,1599.002,0.00781,1.746,-581.462,27.318,-13.191,4.87,-15.846,0,unknown,0.32,0.2215,0.3,0.2824,0,0,0,0,0,0
C:/PropScore_AI/data/raw_videos/ravdess/Actor_04/03-01-04-01-02-02-04.wav,cold,Dogs are sitting by the door.,positive,sad,50.0,1883.915,0.00693,1.729,-591.263,19.595,-14.472,0.564,-18.45,0,unknown,0.32,0.2145,0.3,0.2803,0,0,0,0,0,0
C:/PropScore_AI/data/raw_videos/ravdess/Actor_04/03-01-04-02-01-01-04.wav,cold,Kids are talking by the door!,positive,sad,100.0,1940.614,0.01328,1.635,-525.513,14.993,-23.906,3.061,-18.344,0,unknown,0.52,0.2432,0.3,0.349,0,0,0,0,0,0
C:/PropScore_AI/data/raw_videos/ravdess/Actor_04/03-01-04-02-01-02-04.wav,cold,Kids are talking by the door!,positive,sad,100.0,1789.478,0.01638,1.591,-490.075,13.604,-16.903,-1.676,-16.872,0,unknown,0.52,0.2574,0.3,0.3532,0,0,0,0,0,0
C:/PropScore_AI/data/raw_videos/ravdess/Actor_04/03-01-04-02-02-01-04.wav,cold,Dogs are sitting by the door.,positive,sad,100.0,1908.15,0.03136,1.591,-442.158,-1.286,-32.526,-4.559,-23.653,0,unknown,0.52,0.3473,0.3,0.3802,0,0,0,0,0,0
C:/PropScore_AI/data/raw_videos/ravdess/Actor_04/03-01-04-02-02-02-04.wav,cold,Dogs are sitting by the door.,positive,sad,100.0,1891.066,0.02078,1.591,-468.985,5.151,-27.597,1.854,-21.125,0,unknown,0.52,0.2838,0.3,0.3611,0,0,0,0,0,0
C:/PropScore_AI/data/raw_videos/ravdess/Actor_04/03-01-05-01-01-01-04.wav,cold,Kids are talking by the door.,positive,angry,50.0,1740.231,0.00824,1.62,-551.511,28.631,-10.685,2.557,-14.668,0,unknown,0.29,0.2114,0.3,0.2704,0,0,0,0,0,0
C:/PropScore_AI/data/raw_videos/ravdess/Actor_04/03-01-05-01-01-02-04.wav,cold,Kids are talking by the door.,positive,angry,50.0,1804.761,0.01067,1.665,-532.805,23.235,-12.506,1.15,-17.045,0,unknown,0.29,0.2305,0.3,0.2762,0,0,0,0,0,0
C:/PropScore_AI/data/raw_videos/ravdess/Actor_04/03-01-05-01-02-01-04.wav,cold,Dogs are sitting by the door.,positive,angry,50.0,1732.742,0.01129,1.729,-544.923,24.147,-13.745,-0.319,-17.049,0,unknown,0.29,0.2406,0.3,0.2792,0,0,0,0,0,0
C:/PropScore_AI/data/raw_videos/ravdess/Actor_04/03-01-05-01-02-02-04.wav,cold,Dogs are sitting by the door.,positive,angry,50.0,1880.11,0.00774,1.606,-563.343,27.844,-12.425,0.067,-16.346,0,unknown,0.29,0.207,0.3,0.2691,0,0,0,0,0,0
C:/PropScore_AI/data/raw_videos/ravdess/Actor_04/03-01-05-02-01-01-04.wav,cold,Kids are talking by the door!,positive,angry,100.0,1906.822,0.03863,1.591,-402.559,10.858,-18.842,-1.44,-19.7,0,unknown,0.49,0.3909,0.3,0.3843,0,0,0,0,0,0
C:/PropScore_AI/data/raw_videos/ravdess/Actor_04/03-01-05-02-01-02-04.wav,cold,Kids are talking by the door.,positive,angry,100.0,1844.381,0.02949,1.55,-425.764,12.327,-16.885,-2.489,-19.846,0,unknown,0.49,0.3319,0.3,0.3666,0,0,0,0,0,0
C:/PropScore_AI/data/raw_videos/ravdess/Actor_04/03-01-05-02-02-01-04.wav,cold,Dogs are sitting by the door!,positive,angry,100.0,1920.662,0.04015,1.62,-394.856,7.21,-19.138,0.949,-21.494,0,unknown,0.49,0.4029,0.3,0.3879,0,0,0,0,0,0
C:/PropScore_AI/data/raw_videos/ravdess/Actor_04/03-01-05-02-02-02-04.wav,cold,Dogs are sitting by the door!,positive,angry,100.0,1875.003,0.02747,1.564,-457.08,7.273,-21.614,-9.712,-23.911,0,unknown,0.49,0.3212,0.3,0.3634,0,0,0,0,0,0
C:/PropScore_AI/data/raw_videos/ravdess/Actor_04/03-01-06-01-01-01-04.wav,cold,Kids are talking by the door.,positive,fear,50.0,1917.837,0.00858,1.816,-552.891,21.144,-15.808,0.424,-12.901,0,unknown,0.38,0.2331,0.3,0.3039,0,0,0,0,0,0
C:/PropScore_AI/data/raw_videos/ravdess/Actor_04/03-01-06-01-01-02-04.wav,cold,Kids are talking by the door.,positive,fear,50.0,1986.096,0.01042,1.854,-537.117,19.461,-19.596,4.373,-15.896,0,unknown,0.38,0.2479,0.3,0.3084,0,0,0,0,0,0
C:/PropScore_AI/data/raw_videos/ravdess/Actor_04/03-01-06-01-02-01-04.wav,cold,Dogs are sitting by the door.,positive,fear,50.0,1806.409,0.01035,1.729,-549.183,22.907,-16.353,3.525,-12.093,0,unknown,0.38,0.235,0.3,0.3045,0,0,0,0,0,0
C:/PropScore_AI/data/raw_videos/ravdess/Actor_04/03-01-06-01-02-02-04.wav,cold,Dogs are sitting by the door.,positive,fear,50.0,1889.502,0.00988,1.729,-538.344,21.699,-14.087,-0.473,-11.753,0,unknown,0.38,0.2322,0.3,0.3037,0,0,0,0,0,0
C:/PropScore_AI/data/raw_videos/ravdess/Actor_04/03-01-06-02-01-01-04.wav,cold,Kids are talking by the door!,positive,fear,100.0,1923.928,0.02474,1.524,-410.011,2.504,-17.692,2.71,-9.843,0,unknown,0.58,0.3008,0.3,0.3842,0,0,0,0,0,0
C:/PropScore_AI/data/raw_videos/ravdess/Actor_04/03-01-06-02-01-02-04.wav,cold,Kids are talking by the door!,positive,fear,100.0,1903.498,0.02637,1.763,-437.394,11.673,-18.611,-2.449,-13.733,0,unknown,0.58,0.3345,0.3,0.3943,0,0,0,0,0,0
C:/PropScore_AI/data/raw_videos/ravdess/Actor_04/03-01-06-02-02-01-04.wav,cold,Dogs are sitting by the door!,positive,fear,100.0,1756.062,0.03416,1.665,-420.483,12.427,-18.958,-8.212,-17.73,0,unknown,0.58,0.3715,0.3,0.4054,0,0,0,0,0,0
C:/PropScore_AI/data/raw_videos/ravdess/Actor_04/03-01-06-02-02-02-04.wav,cold,Dogs are sitting by the door!,positive,fear,100.0,1776.921,0.03342,1.681,-435.56,11.599,-21.327,-7.693,-15.992,0,unknown,0.58,0.3686,0.3,0.4046,0,0,0,0,0,0
C:/PropScore_AI/data/raw_videos/ravdess/Actor_04/03-01-07-01-01-01-04.wav,cold,Kids are talking by the door.,positive,disgust,50.0,1765.081,0.00535,1.537,-596.743,40.619,-7.43,2.432,-8.334,0,unknown,0.26,0.1858,0.3,0.2537,0,0,0,0,0,0
C:/PropScore_AI/data/raw_videos/ravdess/Actor_04/03-01-07-01-01-02-04.wav,cold,Kids are talking by the door.,positive,disgust,50.0,1840.731,0.00613,1.537,-578.834,38.431,-8.682,2.242,-10.54,0,unknown,0.26,0.1905,0.3,0.2551,0,0,0,0,0,0
C:/PropScore_AI/data/raw_videos/ravdess/Actor_04/03-01-07-01-02-01-04.wav,cold,Dogs are sitting by the door.,positive,disgust,50.0,1869.385,0.00821,1.591,-577.673,30.232,-14.065,0.39,-10.352,0,unknown,0.26,0.2084,0.3,0.2605,0,0,0,0,0,0
C:/PropScore_AI/data/raw_videos/ravdess/Actor_04/03-01-07-01-02-02-04.wav,cold,Dogs are sitting by the door?,neutral,disgust,50.0,1697.321,0.00893,1.577,-553.898,25.175,-11.739,5.936,-7.884,0,unknown,0.26,0.2113,0.3,0.2614,0,0,0,0,0,0
C:/PropScore_AI/data/raw_videos/ravdess/Actor_04/03-01-07-02-01-01-04.wav,cold,Kids are talking by the door.,positive,disgust,100.0,1858.726,0.01627,1.499,-494.83,19.863,-8.748,3.523,-11.788,0,unknown,0.46,0.2475,0.3,0.3322,0,0,0,0,0,0
C:/PropScore_AI/data/raw_videos/ravdess/Actor_04/03-01-07-02-01-02-04.wav,cold,Kids are talking by the door.,positive,disgust,100.0,1947.508,0.01205,1.486,-508.72,19.554,-10.175,-0.089,-11.044,0,unknown,0.46,0.2209,0.3,0.3243,0,0,0,0,0,0
C:/PropScore_AI/data/raw_videos/ravdess/Actor_04/03-01-07-02-02-01-04.wav,cold,Dogs are sitting by the door.,positive,disgust,100.0,1938.021,0.00965,1.55,-543.723,25.864,-15.359,-1.297,-12.47,0,unknown,0.46,0.2129,0.3,0.3219,0,0,0,0,0,0
C:/PropScore_AI/data/raw_videos/ravdess/Actor_04/03-01-07-02-02-02-04.wav,cold,Dogs are sitting by the door.,positive,disgust,100.0,1783.087,0.01292,1.524,-519.621,25.417,-13.217,-6.832,-14.007,0,unknown,0.46,0.2299,0.3,0.327,0,0,0,0,0,0
C:/PropScore_AI/data/raw_videos/ravdess/Actor_04/03-01-08-01-01-01-04.wav,hot,Kids are talking by the door.,positive,surprise,50.0,1833.516,0.00646,1.854,-602.646,34.24,-15.232,1.856,-14.914,0,unknown,0.68,0.2242,0.75,0.5713,0,0,0,0,0,0
C:/PropScore_AI/data/raw_videos/ravdess/Actor_04/03-01-08-01-01-02-04.wav,hot,Kids are talking by the door.,positive,surprise,50.0,1846.992,0.00886,1.798,-573.691,29.839,-15.261,1.962,-17.453,0,unknown,0.68,0.233,0.75,0.5739,0,0,0,0,0,0
C:/PropScore_AI/data/raw_videos/ravdess/Actor_04/03-01-08-01-02-01-04.wav,hot,Dogs are sitting by the door.,positive,surprise,50.0,1697.478,0.0096,1.65,-550.747,34.235,-13.459,-1.622,-17.363,0,unknown,0.68,0.2226,0.75,0.5708,0,0,0,0,0,0
C:/PropScore_AI/data/raw_videos/ravdess/Actor_04/03-01-08-01-02-02-04.wav,hot,Dogs are sitting by the door.,positive,surprise,50.0,1714.275,0.0104,1.746,-558.794,31.955,-17.622,-2.652,-19.714,0,unknown,0.68,0.237,0.75,0.5751,0,0,0,0,0,0
C:/PropScore_AI/data/raw_videos/ravdess/Actor_04/03-01-08-02-01-01-04.wav,hot,Kids are talking by the door?,neutral,surprise,100.0,1828.514,0.02064,1.635,-478.526,21.122,-22.77,-2.161,-20.882,0,unknown,0.88,0.2873,0.55,0.5702,0,0,0,0,0,0
C:/PropScore_AI/data/raw_videos/ravdess/Actor_04/03-01-08-02-01-02-04.wav,hot,Kids are talking by the door.,positive,surprise,100.0,1886.541,0.01736,1.681,-482.809,17.634,-18.667,-4.107,-18.456,0,unknown,0.88,0.2723,0.75,0.6457,0,0,0,0,0,0
C:/PropScore_AI/data/raw_videos/ravdess/Actor_04/03-01-08-02-02-01-04.wav,hot,Dogs are sitting by the door.,positive,surprise,100.0,1745.679,0.01901,1.729,-480.804,23.303,-17.031,-2.523,-16.848,0,unknown,0.88,0.287,0.75,0.6501,0,0,0,0,0,0
C:/PropScore_AI/data/raw_videos/ravdess/Actor_04/03-01-08-02-02-02-04.wav,hot,Dogs are sitting by the door.,positive,surprise,100.0,1763.066,0.02319,1.696,-478.308,21.689,-17.924,-5.892,-19.483,0,unknown,0.88,0.3087,0.75,0.6566,0,0,0,0,0,0
C:/PropScore_AI/data/raw_videos/ravdess/Actor_05/03-01-01-01-01-01-05.wav,warm,Kids are talking by the door.,positive,neutral,50.0,1160.279,0.00159,1.665,-694.954,65.571,4.608,20.01,3.413,0,unknown,0.5,0.176,0.45,0.3828,0,0,0,0,0,0
C:/PropScore_AI/data/raw_videos/ravdess/Actor_05/03-01-01-01-01-02-05.wav,warm,Kids are talking by the door.,positive,neutral,50.0,1200.971,0.00132,1.65,-718.925,67.674,3.339,24.245,4.422,0,unknown,0.5,0.1729,0.45,0.3819,0,0,0,0,0,0
C:/PropScore_AI/data/raw_videos/ravdess/Actor_05/03-01-01-01-02-01-05.wav,warm,Dogs are sitting by the door.,positive,neutral,50.0,1122.361,0.0022,1.934,-675.597,61.057,2.594,21.049,0.487,0,unknown,0.5,0.2066,0.45,0.392,0,0,0,0,0,0
C:/PropScore_AI/data/raw_videos/ravdess/Actor_05/03-01-01-01-02-02-05.wav,warm,Dogs are sitting by the door.,positive,neutral,50.0,1074.186,0.00177,1.665,-704.497,67.0,6.647,21.148,1.357,0,unknown,0.5,0.1771,0.45,0.3831,0,0,0,0,0,0
C:/PropScore_AI/data/raw_videos/ravdess/Actor_05/03-01-02-01-01-01-05.wav,warm,Kids are talking by the door.,positive,calm,50.0,1111.881,0.00115,1.486,-722.919,70.098,10.582,21.049,0.622,0,unknown,0.56,0.1555,0.45,0.3947,0,0,0,0,0,0
C:/PropScore_AI/data/raw_videos/ravdess/Actor_05/03-01-02-01-01-02-05.wav,warm,Kids are talking by the door.,positive,calm,50.0,1332.698,0.00072,1.462,-760.337,66.317,15.76,24.779,-0.33,0,unknown,0.56,0.1505,0.45,0.3931,0,0,0,0,0,0
C:/PropScore_AI/data/raw_videos/ravdess/Actor_05/03-01-02-01-02-01-05.wav,warm,Dogs are sitting by the door.,positive,calm,50.0,1096.541,0.00108,1.45,-734.018,67.696,14.205,19.778,0.772,0,unknown,0.56,0.1515,0.45,0.3935,0,0,0,0,0,0
C:/PropScore_AI/data/raw_videos/ravdess/Actor_05/03-01-02-01-02-02-05.wav,warm,Dogs are sitting by the door.,positive,calm,50.0,1015.986,0.0018,1.416,-698.311,62.113,13.36,12.272,0.416,0,unknown,0.56,0.1524,0.45,0.3937,0,0,0,0,0,0
C:/PropScore_AI/data/raw_videos/ravdess/Actor_05/03-01-02-02-01-01-05.wav,warm,Kids are talking by the door.,positive,calm,100.0,1327.314,0.00106,1.266,-712.516,63.487,9.328,21.241,1.242,0,unknown,0.76,0.133,0.45,0.4479,0,0,0,0,0,0
C:/PropScore_AI/data/raw_videos/ravdess/Actor_05/03-01-02-02-01-02-05.wav,warm,Kids are talking by the door.,positive,calm,100.0,1233.957,0.00052,1.332,-778.235,59.718,17.919,22.616,4.755,0,unknown,0.76,0.1363,0.45,0.4489,0,0,0,0,0,0
C:/PropScore_AI/data/raw_videos/ravdess/Actor_05/03-01-02-02-02-01-05.wav,warm,Dogs are sitting by the door.,positive,calm,100.0,1087.844,0.00087,1.257,-746.81,61.998,19.308,21.775,-2.08,0,unknown,0.76,0.1309,0.45,0.4473,0,0,0,0,0,0
C:/PropScore_AI/data/raw_videos/ravdess/Actor_05/03-01-02-02-02-02-05.wav,warm,Dogs are sitting by the door.,positive,calm,100.0,1211.465,0.00071,1.394,-767.443,62.4,21.424,25.244,2.142,0,unknown,0.76,0.1437,0.45,0.4511,0,0,0,0,0,0
C:/PropScore_AI/data/raw_videos/ravdess/Actor_05/03-01-03-01-01-01-05.wav,hot,Kids are talking by the door.,positive,happy,50.0,1281.527,0.00245,1.499,-662.539,60.295,2.993,18.025,3.824,0,unknown,0.8,0.1646,0.75,0.5894,0,0,0,0,0,0
C:/PropScore_AI/data/raw_videos/ravdess/Actor_05/03-01-03-01-01-02-05.wav,hot,Kids are talking by the door.,positive,happy,50.0,1395.508,0.00318,1.854,-644.765,56.852,-1.891,18.122,3.759,0,unknown,0.8,0.2045,0.75,0.6014,0,0,0,0,0,0
C:/PropScore_AI/data/raw_videos/ravdess/Actor_05/03-01-03-01-02-01-05.wav,hot,Dogs are sitting by the door.,positive,happy,50.0,969.654,0.00237,1.78,-673.113,51.506,7.53,17.185,2.115,0,unknown,0.8,0.1922,0.75,0.5977,0,0,0,0,0,0
C:/PropScore_AI/data/raw_videos/ravdess/Actor_05/03-01-03-01-02-02-05.wav,hot,Dogs are sitting by the door.,positive,happy,50.0,873.239,0.00481,1.591,-603.142,63.798,-0.818,13.287,-2.801,0,unknown,0.8,0.188,0.75,0.5964,0,0,0,0,0,0
C:/PropScore_AI/data/raw_videos/ravdess/Actor_05/03-01-03-02-01-01-05.wav,hot,Kids are talking by the door.,positive,happy,100.0,1341.235,0.00386,1.45,-608.372,49.128,2.63,5.548,-5.508,0,unknown,1.0,0.1682,0.75,0.6505,0,0,0,0,0,0
C:/PropScore_AI/data/raw_videos/ravdess/Actor_05/03-01-03-02-01-02-05.wav,hot,Kids are talking by the door.,positive,happy,100.0,1404.509,0.00962,1.55,-530.949,50.63,-14.294,5.471,-1.705,0,unknown,1.0,0.2127,0.75,0.6638,0,0,0,0,0,0
C:/PropScore_AI/data/raw_videos/ravdess/Actor_05/03-01-03-02-02-01-05.wav,hot,Dogs are sitting by the door.,positive,happy,100.0,1042.857,0.00887,1.665,-543.486,52.952,-5.005,9.306,-0.352,0,unknown,1.0,0.2197,0.75,0.6659,0,0,0,0,0,0
C:/PropScore_AI/data/raw_videos/ravdess/Actor_05/03-01-03-02-02-02-05.wav,hot,Dogs are sitting by the door.,positive,happy,100.0,1187.221,0.00831,1.763,-556.752,40.623,-1.285,5.966,-0.962,0,unknown,1.0,0.2262,0.75,0.6679,0,0,0,0,0,0
C:/PropScore_AI/data/raw_videos/ravdess/Actor_05/03-01-04-01-01-01-05.wav,cold,Kids are talking by the door.,positive,sad,50.0,894.372,0.00075,1.835,-765.327,74.27,14.475,25.726,4.717,0,unknown,0.32,0.188,0.3,0.2724,0,0,0,0,0,0
C:/PropScore_AI/data/raw_videos/ravdess/Actor_05/03-01-04-01-01-02-05.wav,cold,Kids are talking by the door.,positive,sad,50.0,1259.654,0.00078,1.65,-736.492,71.961,7.13,26.153,2.227,0,unknown,0.32,0.1697,0.3,0.2669,0,0,0,0,0,0
C:/PropScore_AI/data/raw_videos/ravdess/Actor_05/03-01-04-01-02-01-05.wav,cold,Dogs are sitting by the door.,positive,sad,50.0,1171.251,0.00081,1.934,-763.794,65.754,12.821,21.689,6.05,0,unknown,0.32,0.1983,0.3,0.2755,0,0,0,0,0,0
C:/PropScore_AI/data/raw_videos/ravdess/Actor_05/03-01-04-01-02-02-05.wav,cold,Dogs are sitting by the door.,positive,sad,50.0,1043.482,0.00092,1.62,-731.982,75.852,15.06,25.037,2.159,0,unknown,0.32,0.1675,0.3,0.2662,0,0,0,0,0,0
C:/PropScore_AI/data/raw_videos/ravdess/Actor_05/03-01-04-02-01-01-05.wav,cold,Kids are talking by the door.,positive,sad,100.0,1212.601,0.00125,1.696,-729.725,70.276,12.692,23.456,1.611,0,unknown,0.52,0.1771,0.3,0.3291,0,0,0,0,0,0
C:/PropScore_AI/data/raw_videos/ravdess/Actor_05/03-01-04-02-01-02-05.wav,cold,"Kids, you're talking by the door.",positive,sad,100.0,1178.583,0.00098,1.835,-744.135,66.813,7.191,28.533,7.665,0,unknown,0.52,0.1894,0.3,0.3328,0,0,0,0,0,0
C:/PropScore_AI/data/raw_videos/ravdess/Actor_05/03-01-04-02-02-01-05.wav,cold,Talks are sitting by the door.,positive,sad,100.0,1256.671,0.00144,1.835,-707.423,54.381,8.911,20.984,-0.712,0,unknown,0.52,0.1921,0.3,0.3336,0,0,0,0,0,0
C:/PropScore_AI/data/raw_videos/ravdess/Actor_05/03-01-04-02-02-02-05.wav,cold,Dogs are sitting by the door.,positive,sad,100.0,956.879,0.00127,1.913,-740.542,64.863,4.416,22.005,5.629,0,unknown,0.52,0.1989,0.3,0.3357,0,0,0,0,0,0
C:/PropScore_AI/data/raw_videos/ravdess/Actor_05/03-01-05-01-01-01-05.wav,cold,Kids are talking by the door.,positive,angry,50.0,1528.678,0.01128,1.55,-514.493,51.899,-17.218,15.124,-8.329,0,unknown,0.29,0.2227,0.3,0.2738,0,0,0,0,0,0
C:/PropScore_AI/data/raw_videos/ravdess/Actor_05/03-01-05-01-01-02-05.wav,cold,Kids are talking by the door.,positive,angry,50.0,1539.489,0.00985,1.577,-531.345,48.527,-4.77,18.774,-5.024,0,unknown,0.29,0.2168,0.3,0.272,0,0,0,0,0,0
C:/PropScore_AI/data/raw_videos/ravdess/Actor_05/03-01-05-01-02-01-05.wav,cold,Dogs are sitting by the door.,positive,angry,50.0,1175.518,0.00344,1.474,-602.408,72.774,-0.147,14.987,-2.424,0,unknown,0.29,0.168,0.3,0.2574,0,0,0,0,0,0
C:/PropScore_AI/data/raw_videos/ravdess/Actor_05/03-01-05-01-02-02-05.wav,cold,Dogs are sitting by the door.,positive,angry,50.0,1169.25,0.0058,1.362,-561.392,63.544,-4.282,17.525,-9.242,0,unknown,0.29,0.171,0.3,0.2583,0,0,0,0,0,0
C:/PropScore_AI/data/raw_videos/ravdess/Actor_05/03-01-05-02-01-01-05.wav,cold,Kids are talking by the door!,positive,angry,100.0,1687.193,0.04044,1.763,-373.91,27.493,-18.832,4.036,-7.854,0,unknown,0.49,0.4189,0.3,0.3927,0,0,0,0,0,0
C:/PropScore_AI/data/raw_videos/ravdess/Actor_05/03-01-05-02-01-02-05.wav,cold,Kids are talking by the door!,positive,angry,100.0,1687.373,0.03723,1.681,-409.37,33.566,-10.606,7.357,-7.734,0,unknown,0.49,0.3915,0.3,0.3844,0,0,0,0,0,0
C:/PropScore_AI/data/raw_videos/ravdess/Actor_05/03-01-05-02-02-01-05.wav,cold,Dogs are sitting by the door!,positive,angry,100.0,1505.236,0.05662,1.65,-341.074,26.848,-13.981,-0.364,-4.083,0,unknown,0.49,0.5047,0.3,0.4184,0,0,0,0,0,0
C:/PropScore_AI/data/raw_videos/ravdess/Actor_05/03-01-05-02-02-02-05.wav,cold,Dogs are sitting by the door!,positive,angry,100.0,1653.309,0.06248,1.65,-335.204,25.58,-18.461,-2.075,-5.828,0,unknown,0.49,0.5399,0.3,0.429,0,0,0,0,0,0
C:/PropScore_AI/data/raw_videos/ravdess/Actor_05/03-01-06-01-01-01-05.wav,cold,Kids are talking by the door.,positive,fear,50.0,1152.572,0.00329,1.913,-656.789,52.391,1.927,13.242,-3.689,0,unknown,0.38,0.211,0.3,0.2973,0,0,0,0,0,0
C:/PropScore_AI/data/raw_videos/ravdess/Actor_05/03-01-06-01-01-02-05.wav,cold,Kids are talking by the door.,positive,fear,50.0,1180.484,0.00287,1.78,-647.3,47.789,2.604,14.639,-1.963,0,unknown,0.38,0.1952,0.3,0.2926,0,0,0,0,0,0
C:/PropScore_AI/data/raw_videos/ravdess/Actor_05/03-01-06-01-02-01-05.wav,cold,Dogs are sitting by the door.,positive,fear,50.0,1082.913,0.00218,1.913,-701.962,58.158,7.464,19.216,1.115,0,unknown,0.38,0.2044,0.3,0.2953,0,0,0,0,0,0
C:/PropScore_AI/data/raw_videos/ravdess/Actor_05/03-01-06-01-02-02-05.wav,cold,Dogs are sitting by the door.,positive,fear,50.0,1090.551,0.00491,1.955,-609.981,51.251,-1.118,12.629,-5.463,0,unknown,0.38,0.225,0.3,0.3015,0,0,0,0,0,0
C:/PropScore_AI/data/raw_videos/ravdess/Actor_05/03-01-06-02-01-01-05.wav,cold,Kids are talking by the door!,positive,fear,100.0,1389.094,0.02066,1.854,-464.582,28.898,-17.996,0.003,-7.924,0,unknown,0.58,0.3094,0.3,0.3868,0,0,0,0,0,0
C:/PropScore_AI/data/raw_videos/ravdess/Actor_05/03-01-06-02-01-02-05.wav,cold,Kids are talking by the door!,positive,fear,100.0,1507.146,0.02006,1.681,-434.017,35.179,-21.119,3.085,-10.528,0,unknown,0.58,0.2885,0.3,0.3805,0,0,0,0,0,0
C:/PropScore_AI/data/raw_videos/ravdess/Actor_05/03-01-06-02-02-01-05.wav,cold,Dogs are sitting by the door.,positive,fear,100.0,1484.244,0.01938,1.854,-480.376,28.032,-10.753,5.682,-6.754,0,unknown,0.58,0.3017,0.3,0.3845,0,0,0,0,0,0
C:/PropScore_AI/data/raw_videos/ravdess/Actor_05/03-01-06-02-02-02-05.wav,cold,Dogs are sitting by the door!,positive,fear,100.0,1296.706,0.01953,1.934,-456.467,36.722,-16.926,3.744,-8.59,0,unknown,0.58,0.3106,0.3,0.3872,0,0,0,0,0,0
C:/PropScore_AI/data/raw_videos/ravdess/Actor_05/03-01-07-01-01-01-05.wav,cold,Kids are talking by the door.,positive,disgust,50.0,1449.906,0.00099,1.383,-717.286,53.617,11.149,20.067,-0.716,0,unknown,0.26,0.1442,0.3,0.2413,0,0,0,0,0,0
C:/PropScore_AI/data/raw_videos/ravdess/Actor_05/03-01-07-01-01-02-05.wav,cold,Kids are talking by the door.,positive,disgust,50.0,1607.073,0.00163,1.462,-649.292,41.704,7.651,14.698,-4.593,0,unknown,0.26,0.156,0.3,0.2448,0,0,0,0,0,0
C:/PropScore_AI/data/raw_videos/ravdess/Actor_05/03-01-07-01-02-01-05.wav,cold,Dogs are sitting by the door.,positive,disgust,50.0,1310.101,0.0015,1.537,-702.516,56.752,10.137,14.919,-1.426,0,unknown,0.26,0.1627,0.3,0.2468,0,0,0,0,0,0
C:/PropScore_AI/data/raw_videos/ravdess/Actor_05/03-01-07-01-02-02-05.wav,cold,Dogs are sitting by the door.,positive,disgust,50.0,1259.412,0.00252,1.606,-656.156,47.695,9.877,11.349,-2.856,0,unknown,0.26,0.1757,0.3,0.2507,0,0,0,0,0,0
C:/PropScore_AI/data/raw_videos/ravdess/Actor_05/03-01-07-02-01-01-05.wav,cold,Kids are talking by the door.,positive,disgust,100.0,1382.42,0.00196,1.383,-650.846,55.12,7.25,16.174,-10.348,0,unknown,0.46,0.1501,0.3,0.303,0,0,0,0,0,0
C:/PropScore_AI/data/raw_videos/ravdess/Actor_05/03-01-07-02-01-02-05.wav,cold,Kids are talking by the door.,positive,disgust,100.0,1554.92,0.00442,1.537,-575.239,44.534,2.673,12.152,-11.072,0,unknown,0.46,0.1802,0.3,0.3121,0,0,0,0,0,0
C:/PropScore_AI/data/raw_videos/ravdess/Actor_05/03-01-07-02-02-01-05.wav,cold,Dogs are sitting by the door.,positive,disgust,100.0,1075.156,0.0051,1.405,-568.635,50.386,2.691,4.939,-7.139,0,unknown,0.46,0.1711,0.3,0.3093,0,0,0,0,0,0
C:/PropScore_AI/data/raw_videos/ravdess/Actor_05/03-01-07-02-02-02-05.wav,cold,Ah dogs are sitting by the door,positive,disgust,100.0,894.169,0.00277,1.543,-602.46,77.772,9.642,9.112,-14.308,0,unknown,0.46,0.1709,0.3,0.3093,0,0,0,0,0,0
C:/PropScore_AI/data/raw_videos/ravdess/Actor_05/03-01-08-01-01-01-05.wav,hot,Kids are talking by the door.,positive,surprise,50.0,1403.289,0.00395,1.606,-625.191,53.601,2.867,13.575,-3.021,0,unknown,0.68,0.1843,0.75,0.5593,0,0,0,0,0,0
C:/PropScore_AI/data/raw_videos/ravdess/Actor_05/03-01-08-01-01-02-05.wav,hot,Kids are talking by the door.,positive,surprise,50.0,1488.368,0.00495,1.635,-609.628,56.219,-5.972,13.391,-8.539,0,unknown,0.68,0.1932,0.75,0.562,0,0,0,0,0,0
C:/PropScore_AI/data/raw_videos/ravdess/Actor_05/03-01-08-01-02-01-05.wav,hot,Dogs are sitting by the door.,positive,surprise,50.0,1170.833,0.00379,1.955,-645.012,52.894,-9.109,13.916,-6.794,0,unknown,0.68,0.2182,0.75,0.5695,0,0,0,0,0,0
C:/PropScore_AI/data/raw_videos/ravdess/Actor_05/03-01-08-01-02-02-05.wav,hot,Dogs are sitting by the door.,positive,surprise,50.0,908.464,0.00554,1.62,-602.179,56.817,3.697,14.147,-2.138,0,unknown,0.68,0.1952,0.75,0.5626,0,0,0,0,0,0
C:/PropScore_AI/data/raw_videos/ravdess/Actor_05/03-01-08-02-01-01-05.wav,hot,Kids are talking by the door.,positive,surprise,100.0,1470.487,0.00436,1.45,-587.649,37.779,7.617,9.166,-7.177,0,unknown,0.88,0.1712,0.75,0.6154,0,0,0,0,0,0
C:/PropScore_AI/data/raw_videos/ravdess/Actor_05/03-01-08-02-01-02-05.wav,hot,Kids are talking by the door.,positive,surprise,100.0,1428.845,0.00652,1.462,-560.718,47.68,1.365,4.213,-10.069,0,unknown,0.88,0.1853,0.75,0.6196,0,0,0,0,0,0
C:/PropScore_AI/data/raw_videos/ravdess/Actor_05/03-01-08-02-02-01-05.wav,hot,Dogs are sitting by the door.,positive,surprise,100.0,1070.912,0.00744,1.635,-569.786,41.51,-3.899,4.686,-7.394,0,unknown,0.88,0.2081,0.75,0.6264,0,0,0,0,0,0
C:/PropScore_AI/data/raw_videos/ravdess/Actor_05/03-01-08-02-02-02-05.wav,hot,Dogs are sitting by the door.,positive,surprise,100.0,993.176,0.00738,1.696,-588.655,53.367,1.509,7.474,-6.597,0,unknown,0.88,0.2139,0.75,0.6282,0,0,0,0,0,0
C:/PropScore_AI/data/raw_videos/ravdess/Actor_06/03-01-01-01-01-01-06.wav,warm,Kids are talking by the door.,positive,neutral,50.0,1878.418,0.00163,1.798,-722.06,41.874,-19.458,12.719,-9.446,0,unknown,0.5,0.1896,0.45,0.3869,0,0,0,0,0,0
C:/PropScore_AI/data/raw_videos/ravdess/Actor_06/03-01-01-01-01-02-06.wav,warm,Kids are talking by the door.,positive,neutral,50.0,1885.808,0.00201,1.665,-682.154,42.451,-17.929,16.734,-12.533,0,unknown,0.5,0.1786,0.45,0.3836,0,0,0,0,0,0
C:/PropScore_AI/data/raw_videos/ravdess/Actor_06/03-01-01-01-02-01-06.wav,warm,Dogs are sitting by the door.,positive,neutral,50.0,1835.375,0.00218,1.763,-691.382,42.984,-11.589,10.905,-7.803,0,unknown,0.5,0.1894,0.45,0.3868,0,0,0,0,0,0
C:/PropScore_AI/data/raw_videos/ravdess/Actor_06/03-01-01-01-02-02-06.wav,warm,Dogs are sitting by the door.,positive,neutral,50.0,1855.496,0.00217,1.746,-698.087,44.588,-15.991,11.152,-9.673,0,unknown,0.5,0.1876,0.45,0.3863,0,0,0,0,0,0
C:/PropScore_AI/data/raw_videos/ravdess/Actor_06/03-01-02-01-01-01-06.wav,warm,Kids are talking by the door.,positive,calm,50.0,1902.791,0.00084,1.486,-717.621,41.714,-5.38,12.929,-3.799,0,unknown,0.56,0.1536,0.45,0.3941,0,0,0,0,0,0
C:/PropScore_AI/data/raw_videos/ravdess/Actor_06/03-01-02-01-01-02-06.wav,warm,Kids are talking by the door.,positive,calm,50.0,1957.157,0.00098,1.462,-712.095,48.51,-9.031,13.534,-2.425,0,unknown,0.56,0.1521,0.45,0.3936,0,0,0,0,0,0
C:/PropScore_AI/data/raw_videos/ravdess/Actor_06/03-01-02-01-02-01-06.wav,warm,Dogs are sitting by the door.,positive,calm,50.0,1744.717,0.00137,1.511,-688.224,58.223,-8.268,8.359,-1.913,0,unknown,0.56,0.1593,0.45,0.3958,0,0,0,0,0,0
C:/PropScore_AI/data/raw_videos/ravdess/Actor_06/03-01-02-01-02-02-06.wav,warm,Dogs are sitting by the door.,positive,calm,50.0,1785.264,0.002,1.427,-668.793,55.585,-13.555,7.086,-3.983,0,unknown,0.56,0.1547,0.45,0.3944,0,0,0,0,0,0
C:/PropScore_AI/data/raw_videos/ravdess/Actor_06/03-01-02-02-01-01-06.wav,warm,Kids are talking by the door.,positive,calm,100.0,1802.495,0.001,1.332,-688.131,45.463,-11.294,16.296,-7.134,0,unknown,0.76,0.1392,0.45,0.4498,0,0,0,0,0,0
C:/PropScore_AI/data/raw_videos/ravdess/Actor_06/03-01-02-02-01-02-06.wav,warm,Kids are talking by the door.,positive,calm,100.0,1848.781,0.001,1.294,-698.024,46.172,-8.234,11.682,-7.636,0,unknown,0.76,0.1354,0.45,0.4486,0,0,0,0,0,0
C:/PropScore_AI/data/raw_videos/ravdess/Actor_06/03-01-02-02-02-01-06.wav,warm,Dogs are sitting by the door.,positive,calm,100.0,1805.804,0.00154,1.383,-698.042,51.881,-4.493,2.392,-5.615,0,unknown,0.76,0.1475,0.45,0.4522,0,0,0,0,0,0
C:/PropScore_AI/data/raw_videos/ravdess/Actor_06/03-01-02-02-02-02-06.wav,warm,Dogs are sitting by the door.,positive,calm,100.0,1536.916,0.00109,1.257,-720.693,57.272,-5.594,4.045,-5.28,0,unknown,0.76,0.1322,0.45,0.4477,0,0,0,0,0,0
C:/PropScore_AI/data/raw_videos/ravdess/Actor_06/03-01-03-01-01-01-06.wav,hot,Kids are talking by the door.,positive,happy,50.0,1951.938,0.00384,1.696,-597.383,45.083,-39.323,23.858,-18.66,0,unknown,0.8,0.1926,0.75,0.5978,0,0,0,0,0,0
C:/PropScore_AI/data/raw_videos/ravdess/Actor_06/03-01-03-01-01-02-06.wav,hot,Kids are talking by the door.,positive,happy,50.0,2054.776,0.00562,1.665,-558.489,24.931,-48.977,15.418,-21.006,0,unknown,0.8,0.2002,0.75,0.6001,0,0,0,0,0,0
C:/PropScore_AI/data/raw_videos/ravdess/Actor_06/03-01-03-01-02-01-06.wav,hot,Dogs are sitting by the door.,positive,happy,50.0,1936.009,0.00366,1.729,-630.802,31.956,-31.88,11.837,-18.187,0,unknown,0.8,0.1949,0.75,0.5985,0,0,0,0,0,0
C:/PropScore_AI/data/raw_videos/ravdess/Actor_06/03-01-03-01-02-02-06.wav,hot,Dogs are sitting by the door.,positive,happy,50.0,1948.166,0.00454,1.746,-602.201,31.457,-30.673,14.306,-15.264,0,unknown,0.8,0.2018,0.75,0.6005,0,0,0,0,0,0
C:/PropScore_AI/data/raw_videos/ravdess/Actor_06/03-01-03-02-01-01-06.wav,hot,Kids are talking by the door!,positive,happy,100.0,2006.73,0.02886,1.713,-416.28,0.524,-51.259,0.401,-12.324,0,unknown,1.0,0.3445,0.75,0.7034,0,0,0,0,0,0
C:/PropScore_AI/data/raw_videos/ravdess/Actor_06/03-01-03-02-01-02-06.wav,hot,Kids are talking by the door!,positive,happy,100.0,2007.195,0.02607,1.729,-445.168,-0.695,-48.204,-1.308,-16.078,0,unknown,1.0,0.3293,0.75,0.6988,0,0,0,0,0,0
C:/PropScore_AI/data/raw_videos/ravdess/Actor_06/03-01-03-02-02-01-06.wav,hot,Dogs are sitting by the door!,positive,happy,100.0,2060.962,0.02627,1.681,-443.482,-2.713,-51.034,0.998,-20.87,0,unknown,1.0,0.3257,0.75,0.6977,0,0,0,0,0,0
C:/PropScore_AI/data/raw_videos/ravdess/Actor_06/03-01-03-02-02-02-06.wav,hot,Dogs are sitting by the door!,positive,happy,100.0,1850.317,0.03044,1.665,-423.267,8.309,-48.228,4.178,-18.495,0,unknown,1.0,0.3491,0.75,0.7047,0,0,0,0,0,0
C:/PropScore_AI/data/raw_videos/ravdess/Actor_06/03-01-04-01-01-01-06.wav,cold,Kids are talking by the door.,positive,sad,50.0,1923.988,0.00103,1.681,-737.518,47.211,-2.73,13.839,-2.822,0,unknown,0.32,0.1743,0.3,0.2683,0,0,0,0,0,0
C:/PropScore_AI/data/raw_videos/ravdess/Actor_06/03-01-04-01-01-02-06.wav,cold,Kids are talking by the door.,positive,sad,50.0,1980.449,0.00112,1.665,-713.553,48.022,-10.815,20.089,-7.369,0,unknown,0.32,0.1732,0.3,0.268,0,0,0,0,0,0
C:/PropScore_AI/data/raw_videos/ravdess/Actor_06/03-01-04-01-02-01-06.wav,cold,Dogs are sitting by the door.,positive,sad,50.0,1854.461,0.00196,1.729,-699.939,44.652,-8.434,3.1,-8.446,0,unknown,0.32,0.1847,0.3,0.2714,0,0,0,0,0,0
C:/PropScore_AI/data/raw_videos/ravdess/Actor_06/03-01-04-01-02-02-06.wav,cold,Dogs are sitting by the door.,positive,sad,50.0,1781.017,0.00156,1.746,-731.186,49.584,-7.062,5.694,-5.009,0,unknown,0.32,0.184,0.3,0.2712,0,0,0,0,0,0
C:/PropScore_AI/data/raw_videos/ravdess/Actor_06/03-01-04-02-01-01-06.wav,cold,Kids are talking by the door!,positive,sad,100.0,2013.89,0.01119,1.427,-499.447,4.656,-37.929,12.739,-18.373,0,unknown,0.52,0.2098,0.3,0.3389,0,0,0,0,0,0
C:/PropScore_AI/data/raw_videos/ravdess/Actor_06/03-01-04-02-01-02-06.wav,cold,Kids are talking by the door.,positive,sad,100.0,1966.946,0.00121,1.462,-684.659,29.696,-17.168,7.696,-16.427,0,unknown,0.52,0.1535,0.3,0.3221,0,0,0,0,0,0
C:/PropScore_AI/data/raw_videos/ravdess/Actor_06/03-01-04-02-02-01-06.wav,cold,Don't are sitting by the door.,neutral,sad,100.0,1921.591,0.00862,1.303,-506.011,23.135,-24.256,1.309,-19.725,0,unknown,0.52,0.182,0.3,0.3306,0,0,0,0,0,0
C:/PropScore_AI/data/raw_videos/ravdess/Actor_06/03-01-04-02-02-02-06.wav,cold,Dogs are sitting by the door.,positive,sad,100.0,2063.773,0.00498,1.486,-551.508,16.116,-33.704,8.939,-23.058,0,unknown,0.52,0.1785,0.3,0.3296,0,0,0,0,0,0
C:/PropScore_AI/data/raw_videos/ravdess/Actor_06/03-01-05-01-01-01-06.wav,cold,Kids are talking by the door.,positive,angry,50.0,1977.583,0.00382,1.591,-610.077,31.07,-17.724,9.798,-13.135,0,unknown,0.29,0.182,0.3,0.2616,0,0,0,0,0,0
C:/PropScore_AI/data/raw_videos/ravdess/Actor_06/03-01-05-01-01-02-06.wav,cold,Kids are talking by the door.,positive,angry,50.0,1883.98,0.00424,1.511,-597.001,44.655,-7.469,15.615,-11.611,0,unknown,0.29,0.1765,0.3,0.26,0,0,0,0,0,0
C:/PropScore_AI/data/raw_videos/ravdess/Actor_06/03-01-05-01-02-01-06.wav,cold,Dogs are sitting by the door.,positive,angry,50.0,1916.432,0.00596,1.427,-565.366,32.358,-22.404,5.382,-20.841,0,unknown,0.29,0.1785,0.3,0.2605,0,0,0,0,0,0
C:/PropScore_AI/data/raw_videos/ravdess/Actor_06/03-01-05-01-02-02-06.wav,cold,Dogs are sitting by the door.,positive,angry,50.0,1949.672,0.00756,1.537,-534.669,26.097,-15.901,3.429,-15.784,0,unknown,0.29,0.1991,0.3,0.2667,0,0,0,0,0,0
C:/PropScore_AI/data/raw_videos/ravdess/Actor_06/03-01-05-02-01-01-06.wav,cold,Kids are talking by the door!,positive,angry,100.0,1872.133,0.07124,1.462,-336.971,13.0,-46.031,-4.89,-23.955,0,unknown,0.49,0.5736,0.3,0.4391,0,0,0,0,0,0
C:/PropScore_AI/data/raw_videos/ravdess/Actor_06/03-01-05-02-01-02-06.wav,cold,Kids are talking by the door!,positive,angry,100.0,1905.222,0.06585,1.427,-347.085,11.069,-43.033,-2.473,-22.554,0,unknown,0.49,0.5378,0.3,0.4283,0,0,0,0,0,0
C:/PropScore_AI/data/raw_videos/ravdess/Actor_06/03-01-05-02-02-01-06.wav,cold,Dogs are sitting by the door!,positive,angry,100.0,1858.831,0.05741,1.352,-358.95,14.237,-39.328,-6.295,-24.534,0,unknown,0.49,0.4797,0.3,0.4109,0,0,0,0,0,0
C:/PropScore_AI/data/raw_videos/ravdess/Actor_06/03-01-05-02-02-02-06.wav,cold,Dogs are sitting by the door!,positive,angry,100.0,1901.465,0.05472,1.342,-368.826,11.691,-38.814,-1.594,-23.561,0,unknown,0.49,0.4625,0.3,0.4058,0,0,0,0,0,0
C:/PropScore_AI/data/raw_videos/ravdess/Actor_06/03-01-06-01-01-01-06.wav,cold,Kids are talking by the door.,positive,fear,50.0,1917.124,0.00231,1.65,-666.871,41.945,-15.307,9.163,-6.324,0,unknown,0.38,0.1789,0.3,0.2877,0,0,0,0,0,0
C:/PropScore_AI/data/raw_videos/ravdess/Actor_06/03-01-06-01-01-02-06.wav,cold,Kids are talking by the door.,positive,fear,50.0,2009.02,0.00238,1.746,-638.68,41.249,-25.287,18.546,-9.944,0,unknown,0.38,0.1889,0.3,0.2907,0,0,0,0,0,0
C:/PropScore_AI/data/raw_videos/ravdess/Actor_06/03-01-06-01-02-01-06.wav,cold,Dogs are sitting by the door.,positive,fear,50.0,1763.012,0.00329,1.681,-638.398,43.188,-22.398,6.139,-15.037,0,unknown,0.38,0.1878,0.3,0.2903,0,0,0,0,0,0
C:/PropScore_AI/data/raw_videos/ravdess/Actor_06/03-01-06-01-02-02-06.wav,cold,Dogs are sitting by the door.,positive,fear,50.0,1917.147,0.00304,1.713,-641.787,39.04,-13.835,10.328,-6.848,0,unknown,0.38,0.1895,0.3,0.2908,0,0,0,0,0,0
C:/PropScore_AI/data/raw_videos/ravdess/Actor_06/03-01-06-02-01-01-06.wav,cold,Kids are talking by the door!,positive,fear,100.0,2019.414,0.06092,1.65,-360.31,-6.291,-53.295,-10.09,-20.17,0,unknown,0.58,0.5305,0.3,0.4531,0,0,0,0,0,0
C:/PropScore_AI/data/raw_videos/ravdess/Actor_06/03-01-06-02-01-02-06.wav,cold,Kids are talking my door!,positive,fear,100.0,2083.019,0.05611,1.387,-365.181,-7.733,-50.127,-10.088,-24.598,0,unknown,0.58,0.4754,0.3,0.4366,0,0,0,0,0,0
C:/PropScore_AI/data/raw_videos/ravdess/Actor_06/03-01-06-02-02-01-06.wav,cold,Dogs are sitting by the door!,positive,fear,100.0,2070.955,0.04076,1.606,-381.906,-2.513,-46.763,-8.642,-22.594,0,unknown,0.58,0.4052,0.3,0.4156,0,0,0,0,0,0
C:/PropScore_AI/data/raw_videos/ravdess/Actor_06/03-01-06-02-02-02-06.wav,cold,Ducks are sitting by the door!,neutral,fear,100.0,2101.307,0.07802,1.606,-323.506,-0.316,-52.047,-16.263,-18.217,0,unknown,0.58,0.6287,0.3,0.4826,0,0,0,0,0,0
C:/PropScore_AI/data/raw_videos/ravdess/Actor_06/03-01-07-01-01-01-06.wav,cold,Kids are talking by the door.,positive,disgust,50.0,1871.208,0.00115,1.713,-670.977,50.639,-8.956,4.979,-11.466,0,unknown,0.26,0.1782,0.3,0.2515,0,0,0,0,0,0
C:/PropScore_AI/data/raw_videos/ravdess/Actor_06/03-01-07-01-01-02-06.wav,cold,Kids are talking by the door.,positive,disgust,50.0,1894.906,0.00084,1.405,-702.762,38.545,-2.159,9.485,-6.53,0,unknown,0.26,0.1455,0.3,0.2416,0,0,0,0,0,0
C:/PropScore_AI/data/raw_videos/ravdess/Actor_06/03-01-07-01-02-01-06.wav,cold,Dogs are sitting by the door.,positive,disgust,50.0,1805.513,0.00123,1.606,-750.812,41.674,3.6,-4.791,-1.822,0,unknown,0.26,0.168,0.3,0.2484,0,0,0,0,0,0
C:/PropScore_AI/data/raw_videos/ravdess/Actor_06/03-01-07-01-02-02-06.wav,cold,Dogs are sitting by the door.,positive,disgust,50.0,1782.707,0.00111,1.524,-718.624,40.425,-4.594,-0.538,-4.194,0,unknown,0.26,0.1591,0.3,0.2457,0,0,0,0,0,0
C:/PropScore_AI/data/raw_videos/ravdess/Actor_06/03-01-07-02-01-01-06.wav,cold,Kids are talking by the door!,positive,disgust,100.0,1994.322,0.00663,1.394,-550.118,20.665,-18.419,2.145,-21.184,0,unknown,0.46,0.1792,0.3,0.3118,0,0,0,0,0,0
C:/PropScore_AI/data/raw_videos/ravdess/Actor_06/03-01-07-02-01-02-06.wav,cold,Kids are talking by the door.,positive,disgust,100.0,1893.597,0.0034,1.524,-647.748,31.115,-22.411,0.197,-19.203,0,unknown,0.46,0.1728,0.3,0.3098,0,0,0,0,0,0
C:/PropScore_AI/data/raw_videos/ravdess/Actor_06/03-01-07-02-02-01-06.wav,cold,Dogs are sitting by the door.,positive,disgust,100.0,1735.581,0.00504,1.486,-587.996,40.669,-16.886,2.567,-11.009,0,unknown,0.46,0.1788,0.3,0.3116,0,0,0,0,0,0
C:/PropScore_AI/data/raw_videos/ravdess/Actor_06/03-01-07-02-02-02-06.wav,cold,Dogs are sitting by the door.,positive,disgust,100.0,1274.583,0.0036,1.511,-639.48,46.974,-0.154,2.783,-5.731,0,unknown,0.46,0.1727,0.3,0.3098,0,0,0,0,0,0
C:/PropScore_AI/data/raw_videos/ravdess/Actor_06/03-01-08-01-01-01-06.wav,hot,Kids are talking by the door.,positive,surprise,50.0,1784.65,0.00185,1.854,-722.895,49.229,-13.449,5.827,-8.359,0,unknown,0.68,0.1965,0.75,0.563,0,0,0,0,0,0
C:/PropScore_AI/data/raw_videos/ravdess/Actor_06/03-01-08-01-01-02-06.wav,hot,Kids are talking by the door.,positive,surprise,50.0,1823.195,0.00235,1.854,-703.515,44.396,-17.395,3.941,-11.551,0,unknown,0.68,0.1995,0.75,0.5639,0,0,0,0,0,0
C:/PropScore_AI/data/raw_videos/ravdess/Actor_06/03-01-08-01-02-01-06.wav,hot,Dogs are sitting by the door.,positive,surprise,50.0,1787.859,0.00254,1.873,-681.991,42.937,-14.302,-0.011,-11.077,0,unknown,0.68,0.2025,0.75,0.5648,0,0,0,0,0,0
C:/PropScore_AI/data/raw_videos/ravdess/Actor_06/03-01-08-01-02-02-06.wav,hot,Dogs are sitting by the door.,positive,surprise,50.0,1692.43,0.00241,1.913,-671.52,53.945,-9.681,9.573,-9.125,0,unknown,0.68,0.2058,0.75,0.5657,0,0,0,0,0,0
C:/PropScore_AI/data/raw_videos/ravdess/Actor_06/03-01-08-02-01-01-06.wav,hot,Kids are talking by the door.,positive,surprise,100.0,1904.178,0.00217,1.854,-670.667,51.323,-17.035,13.573,-14.506,0,unknown,0.88,0.1984,0.75,0.6235,0,0,0,0,0,0
C:/PropScore_AI/data/raw_videos/ravdess/Actor_06/03-01-08-02-01-02-06.wav,hot,Kids are talking by the door!,positive,surprise,100.0,1820.495,0.00748,1.78,-567.591,25.891,-31.99,-2.762,-19.529,0,unknown,0.88,0.2229,0.75,0.6309,0,0,0,0,0,0
C:/PropScore_AI/data/raw_videos/ravdess/Actor_06/03-01-08-02-02-01-06.wav,hot,Dogs are sitting by the door.,positive,surprise,100.0,1902.375,0.00748,1.816,-577.213,25.951,-27.328,3.628,-15.894,0,unknown,0.88,0.2265,0.75,0.632,0,0,0,0,0,0
C:/PropScore_AI/data/raw_videos/ravdess/Actor_06/03-01-08-02-02-02-06.wav,hot,Dogs are sitting by the door.,positive,surprise,100.0,1885.431,0.00778,1.873,-573.944,30.75,-29.193,-2.246,-14.794,0,unknown,0.88,0.234,0.75,0.6342,0,0,0,0,0,0
C:/PropScore_AI/data/raw_videos/ravdess/Actor_07/03-01-01-01-01-01-07.wav,warm,Kids are talking by the door.,positive,neutral,50.0,1780.619,0.00275,1.537,-636.954,67.286,3.642,21.614,0.634,0,unknown,0.5,0.1702,0.45,0.3811,0,0,0,0,0,0
C:/PropScore_AI/data/raw_videos/ravdess/Actor_07/03-01-01-01-01-02-07.wav,warm,Kids are talking by the door.,positive,neutral,50.0,1624.745,0.00292,1.577,-633.726,70.266,5.045,22.827,1.118,0,unknown,0.5,0.1752,0.45,0.3826,0,0,0,0,0,0
C:/PropScore_AI/data/raw_videos/ravdess/Actor_07/03-01-01-01-02-01-07.wav,warm,Dogs are sitting by the door.,positive,neutral,50.0,1660.498,0.00315,1.45,-640.169,63.254,3.104,16.201,3.277,0,unknown,0.5,0.1639,0.45,0.3792,0,0,0,0,0,0
C:/PropScore_AI/data/raw_videos/ravdess/Actor_07/03-01-01-01-02-02-07.wav,warm,Dogs are sitting by the door.,positive,neutral,50.0,1560.902,0.00252,1.606,-635.674,69.791,9.547,18.648,1.267,0,unknown,0.5,0.1757,0.45,0.3827,0,0,0,0,0,0
C:/PropScore_AI/data/raw_videos/ravdess/Actor_07/03-01-02-01-01-01-07.wav,warm,Kids are talking by the door.,positive,calm,50.0,1312.925,0.00186,1.729,-677.332,74.075,1.844,19.371,4.913,0,unknown,0.56,0.1841,0.45,0.4032,0,0,0,0,0,0
C:/PropScore_AI/data/raw_videos/ravdess/Actor_07/03-01-02-01-01-02-07.wav,warm,Kids are talking by the door.,positive,calm,50.0,1665.478,0.00162,1.606,-690.526,77.151,-3.338,18.001,2.859,0,unknown,0.56,0.1703,0.45,0.3991,0,0,0,0,0,0
C:/PropScore_AI/data/raw_videos/ravdess/Actor_07/03-01-02-01-02-01-07.wav,warm,Dogs are sitting by the door.,positive,calm,50.0,1439.315,0.0019,1.713,-671.416,80.869,9.807,23.243,12.491,0,unknown,0.56,0.1827,0.45,0.4028,0,0,0,0,0,0
C:/PropScore_AI/data/raw_videos/ravdess/Actor_07/03-01-02-01-02-02-07.wav,warm,Dogs are sitting by the door.,positive,calm,50.0,1398.275,0.00199,1.696,-670.952,74.909,-2.133,18.666,5.416,0,unknown,0.56,0.1815,0.45,0.4025,0,0,0,0,0,0
C:/PropScore_AI/data/raw_videos/ravdess/Actor_07/03-01-02-02-01-01-07.wav,warm,Kids are talking by the door.,positive,calm,100.0,1923.226,0.00182,1.499,-616.259,60.59,0.141,30.031,4.765,0,unknown,0.76,0.1608,0.45,0.4562,0,0,0,0,0,0
C:/PropScore_AI/data/raw_videos/ravdess/Actor_07/03-01-02-02-01-02-07.wav,warm,Kids are talking by the door.,positive,calm,100.0,1978.84,0.00194,1.55,-637.367,59.729,0.424,23.458,-1.804,0,unknown,0.76,0.1666,0.45,0.458,0,0,0,0,0,0
C:/PropScore_AI/data/raw_videos/ravdess/Actor_07/03-01-02-02-02-01-07.wav,warm,Dogs are sitting by the door.,positive,calm,100.0,1717.558,0.00243,1.405,-628.399,66.023,5.806,22.148,3.379,0,unknown,0.76,0.1551,0.45,0.4545,0,0,0,0,0,0
C:/PropScore_AI/data/raw_videos/ravdess/Actor_07/03-01-02-02-02-02-07.wav,warm,Dogs are sitting by the door.,positive,calm,100.0,1553.152,0.00197,1.462,-651.645,83.725,0.464,22.57,1.103,0,unknown,0.76,0.158,0.45,0.4554,0,0,0,0,0,0
C:/PropScore_AI/data/raw_videos/ravdess/Actor_07/03-01-03-01-01-01-07.wav,hot,Kids are talking by the door.,positive,happy,50.0,1487.941,0.00207,1.713,-634.854,65.537,-4.215,26.637,3.978,0,unknown,0.8,0.1837,0.75,0.5951,0,0,0,0,0,0
C:/PropScore_AI/data/raw_videos/ravdess/Actor_07/03-01-03-01-01-02-07.wav,hot,Kids are talking by the door.,positive,happy,50.0,1552.526,0.00359,1.729,-621.673,70.085,-8.034,20.454,-2.133,0,unknown,0.8,0.1944,0.75,0.5983,0,0,0,0,0,0
C:/PropScore_AI/data/raw_videos/ravdess/Actor_07/03-01-03-01-02-01-07.wav,hot,Dogs are sitting by the door.,positive,happy,50.0,1535.269,0.00417,1.763,-596.662,63.489,-9.162,18.168,0.286,0,unknown,0.8,0.2013,0.75,0.6004,0,0,0,0,0,0
C:/PropScore_AI/data/raw_videos/ravdess/Actor_07/03-01-03-01-02-02-07.wav,hot,Dogs are sitting by the door.,positive,happy,50.0,1535.269,0.00417,1.763,-596.662,63.489,-9.162,18.168,0.286,0,unknown,0.8,0.2013,0.75,0.6004,0,0,0,0,0,0
C:/PropScore_AI/data/raw_videos/ravdess/Actor_07/03-01-03-02-01-01-07.wav,hot,Kids are talking by the door.,positive,happy,100.0,1538.293,0.01639,1.462,-464.669,57.755,-16.046,14.562,-5.323,0,unknown,1.0,0.2445,0.75,0.6734,0,0,0,0,0,0
C:/PropScore_AI/data/raw_videos/ravdess/Actor_07/03-01-03-02-01-02-07.wav,hot,KISS ARE TALKING BY THE DOOR!,positive,happy,100.0,1951.297,0.01864,1.486,-420.524,40.443,-12.444,16.776,-7.419,0,unknown,1.0,0.2604,0.75,0.6781,0,0,0,0,0,0
C:/PropScore_AI/data/raw_videos/ravdess/Actor_07/03-01-03-02-02-01-07.wav,hot,Dogs are sitting by the door.,positive,happy,100.0,1613.276,0.01456,1.486,-475.392,55.724,-22.847,17.439,-9.622,0,unknown,1.0,0.236,0.75,0.6708,0,0,0,0,0,0
C:/PropScore_AI/data/raw_videos/ravdess/Actor_07/03-01-03-02-02-02-07.wav,hot,Dogs are sitting by the door.,positive,happy,100.0,1432.396,0.02292,1.564,-438.912,43.482,-15.065,11.888,0.206,0,unknown,1.0,0.2939,0.75,0.6882,0,0,0,0,0,0
C:/PropScore_AI/data/raw_videos/ravdess/Actor_07/03-01-04-01-01-01-07.wav,cold,Kids are talking by the door.,positive,sad,50.0,1686.851,0.00161,1.696,-707.556,67.569,-1.758,15.503,-0.055,0,unknown,0.32,0.1793,0.3,0.2698,0,0,0,0,0,0
C:/PropScore_AI/data/raw_videos/ravdess/Actor_07/03-01-04-01-01-02-07.wav,cold,Kids are talking by the door.,positive,sad,50.0,1327.056,0.00175,1.665,-678.404,76.574,3.509,23.887,4.108,0,unknown,0.32,0.177,0.3,0.2691,0,0,0,0,0,0
C:/PropScore_AI/data/raw_videos/ravdess/Actor_07/03-01-04-01-02-01-07.wav,cold,Dogs are sitting by the door.,positive,sad,50.0,1618.673,0.00175,1.696,-694.316,74.674,5.09,13.286,1.114,0,unknown,0.32,0.1801,0.3,0.27,0,0,0,0,0,0
C:/PropScore_AI/data/raw_videos/ravdess/Actor_07/03-01-04-01-02-02-07.wav,cold,Dogs are sitting by the door.,positive,sad,50.0,1543.051,0.00405,1.55,-609.67,70.239,-6.333,19.957,-5.246,0,unknown,0.32,0.1793,0.3,0.2698,0,0,0,0,0,0
C:/PropScore_AI/data/raw_videos/ravdess/Actor_07/03-01-04-02-01-01-07.wav,cold,Kids are talking by the door.,positive,sad,100.0,1553.376,0.00371,1.524,-580.786,67.043,-12.014,22.242,0.739,0,unknown,0.52,0.1747,0.3,0.3284,0,0,0,0,0,0
C:/PropScore_AI/data/raw_videos/ravdess/Actor_07/03-01-04-02-01-02-07.wav,cold,Kids are talking by the door.,positive,sad,100.0,1834.888,0.00442,1.564,-590.949,57.764,-2.81,17.88,-2.597,0,unknown,0.52,0.1829,0.3,0.3309,0,0,0,0,0,0
C:/PropScore_AI/data/raw_videos/ravdess/Actor_07/03-01-04-02-02-01-07.wav,cold,Dogs are sitting by the door.,positive,sad,100.0,1136.841,0.00669,1.65,-552.474,51.027,-0.002,12.499,3.056,0,unknown,0.52,0.2051,0.3,0.3375,0,0,0,0,0,0
C:/PropScore_AI/data/raw_videos/ravdess/Actor_07/03-01-04-02-02-02-07.wav,cold,Dogs are sitting by the door.,positive,sad,100.0,1437.154,0.0054,1.564,-585.453,53.562,-1.968,16.458,1.48,0,unknown,0.52,0.1888,0.3,0.3326,0,0,0,0,0,0
C:/PropScore_AI/data/raw_videos/ravdess/Actor_07/03-01-05-01-01-01-07.wav,cold,Kids are talking by the door.,positive,angry,50.0,1962.145,0.01354,1.499,-494.694,43.487,-10.079,19.891,-6.628,0,unknown,0.29,0.2311,0.3,0.2763,0,0,0,0,0,0
C:/PropScore_AI/data/raw_videos/ravdess/Actor_07/03-01-05-01-01-02-07.wav,cold,Kids are talking by the door.,positive,angry,50.0,1647.359,0.03042,1.511,-419.256,35.844,-12.707,17.273,-9.67,0,unknown,0.29,0.3336,0.3,0.3071,0,0,0,0,0,0
C:/PropScore_AI/data/raw_videos/ravdess/Actor_07/03-01-05-01-02-01-07.wav,cold,Dogs are sitting by the door.,positive,angry,50.0,1591.571,0.00448,1.499,-578.375,54.293,4.15,18.82,-2.535,0,unknown,0.29,0.1768,0.3,0.26,0,0,0,0,0,0
C:/PropScore_AI/data/raw_videos/ravdess/Actor_07/03-01-05-01-02-02-07.wav,cold,Dogs are sitting by the door.,positive,angry,50.0,1828.639,0.01093,1.499,-497.292,45.011,-2.82,15.298,-11.023,0,unknown,0.29,0.2155,0.3,0.2716,0,0,0,0,0,0
C:/PropScore_AI/data/raw_videos/ravdess/Actor_07/03-01-05-02-01-01-07.wav,cold,Kids are talking by the door!,positive,angry,100.0,1725.122,0.0245,1.665,-419.913,39.737,-6.074,19.938,-2.953,0,unknown,0.49,0.3135,0.3,0.361,0,0,0,0,0,0
C:/PropScore_AI/data/raw_videos/ravdess/Actor_07/03-01-05-02-01-02-07.wav,cold,Kids are talking by the door!,positive,angry,100.0,1891.504,0.04654,1.499,-352.505,28.263,-12.924,17.907,-8.685,0,unknown,0.49,0.4291,0.3,0.3957,0,0,0,0,0,0
C:/PropScore_AI/data/raw_videos/ravdess/Actor_07/03-01-05-02-02-01-07.wav,cold,Dogs are sitting by the door!,positive,angry,100.0,1956.272,0.06995,1.564,-342.167,16.36,-24.306,8.771,-12.875,0,unknown,0.49,0.5761,0.3,0.4398,0,0,0,0,0,0
C:/PropScore_AI/data/raw_videos/ravdess/Actor_07/03-01-05-02-02-02-07.wav,cold,Dogs are sitting by the door.,positive,angry,100.0,1992.127,0.05931,1.383,-358.883,23.259,-20.039,13.564,-8.543,0,unknown,0.49,0.4942,0.3,0.4153,0,0,0,0,0,0
C:/PropScore_AI/data/raw_videos/ravdess/Actor_07/03-01-06-01-01-01-07.wav,cold,Kids are talking by the door.,positive,fear,50.0,1435.863,0.00374,1.746,-634.318,51.854,-3.881,16.418,-1.643,0,unknown,0.38,0.197,0.3,0.2931,0,0,0,0,0,0
C:/PropScore_AI/data/raw_videos/ravdess/Actor_07/03-01-06-01-01-02-07.wav,cold,Kids are talking by the door.,positive,fear,50.0,1802.072,0.00451,1.713,-620.742,48.334,-10.459,11.789,-4.585,0,unknown,0.38,0.1984,0.3,0.2935,0,0,0,0,0,0
C:/PropScore_AI/data/raw_videos/ravdess/Actor_07/03-01-06-01-02-01-07.wav,cold,Dogs are sitting by the door.,positive,fear,50.0,1744.351,0.00414,1.746,-641.628,45.235,-1.954,13.534,-2.229,0,unknown,0.38,0.1994,0.3,0.2938,0,0,0,0,0,0
C:/PropScore_AI/data/raw_videos/ravdess/Actor_07/03-01-06-01-02-02-07.wav,cold,Dogs are sitting by the door.,positive,fear,50.0,1824.491,0.00379,1.78,-631.056,40.504,-1.778,7.712,-6.376,0,unknown,0.38,0.2007,0.3,0.2942,0,0,0,0,0,0
C:/PropScore_AI/data/raw_videos/ravdess/Actor_07/03-01-06-02-01-01-07.wav,cold,Kids are talking by the door!,positive,fear,100.0,1787.109,0.01903,1.65,-468.102,29.232,-22.28,5.175,-13.731,0,unknown,0.58,0.2792,0.3,0.3778,0,0,0,0,0,0
C:/PropScore_AI/data/raw_videos/ravdess/Actor_07/03-01-06-02-01-02-07.wav,cold,Kids are talking by the door!,positive,fear,100.0,1528.218,0.01335,1.729,-509.774,27.333,-14.19,5.688,-15.307,0,unknown,0.58,0.253,0.3,0.3699,0,0,0,0,0,0
C:/PropScore_AI/data/raw_videos/ravdess/Actor_07/03-01-06-02-02-01-07.wav,cold,Dogs are sitting by the door!,positive,fear,100.0,1847.253,0.02849,1.763,-426.716,19.92,-20.815,6.559,-14.074,0,unknown,0.58,0.3472,0.3,0.3982,0,0,0,0,0,0
C:/PropScore_AI/data/raw_videos/ravdess/Actor_07/03-01-06-02-02-02-07.wav,cold,Dogs are sitting by the door!,positive,fear,100.0,1791.005,0.02961,1.713,-443.651,20.552,-19.933,1.355,-16.107,0,unknown,0.58,0.349,0.3,0.3987,0,0,0,0,0,0
C:/PropScore_AI/data/raw_videos/ravdess/Actor_07/03-01-07-01-01-01-07.wav,cold,Kids are talking by the door.,positive,disgust,50.0,1670.885,0.00214,1.696,-672.961,47.814,6.131,15.425,-5.611,0,unknown,0.26,0.1824,0.3,0.2527,0,0,0,0,0,0
C:/PropScore_AI/data/raw_videos/ravdess/Actor_07/03-01-07-01-01-02-07.wav,cold,Kids are talking by the door.,positive,disgust,50.0,1776.718,0.00256,1.713,-640.766,55.225,1.914,16.369,-6.964,0,unknown,0.26,0.1867,0.3,0.254,0,0,0,0,0,0
C:/PropScore_AI/data/raw_videos/ravdess/Actor_07/03-01-07-01-02-01-07.wav,cold,Dogs are sitting by the door.,positive,disgust,50.0,1307.406,0.00169,1.746,-708.846,64.968,12.254,16.53,5.583,0,unknown,0.26,0.1847,0.3,0.2534,0,0,0,0,0,0
C:/PropScore_AI/data/raw_videos/ravdess/Actor_07/03-01-07-01-02-02-07.wav,cold,Dogs are sitting by the door.,positive,disgust,50.0,1495.183,0.00283,1.696,-662.848,52.343,8.514,16.993,-5.625,0,unknown,0.26,0.1866,0.3,0.254,0,0,0,0,0,0
C:/PropScore_AI/data/raw_videos/ravdess/Actor_07/03-01-07-02-01-01-07.wav,cold,Kids are talking by the door.,positive,disgust,100.0,1739.276,0.00894,1.45,-526.869,44.907,3.989,18.789,-14.989,0,unknown,0.46,0.1986,0.3,0.3176,0,0,0,0,0,0
C:/PropScore_AI/data/raw_videos/ravdess/Actor_07/03-01-07-02-01-02-07.wav,cold,Kids are talking by the door.,positive,disgust,100.0,1609.693,0.00537,1.362,-566.818,52.002,11.196,22.048,-6.102,0,unknown,0.46,0.1684,0.3,0.3085,0,0,0,0,0,0
C:/PropScore_AI/data/raw_videos/ravdess/Actor_07/03-01-07-02-02-01-07.wav,cold,Dogs are sitting by the door.,positive,disgust,100.0,1484.001,0.00544,1.45,-572.434,60.486,16.629,22.885,-5.371,0,unknown,0.46,0.1776,0.3,0.3113,0,0,0,0,0,0
C:/PropScore_AI/data/raw_videos/ravdess/Actor_07/03-01-07-02-02-02-07.wav,cold,Dogs are sitting by the door.,positive,disgust,100.0,1470.568,0.0063,1.257,-572.639,51.718,15.57,16.143,-7.78,0,unknown,0.46,0.1635,0.3,0.3071,0,0,0,0,0,0
C:/PropScore_AI/data/raw_videos/ravdess/Actor_07/03-01-08-01-01-01-07.wav,hot,Kids are talking by the door.,positive,surprise,50.0,1522.7,0.00412,1.729,-627.863,64.973,1.929,16.911,-4.543,0,unknown,0.68,0.1976,0.75,0.5633,0,0,0,0,0,0
C:/PropScore_AI/data/raw_videos/ravdess/Actor_07/03-01-08-01-01-02-07.wav,hot,Kids are talking by the door.,positive,surprise,50.0,1629.609,0.00489,1.696,-601.105,58.132,6.712,16.427,-6.716,0,unknown,0.68,0.1989,0.75,0.5637,0,0,0,0,0,0
C:/PropScore_AI/data/raw_videos/ravdess/Actor_07/03-01-08-01-02-01-07.wav,hot,Dogs are sitting by the door.,positive,surprise,50.0,1304.667,0.00423,1.746,-623.505,67.728,8.865,17.083,-3.832,0,unknown,0.68,0.2,0.75,0.564,0,0,0,0,0,0
C:/PropScore_AI/data/raw_videos/ravdess/Actor_07/03-01-08-01-02-02-07.wav,hot,Dogs are sitting by the door.,positive,surprise,50.0,1313.361,0.00469,1.746,-613.841,64.635,5.589,20.161,-4.585,0,unknown,0.68,0.2027,0.75,0.5648,0,0,0,0,0,0
C:/PropScore_AI/data/raw_videos/ravdess/Actor_07/03-01-08-02-01-01-07.wav,hot,Cates are talking by the door.,neutral,surprise,100.0,1749.496,0.01284,1.55,-481.083,47.535,-0.532,10.253,-8.337,0,unknown,0.88,0.232,0.55,0.5536,0,0,0,0,0,0
C:/PropScore_AI/data/raw_videos/ravdess/Actor_07/03-01-08-02-01-02-07.wav,hot,Kids are talking by the door?,neutral,surprise,100.0,1654.604,0.00582,1.65,-581.057,49.054,5.565,16.772,-5.695,0,unknown,0.88,0.1999,0.55,0.544,0,0,0,0,0,0
C:/PropScore_AI/data/raw_videos/ravdess/Actor_07/03-01-08-02-02-01-07.wav,hot,Dogs are sitting by the door!,positive,surprise,100.0,1565.835,0.0119,1.746,-514.379,42.594,-1.24,11.049,-7.672,0,unknown,0.88,0.246,0.75,0.6378,0,0,0,0,0,0
C:/PropScore_AI/data/raw_videos/ravdess/Actor_07/03-01-08-02-02-02-07.wav,hot,Dogs are sitting by the door.,positive,surprise,100.0,1619.752,0.00813,1.729,-573.776,47.389,3.865,12.892,-7.526,0,unknown,0.88,0.2217,0.75,0.6305,0,0,0,0,0,0
C:/PropScore_AI/data/raw_videos/ravdess/Actor_08/03-01-01-01-01-01-08.wav,warm,Kids are talking by the door.,positive,neutral,50.0,1153.045,0.0025,1.713,-678.505,60.5,8.939,24.119,-1.672,0,unknown,0.5,0.1863,0.45,0.3859,0,0,0,0,0,0
C:/PropScore_AI/data/raw_videos/ravdess/Actor_08/03-01-01-01-01-02-08.wav,warm,Kids are talking by the door.,positive,neutral,50.0,1105.736,0.00267,1.65,-666.133,63.152,6.689,23.825,-2.808,0,unknown,0.5,0.181,0.45,0.3843,0,0,0,0,0,0
C:/PropScore_AI/data/raw_videos/ravdess/Actor_08/03-01-01-01-02-01-08.wav,warm,The dogs are sitting by the door.,positive,neutral,50.0,999.986,0.00298,1.979,-667.857,59.516,9.989,20.872,-0.871,0,unknown,0.5,0.2158,0.45,0.3947,0,0,0,0,0,0
C:/PropScore_AI/data/raw_videos/ravdess/Actor_08/03-01-01-01-02-02-08.wav,warm,Dogs are sitting by the door.,positive,neutral,50.0,1021.074,0.00283,1.713,-659.907,59.865,8.79,20.592,-0.276,0,unknown,0.5,0.1883,0.45,0.3865,0,0,0,0,0,0
C:/PropScore_AI/data/raw_videos/ravdess/Actor_08/03-01-02-01-01-01-08.wav,warm,Kids are talking by the door.,positive,calm,50.0,1181.53,0.00177,1.665,-691.295,67.617,12.022,23.697,1.66,0,unknown,0.56,0.1771,0.45,0.4011,0,0,0,0,0,0
C:/PropScore_AI/data/raw_videos/ravdess/Actor_08/03-01-02-01-01-02-08.wav,warm,Kids are talking by the door.,positive,calm,50.0,1295.421,0.00164,1.763,-709.227,64.296,15.317,21.627,3.37,0,unknown,0.56,0.1861,0.45,0.4038,0,0,0,0,0,0
C:/PropScore_AI/data/raw_videos/ravdess/Actor_08/03-01-02-01-02-01-08.wav,warm,Dogs are sitting by the door.,positive,calm,50.0,929.573,0.002,1.729,-692.722,63.233,20.234,21.491,4.787,0,unknown,0.56,0.1849,0.45,0.4035,0,0,0,0,0,0
C:/PropScore_AI/data/raw_videos/ravdess/Actor_08/03-01-02-01-02-02-08.wav,warm,Dogs are sitting by the door.,positive,calm,50.0,1075.982,0.00177,1.729,-709.987,65.511,13.023,25.578,4.004,0,unknown,0.56,0.1835,0.45,0.4031,0,0,0,0,0,0
C:/PropScore_AI/data/raw_videos/ravdess/Actor_08/03-01-02-02-01-01-08.wav,warm,Kids are talking by the door.,positive,calm,100.0,1472.25,0.00146,1.65,-699.562,63.971,13.428,24.381,1.522,0,unknown,0.76,0.1738,0.45,0.4601,0,0,0,0,0,0
C:/PropScore_AI/data/raw_videos/ravdess/Actor_08/03-01-02-02-01-02-08.wav,warm,Kids are talking by the door.,positive,calm,100.0,1519.868,0.00153,1.606,-701.515,62.916,13.263,21.033,1.593,0,unknown,0.76,0.1698,0.45,0.4589,0,0,0,0,0,0
C:/PropScore_AI/data/raw_videos/ravdess/Actor_08/03-01-02-02-02-01-08.wav,warm,Dogs are sitting by the door.,positive,calm,100.0,961.184,0.00158,1.635,-702.973,62.523,17.404,19.834,4.978,0,unknown,0.76,0.173,0.45,0.4599,0,0,0,0,0,0
C:/PropScore_AI/data/raw_videos/ravdess/Actor_08/03-01-02-02-02-02-08.wav,warm,Dogs are sitting by the door.,positive,calm,100.0,1218.518,0.0017,1.577,-698.572,60.799,14.21,20.789,2.072,0,unknown,0.76,0.1679,0.45,0.4584,0,0,0,0,0,0
C:/PropScore_AI/data/raw_videos/ravdess/Actor_08/03-01-03-01-01-01-08.wav,hot,Kids are talking by the door.,positive,happy,50.0,1458.933,0.00371,1.713,-630.884,53.284,-6.611,22.071,-1.627,0,unknown,0.8,0.1936,0.75,0.5981,0,0,0,0,0,0
C:/PropScore_AI/data/raw_videos/ravdess/Actor_08/03-01-03-01-01-02-08.wav,hot,Kids are talking by the door.,positive,happy,50.0,1607.918,0.00386,1.746,-627.695,47.126,-5.483,24.172,-4.129,0,unknown,0.8,0.1978,0.75,0.5993,0,0,0,0,0,0
C:/PropScore_AI/data/raw_videos/ravdess/Actor_08/03-01-03-01-02-01-08.wav,hot,Dogs are sitting by the door.,positive,happy,50.0,990.1,0.00384,1.729,-642.872,53.698,-0.52,22.762,-0.667,0,unknown,0.8,0.1959,0.75,0.5988,0,0,0,0,0,0
C:/PropScore_AI/data/raw_videos/ravdess/Actor_08/03-01-03-01-02-02-08.wav,hot,Dogs are sitting by the door.,positive,happy,50.0,1214.961,0.00476,1.746,-615.39,45.778,-9.182,19.802,-1.526,0,unknown,0.8,0.2032,0.75,0.601,0,0,0,0,0,0
C:/PropScore_AI/data/raw_videos/ravdess/Actor_08/03-01-03-02-01-01-08.wav,hot,Kids are talking by the door.,positive,happy,100.0,1618.777,0.01114,1.591,-525.902,41.032,-24.483,15.463,-10.419,0,unknown,1.0,0.2259,0.75,0.6678,0,0,0,0,0,0
C:/PropScore_AI/data/raw_videos/ravdess/Actor_08/03-01-03-02-01-02-08.wav,hot,Kids are talking by the door.,positive,happy,100.0,1770.314,0.01063,1.537,-533.644,36.443,-20.475,19.838,-9.776,0,unknown,1.0,0.2175,0.75,0.6653,0,0,0,0,0,0
C:/PropScore_AI/data/raw_videos/ravdess/Actor_08/03-01-03-02-02-01-08.wav,hot,Dogs are sitting by the door.,positive,happy,100.0,1552.167,0.01158,1.564,-511.08,35.502,-23.504,17.457,-10.156,0,unknown,1.0,0.2259,0.75,0.6678,0,0,0,0,0,0
C:/PropScore_AI/data/raw_videos/ravdess/Actor_08/03-01-03-02-02-02-08.wav,hot,Dogs are sitting by the door.,positive,happy,100.0,1751.374,0.00919,1.524,-525.51,39.38,-25.027,14.557,-11.666,0,unknown,1.0,0.2075,0.75,0.6623,0,0,0,0,0,0
C:/PropScore_AI/data/raw_videos/ravdess/Actor_08/03-01-04-01-01-01-08.wav,cold,Kids are talking by the door.,positive,sad,50.0,1290.277,0.00159,1.427,-710.213,59.083,13.985,21.415,8.986,0,unknown,0.32,0.1522,0.3,0.2617,0,0,0,0,0,0
C:/PropScore_AI/data/raw_videos/ravdess/Actor_08/03-01-04-01-01-02-08.wav,cold,Kids are talking by the door.,positive,sad,50.0,1224.126,0.00145,1.55,-717.878,66.501,12.372,24.128,1.178,0,unknown,0.32,0.1637,0.3,0.2651,0,0,0,0,0,0
C:/PropScore_AI/data/raw_videos/ravdess/Actor_08/03-01-04-01-02-01-08.wav,cold,The dogs are sitting by the door.,positive,sad,50.0,1041.994,0.00148,1.961,-715.009,58.275,13.991,20.753,6.839,0,unknown,0.32,0.205,0.3,0.2775,0,0,0,0,0,0
C:/PropScore_AI/data/raw_videos/ravdess/Actor_08/03-01-04-01-02-02-08.wav,cold,Docs are sitting by the door.,neutral,sad,50.0,961.648,0.00147,1.665,-713.467,68.602,13.294,20.88,7.608,0,unknown,0.32,0.1753,0.3,0.2686,0,0,0,0,0,0
C:/PropScore_AI/data/raw_videos/ravdess/Actor_08/03-01-04-02-01-01-08.wav,cold,Kids are talking by the door.,positive,sad,100.0,1781.997,0.00337,1.591,-620.424,54.146,-9.867,22.551,-0.751,0,unknown,0.52,0.1793,0.3,0.3298,0,0,0,0,0,0
C:/PropScore_AI/data/raw_videos/ravdess/Actor_08/03-01-04-02-01-02-08.wav,cold,Get their talking by the door.,positive,sad,100.0,1517.001,0.00338,1.524,-617.993,52.561,-6.019,22.053,-1.577,0,unknown,0.52,0.1727,0.3,0.3278,0,0,0,0,0,0
C:/PropScore_AI/data/raw_videos/ravdess/Actor_08/03-01-04-02-02-01-08.wav,cold,Dogs are sitting by the door.,positive,sad,100.0,1542.818,0.00327,1.635,-648.956,53.708,-3.238,20.25,0.601,0,unknown,0.52,0.1831,0.3,0.3309,0,0,0,0,0,0
C:/PropScore_AI/data/raw_videos/ravdess/Actor_08/03-01-04-02-02-02-08.wav,cold,Dogs are sitting by the door.,positive,sad,100.0,1580.227,0.00505,1.62,-619.67,61.668,-4.726,20.765,1.078,0,unknown,0.52,0.1923,0.3,0.3337,0,0,0,0,0,0
C:/PropScore_AI/data/raw_videos/ravdess/Actor_08/03-01-05-01-01-01-08.wav,cold,Kids are talking by the door.,positive,angry,50.0,1397.946,0.00941,1.62,-554.188,47.495,-7.383,13.093,-8.94,0,unknown,0.29,0.2185,0.3,0.2725,0,0,0,0,0,0
C:/PropScore_AI/data/raw_videos/ravdess/Actor_08/03-01-05-01-01-02-08.wav,cold,Kids are talking by the door.,positive,angry,50.0,1528.373,0.00942,1.665,-529.864,41.758,0.239,10.275,-13.798,0,unknown,0.29,0.223,0.3,0.2739,0,0,0,0,0,0
C:/PropScore_AI/data/raw_videos/ravdess/Actor_08/03-01-05-01-02-01-08.wav,cold,Dogs are sitting by the door.,positive,angry,50.0,1042.682,0.00715,1.696,-591.298,45.87,6.834,11.134,-6.282,0,unknown,0.29,0.2125,0.3,0.2707,0,0,0,0,0,0
C:/PropScore_AI/data/raw_videos/ravdess/Actor_08/03-01-05-01-02-02-08.wav,cold,Dogs are sitting by the door.,positive,angry,50.0,1195.4,0.00874,1.681,-573.95,43.834,6.237,11.023,-8.403,0,unknown,0.29,0.2205,0.3,0.2732,0,0,0,0,0,0
C:/PropScore_AI/data/raw_videos/ravdess/Actor_08/03-01-05-02-01-01-08.wav,cold,Kids are talking by the door.,positive,angry,100.0,1574.745,0.02279,1.511,-458.95,39.817,-15.924,2.647,-21.08,0,unknown,0.49,0.2878,0.3,0.3533,0,0,0,0,0,0
C:/PropScore_AI/data/raw_videos/ravdess/Actor_08/03-01-05-02-01-02-08.wav,cold,Kids are talking by the door!,positive,angry,100.0,1755.621,0.05148,1.591,-367.541,21.345,-19.072,4.839,-20.735,0,unknown,0.49,0.468,0.3,0.4074,0,0,0,0,0,0
C:/PropScore_AI/data/raw_videos/ravdess/Actor_08/03-01-05-02-02-01-08.wav,cold,Dogs are sitting by the door.,positive,angry,100.0,1215.519,0.02197,1.665,-481.789,28.09,-7.811,2.595,-16.357,0,unknown,0.49,0.2983,0.3,0.3565,0,0,0,0,0,0
C:/PropScore_AI/data/raw_videos/ravdess/Actor_08/03-01-05-02-02-02-08.wav,cold,Dogs are sitting by the door.,positive,angry,100.0,1532.863,0.02396,1.65,-466.363,31.543,-9.433,7.415,-18.143,0,unknown,0.49,0.3088,0.3,0.3596,0,0,0,0,0,0
C:/PropScore_AI/data/raw_videos/ravdess/Actor_08/03-01-06-01-01-01-08.wav,cold,Kids are talking by the door.,positive,fear,50.0,1836.873,0.00898,1.511,-519.416,37.853,-25.011,13.101,-10.596,0,unknown,0.38,0.205,0.3,0.2955,0,0,0,0,0,0
C:/PropScore_AI/data/raw_videos/ravdess/Actor_08/03-01-06-01-01-02-08.wav,cold,Kids are talking by the door.,positive,fear,50.0,1809.128,0.01019,1.635,-533.49,51.634,-17.309,17.153,-5.17,0,unknown,0.38,0.2246,0.3,0.3014,0,0,0,0,0,0
C:/PropScore_AI/data/raw_videos/ravdess/Actor_08/03-01-06-01-02-01-08.wav,cold,Dogs are sitting by the door.,positive,fear,50.0,1643.011,0.0106,1.591,-515.575,48.665,-23.312,7.388,-5.952,0,unknown,0.38,0.2227,0.3,0.3008,0,0,0,0,0,0
C:/PropScore_AI/data/raw_videos/ravdess/Actor_08/03-01-06-01-02-02-08.wav,cold,Dogs are sitting by the door.,positive,fear,50.0,1520.312,0.00832,1.635,-561.767,43.435,-13.388,12.521,-5.554,0,unknown,0.38,0.2134,0.3,0.298,0,0,0,0,0,0
C:/PropScore_AI/data/raw_videos/ravdess/Actor_08/03-01-06-02-01-01-08.wav,cold,Kids are talking by the door!,positive,fear,100.0,1983.371,0.02392,1.511,-436.618,15.582,-19.055,10.053,-13.643,0,unknown,0.58,0.2946,0.3,0.3824,0,0,0,0,0,0
C:/PropScore_AI/data/raw_videos/ravdess/Actor_08/03-01-06-02-01-02-08.wav,cold,Kids are talking by the door!,positive,fear,100.0,1918.516,0.02705,1.537,-440.264,15.446,-23.167,10.631,-17.643,0,unknown,0.58,0.316,0.3,0.3888,0,0,0,0,0,0
C:/PropScore_AI/data/raw_videos/ravdess/Actor_08/03-01-06-02-02-01-08.wav,cold,Dogs are sitting by the door!,positive,fear,100.0,1413.834,0.02468,1.55,-455.087,20.305,-19.959,0.184,-13.778,0,unknown,0.58,0.3031,0.3,0.3849,0,0,0,0,0,0
C:/PropScore_AI/data/raw_videos/ravdess/Actor_08/03-01-06-02-02-02-08.wav,cold,Dogs are sitting by the door!,positive,fear,100.0,1846.298,0.03171,1.524,-442.252,18.962,-18.608,6.773,-14.493,0,unknown,0.58,0.3427,0.3,0.3968,0,0,0,0,0,0
C:/PropScore_AI/data/raw_videos/ravdess/Actor_08/03-01-07-01-01-01-08.wav,cold,Kids are talking by the door.,positive,disgust,50.0,1543.58,0.00254,1.537,-665.349,60.863,10.587,17.066,2.226,0,unknown,0.26,0.1689,0.3,0.2487,0,0,0,0,0,0
C:/PropScore_AI/data/raw_videos/ravdess/Actor_08/03-01-07-01-01-02-08.wav,cold,Kids are talking by the door.,positive,disgust,50.0,1469.215,0.00213,1.635,-667.248,69.398,7.269,15.23,-0.113,0,unknown,0.26,0.1763,0.3,0.2509,0,0,0,0,0,0
C:/PropScore_AI/data/raw_videos/ravdess/Actor_08/03-01-07-01-02-01-08.wav,cold,Dogs are sitting by the door.,positive,disgust,50.0,1164.83,0.00292,1.524,-656.731,59.883,13.013,13.411,2.503,0,unknown,0.26,0.1699,0.3,0.249,0,0,0,0,0,0
C:/PropScore_AI/data/raw_videos/ravdess/Actor_08/03-01-07-01-02-02-08.wav,cold,Dogs are sitting by the door.,positive,disgust,50.0,1024.076,0.00291,1.564,-674.628,54.464,11.591,15.861,2.656,0,unknown,0.26,0.1739,0.3,0.2502,0,0,0,0,0,0
C:/PropScore_AI/data/raw_videos/ravdess/Actor_08/03-01-07-02-01-01-08.wav,cold,Kids are talking by the door.,positive,disgust,100.0,1709.308,0.00446,1.474,-595.923,48.292,2.351,13.525,-3.287,0,unknown,0.46,0.1742,0.3,0.3103,0,0,0,0,0,0
C:/PropScore_AI/data/raw_videos/ravdess/Actor_08/03-01-07-02-01-02-08.wav,cold,Kids are talking by the door.,positive,disgust,100.0,1323.624,0.00313,1.591,-628.692,67.82,3.243,16.533,-4.573,0,unknown,0.46,0.1779,0.3,0.3114,0,0,0,0,0,0
C:/PropScore_AI/data/raw_videos/ravdess/Actor_08/03-01-07-02-02-01-08.wav,cold,Dogs are sitting by the door.,positive,disgust,100.0,1033.006,0.00358,1.606,-647.314,54.289,10.41,16.026,-0.969,0,unknown,0.46,0.1821,0.3,0.3126,0,0,0,0,0,0
C:/PropScore_AI/data/raw_videos/ravdess/Actor_08/03-01-07-02-02-02-08.wav,cold,Dogs are sitting by the door.,positive,disgust,100.0,944.834,0.00494,1.55,-616.464,46.681,8.183,12.959,-3.304,0,unknown,0.46,0.1846,0.3,0.3134,0,0,0,0,0,0
C:/PropScore_AI/data/raw_videos/ravdess/Actor_08/03-01-08-01-01-01-08.wav,hot,Kids are talking by the door.,positive,surprise,50.0,1524.498,0.00378,1.62,-605.009,47.617,-0.393,13.777,0.575,0,unknown,0.68,0.1847,0.75,0.5594,0,0,0,0,0,0
C:/PropScore_AI/data/raw_videos/ravdess/Actor_08/03-01-08-01-01-02-08.wav,hot,Kids are talking by the door.,positive,surprise,50.0,1446.706,0.00453,1.577,-599.159,46.924,-2.81,10.725,-4.349,0,unknown,0.68,0.1849,0.75,0.5595,0,0,0,0,0,0
C:/PropScore_AI/data/raw_videos/ravdess/Actor_08/03-01-08-01-02-01-08.wav,hot,Dogs are sitting by the door.,positive,surprise,50.0,1161.677,0.00659,1.591,-579.469,45.125,-1.939,9.981,-1.704,0,unknown,0.68,0.1986,0.75,0.5636,0,0,0,0,0,0
C:/PropScore_AI/data/raw_videos/ravdess/Actor_08/03-01-08-01-02-02-08.wav,hot,Dogs are sitting by the door.,positive,surprise,50.0,989.232,0.00511,1.696,-613.027,50.52,5.372,13.051,-3.434,0,unknown,0.68,0.2003,0.75,0.5641,0,0,0,0,0,0
C:/PropScore_AI/data/raw_videos/ravdess/Actor_08/03-01-08-02-01-01-08.wav,hot,Kids are talking by the door!,positive,surprise,100.0,1658.646,0.00704,1.564,-540.232,41.965,-9.658,9.797,-6.541,0,unknown,0.88,0.1986,0.75,0.6236,0,0,0,0,0,0
C:/PropScore_AI/data/raw_videos/ravdess/Actor_08/03-01-08-02-01-02-08.wav,hot,Kids are talking by the door.,positive,surprise,100.0,1579.054,0.00798,1.62,-536.073,44.702,-7.384,7.603,-8.064,0,unknown,0.88,0.2099,0.75,0.627,0,0,0,0,0,0
C:/PropScore_AI/data/raw_videos/ravdess/Actor_08/03-01-08-02-02-01-08.wav,hot,Dogs are sitting by the door.,positive,surprise,100.0,1215.248,0.00977,1.577,-562.976,42.011,-6.531,2.8,-9.016,0,unknown,0.88,0.2163,0.75,0.6289,0,0,0,0,0,0
C:/PropScore_AI/data/raw_videos/ravdess/Actor_08/03-01-08-02-02-02-08.wav,hot,Dogs are sitting by the door.,positive,surprise,100.0,1026.264,0.00922,1.55,-554.658,40.52,-2.389,5.374,-5.055,0,unknown,0.88,0.2103,0.75,0.6271,0,0,0,0,0,0
C:/PropScore_AI/data/raw_videos/ravdess/Actor_09/03-01-01-01-01-01-09.wav,warm,Kids are talking by the door.,positive,neutral,50.0,692.675,0.00138,1.835,-720.911,88.97,21.239,35.836,14.343,0,unknown,0.5,0.1918,0.45,0.3875,0,0,0,0,0,0
C:/PropScore_AI/data/raw_videos/ravdess/Actor_09/03-01-01-01-01-02-09.wav,warm,Kids are talking by the door.,positive,neutral,50.0,1527.696,0.00095,1.873,-762.892,75.229,11.421,24.627,6.074,0,unknown,0.5,0.193,0.45,0.3879,0,0,0,0,0,0
C:/PropScore_AI/data/raw_videos/ravdess/Actor_09/03-01-01-01-02-01-09.wav,warm,Dogs are sitting by the door.,positive,neutral,50.0,1709.363,0.001,1.798,-754.194,64.93,14.558,22.765,7.489,0,unknown,0.5,0.1858,0.45,0.3857,0,0,0,0,0,0
C:/PropScore_AI/data/raw_videos/ravdess/Actor_09/03-01-01-01-02-02-09.wav,warm,Dogs are sitting by the door.,positive,neutral,50.0,1639.575,0.0011,1.854,-750.426,68.522,11.611,23.507,4.494,0,unknown,0.5,0.192,0.45,0.3876,0,0,0,0,0,0
C:/PropScore_AI/data/raw_videos/ravdess/Actor_09/03-01-02-01-01-01-09.wav,warm,Kids are talking by the door.,positive,calm,50.0,1585.225,0.00095,1.798,-749.64,68.479,12.474,23.595,11.62,0,unknown,0.56,0.1855,0.45,0.4037,0,0,0,0,0,0
C:/PropScore_AI/data/raw_videos/ravdess/Actor_09/03-01-02-01-01-02-09.wav,warm,Kids who are talking about the door.,positive,calm,50.0,1799.389,0.0011,2.098,-697.858,56.609,4.63,32.746,5.513,0,unknown,0.56,0.2164,0.45,0.4129,0,0,0,0,0,0
C:/PropScore_AI/data/raw_videos/ravdess/Actor_09/03-01-02-01-02-01-09.wav,warm,Dogs are sitting by the door.,positive,calm,50.0,1733.09,0.00175,1.729,-662.082,61.035,9.09,22.897,-0.798,0,unknown,0.56,0.1834,0.45,0.403,0,0,0,0,0,0
C:/PropScore_AI/data/raw_videos/ravdess/Actor_09/03-01-02-01-02-02-09.wav,warm,Dogs are sitting by the door.,positive,calm,50.0,1349.328,0.00111,1.681,-736.25,67.179,16.618,25.031,11.512,0,unknown,0.56,0.1748,0.45,0.4004,0,0,0,0,0,0
C:/PropScore_AI/data/raw_videos/ravdess/Actor_09/03-01-02-02-01-01-09.wav,warm,Kids who talk and buy the door.,positive,calm,100.0,1741.892,0.00053,2.098,-793.622,64.043,20.304,25.469,11.797,0,unknown,0.76,0.213,0.45,0.4719,0,0,0,0,0,0
C:/PropScore_AI/data/raw_videos/ravdess/Actor_09/03-01-02-02-01-02-09.wav,warm,"Okay, the kids are talking about the door.",neutral,calm,100.0,834.124,0.00072,2.328,-764.035,76.85,25.895,34.847,15.752,0,unknown,0.76,0.2371,0.45,0.4791,0,0,0,0,0,0
C:/PropScore_AI/data/raw_videos/ravdess/Actor_09/03-01-02-02-02-01-09.wav,warm,Dogs are sitting by the door.,positive,calm,100.0,1346.447,0.00142,1.577,-686.708,76.519,16.408,32.192,8.61,0,unknown,0.76,0.1662,0.45,0.4579,0,0,0,0,0,0
C:/PropScore_AI/data/raw_videos/ravdess/Actor_09/03-01-02-02-02-02-09.wav,warm,Dogs are sitting by the door.,positive,calm,100.0,1441.32,0.00129,1.65,-739.869,69.64,14.78,21.002,9.071,0,unknown,0.76,0.1727,0.45,0.4598,0,0,0,0,0,0
C:/PropScore_AI/data/raw_videos/ravdess/Actor_09/03-01-03-01-01-01-09.wav,hot,Kids are talking by the door.,positive,happy,50.0,1381.576,0.0018,1.798,-679.03,93.454,5.795,24.705,14.279,0,unknown,0.8,0.1906,0.75,0.5972,0,0,0,0,0,0
C:/PropScore_AI/data/raw_videos/ravdess/Actor_09/03-01-03-01-01-02-09.wav,hot,Kids are talking by the door.,positive,happy,50.0,1179.352,0.00292,1.696,-653.188,74.246,-2.91,24.598,10.043,0,unknown,0.8,0.1871,0.75,0.5961,0,0,0,0,0,0
C:/PropScore_AI/data/raw_videos/ravdess/Actor_09/03-01-03-01-02-01-09.wav,hot,Dogs are sitting by the door.,positive,happy,50.0,1562.169,0.00205,1.816,-693.909,64.897,2.457,20.361,11.436,0,unknown,0.8,0.1939,0.75,0.5982,0,0,0,0,0,0
C:/PropScore_AI/data/raw_videos/ravdess/Actor_09/03-01-03-01-02-02-09.wav,hot,Dogs are sitting by the door.,positive,happy,50.0,1550.291,0.00339,1.729,-635.043,59.446,-6.786,20.09,5.759,0,unknown,0.8,0.1932,0.75,0.598,0,0,0,0,0,0
C:/PropScore_AI/data/raw_videos/ravdess/Actor_09/03-01-03-02-01-01-09.wav,hot,Kids are talking by the door!,positive,happy,100.0,1552.039,0.0202,1.591,-464.167,50.228,-21.984,10.099,-2.574,0,unknown,1.0,0.2803,0.75,0.6841,0,0,0,0,0,0
C:/PropScore_AI/data/raw_videos/ravdess/Actor_09/03-01-03-02-01-02-09.wav,hot,Kids are talking by the door!,positive,happy,100.0,1358.011,0.01612,1.439,-458.461,74.213,-24.725,13.897,-3.652,0,unknown,1.0,0.2406,0.75,0.6722,0,0,0,0,0,0
C:/PropScore_AI/data/raw_videos/ravdess/Actor_09/03-01-03-02-02-01-09.wav,hot,Dogs are sitting by the door!,positive,happy,100.0,1478.334,0.0225,1.681,-453.378,33.012,-16.687,10.551,1.036,0,unknown,1.0,0.3031,0.75,0.6909,0,0,0,0,0,0
C:/PropScore_AI/data/raw_videos/ravdess/Actor_09/03-01-03-02-02-02-09.wav,hot,Dogs are sitting by the door.,positive,happy,100.0,1391.009,0.0155,1.681,-487.765,54.529,-13.301,11.996,2.718,0,unknown,1.0,0.2611,0.75,0.6783,0,0,0,0,0,0
C:/PropScore_AI/data/raw_videos/ravdess/Actor_09/03-01-04-01-01-01-09.wav,cold,Kids are talking by the door.,positive,sad,50.0,1380.159,0.00037,1.835,-792.028,71.975,11.195,30.198,14.21,0,unknown,0.32,0.1857,0.3,0.2717,0,0,0,0,0,0
C:/PropScore_AI/data/raw_videos/ravdess/Actor_09/03-01-04-01-01-02-09.wav,cold,Kids are talking about it.,positive,sad,50.0,1695.744,0.00036,1.455,-809.658,53.751,10.551,20.041,10.362,0,unknown,0.32,0.1477,0.3,0.2603,0,0,0,0,0,0
C:/PropScore_AI/data/raw_videos/ravdess/Actor_09/03-01-04-01-02-01-09.wav,cold,Dogs are sitting by the door.,positive,sad,50.0,1676.521,0.00059,1.763,-783.646,52.231,13.699,18.566,10.774,0,unknown,0.32,0.1798,0.3,0.2699,0,0,0,0,0,0
C:/PropScore_AI/data/raw_videos/ravdess/Actor_09/03-01-04-01-02-02-09.wav,cold,The dogs are sitting by the door.,positive,sad,50.0,1665.49,0.00042,2.057,-806.904,65.695,22.666,26.959,14.208,0,unknown,0.32,0.2082,0.3,0.2785,0,0,0,0,0,0
C:/PropScore_AI/data/raw_videos/ravdess/Actor_09/03-01-04-02-01-01-09.wav,cold,Kids are talking by the door.,positive,sad,100.0,1435.849,0.00107,1.524,-691.831,78.754,4.971,29.045,11.377,0,unknown,0.52,0.1588,0.3,0.3236,0,0,0,0,0,0
C:/PropScore_AI/data/raw_videos/ravdess/Actor_09/03-01-04-02-01-02-09.wav,cold,He's talkin Fathtitmo,positive,sad,100.0,1527.89,0.00104,0.768,-671.782,67.235,1.51,30.692,13.411,0,unknown,0.52,0.083,0.3,0.3009,0,0,0,0,0,0
C:/PropScore_AI/data/raw_videos/ravdess/Actor_09/03-01-04-02-02-01-09.wav,cold,Talks are sitting by the door.,positive,sad,100.0,1480.356,0.00141,1.65,-692.679,66.072,4.07,26.048,11.349,0,unknown,0.52,0.1735,0.3,0.328,0,0,0,0,0,0
C:/PropScore_AI/data/raw_videos/ravdess/Actor_09/03-01-04-02-02-02-09.wav,cold,Dogs are sitting by the door.,positive,sad,100.0,1248.675,0.00144,1.55,-682.053,77.548,10.157,33.232,12.658,0,unknown,0.52,0.1636,0.3,0.3251,0,0,0,0,0,0
C:/PropScore_AI/data/raw_videos/ravdess/Actor_09/03-01-05-01-01-01-09.wav,cold,Kids are talking by the door.,positive,angry,50.0,1788.246,0.00139,1.681,-699.904,66.948,-0.737,28.376,11.792,0,unknown,0.29,0.1764,0.3,0.2599,0,0,0,0,0,0
C:/PropScore_AI/data/raw_videos/ravdess/Actor_09/03-01-05-01-01-02-09.wav,cold,Kids are talking by the door.,positive,angry,50.0,1707.115,0.00209,1.681,-657.931,61.962,-1.13,25.685,13.442,0,unknown,0.29,0.1806,0.3,0.2612,0,0,0,0,0,0
C:/PropScore_AI/data/raw_videos/ravdess/Actor_09/03-01-05-01-02-01-09.wav,cold,Dogs are sitting by the door.,positive,angry,50.0,1352.255,0.00596,1.606,-572.564,51.859,-11.882,22.329,7.8,0,unknown,0.29,0.1964,0.3,0.2659,0,0,0,0,0,0
C:/PropScore_AI/data/raw_videos/ravdess/Actor_09/03-01-05-01-02-02-09.wav,cold,Dogs are sitting by the door.,positive,angry,50.0,1755.636,0.00399,1.696,-624.91,59.353,-4.985,25.319,10.587,0,unknown,0.29,0.1935,0.3,0.2651,0,0,0,0,0,0
C:/PropScore_AI/data/raw_videos/ravdess/Actor_09/03-01-05-02-01-01-09.wav,cold,Kids are talking by the door!,positive,angry,100.0,1696.429,0.06096,1.577,-345.658,41.814,-20.441,9.59,-6.129,0,unknown,0.49,0.5235,0.3,0.4241,0,0,0,0,0,0
C:/PropScore_AI/data/raw_videos/ravdess/Actor_09/03-01-05-02-01-02-09.wav,cold,Kids are talking by the door!,positive,angry,100.0,1737.931,0.04746,1.591,-361.295,44.08,-23.287,9.585,-7.481,0,unknown,0.49,0.4439,0.3,0.4002,0,0,0,0,0,0
C:/PropScore_AI/data/raw_videos/ravdess/Actor_09/03-01-05-02-02-01-09.wav,cold,Dogs are sitting by the door!,positive,angry,100.0,1476.563,0.06453,1.373,-336.668,39.851,-19.984,5.374,-9.43,0,unknown,0.49,0.5245,0.3,0.4244,0,0,0,0,0,0
C:/PropScore_AI/data/raw_videos/ravdess/Actor_09/03-01-05-02-02-02-09.wav,cold,Dogs are sitting by the door!,positive,angry,100.0,1531.379,0.05937,1.511,-336.399,38.162,-22.705,3.211,-10.395,0,unknown,0.49,0.5073,0.3,0.4192,0,0,0,0,0,0
C:/PropScore_AI/data/raw_videos/ravdess/Actor_09/03-01-06-01-01-01-09.wav,cold,The kids are talking by the door.,neutral,fear,50.0,1748.747,0.00052,2.208,-790.849,55.302,8.795,23.774,9.023,0,unknown,0.38,0.2239,0.3,0.3012,0,0,0,0,0,0
C:/PropScore_AI/data/raw_videos/ravdess/Actor_09/03-01-06-01-01-02-09.wav,cold,Kids are talking about the door.,positive,fear,50.0,1616.344,0.00071,1.893,-758.606,54.373,10.336,25.896,8.413,0,unknown,0.38,0.1936,0.3,0.2921,0,0,0,0,0,0
C:/PropScore_AI/data/raw_videos/ravdess/Actor_09/03-01-06-01-02-01-09.wav,cold,Dogs are sitting by the door.,positive,fear,50.0,1118.5,0.00079,1.913,-757.84,60.251,16.964,25.338,12.327,0,unknown,0.38,0.196,0.3,0.2928,0,0,0,0,0,0
C:/PropScore_AI/data/raw_videos/ravdess/Actor_09/03-01-06-01-02-02-09.wav,cold,Thanks for sitting by the door.,positive,fear,50.0,1693.718,0.0007,1.913,-784.265,52.406,16.164,24.122,5.244,0,unknown,0.38,0.1955,0.3,0.2926,0,0,0,0,0,0
C:/PropScore_AI/data/raw_videos/ravdess/Actor_09/03-01-06-02-01-01-09.wav,cold,Kids are talking by the door.,positive,fear,100.0,1349.047,0.0037,1.854,-569.733,67.288,-3.654,30.291,7.601,0,unknown,0.58,0.2076,0.3,0.3563,0,0,0,0,0,0
C:/PropScore_AI/data/raw_videos/ravdess/Actor_09/03-01-06-02-01-02-09.wav,cold,The kids are talking about a door.,positive,fear,100.0,1675.006,0.00153,2.141,-680.449,51.308,4.478,28.891,8.86,0,unknown,0.58,0.2233,0.3,0.361,0,0,0,0,0,0
C:/PropScore_AI/data/raw_videos/ravdess/Actor_09/03-01-06-02-02-01-09.wav,cold,Dogs are sitting by the door.,positive,fear,100.0,1545.049,0.00798,1.854,-554.347,46.988,-0.837,16.363,2.272,0,unknown,0.58,0.2333,0.3,0.364,0,0,0,0,0,0
C:/PropScore_AI/data/raw_videos/ravdess/Actor_09/03-01-06-02-02-02-09.wav,cold,Don't you sitting by the door?,neutral,fear,100.0,1334.719,0.01044,1.854,-518.344,54.866,-3.802,16.85,3.842,0,unknown,0.58,0.248,0.3,0.3684,0,0,0,0,0,0
C:/PropScore_AI/data/raw_videos/ravdess/Actor_09/03-01-07-01-01-01-09.wav,cold,Kids are talking by the door.,positive,disgust,50.0,1615.394,0.00088,1.763,-708.644,75.703,-7.181,24.315,3.324,0,unknown,0.26,0.1816,0.3,0.2525,0,0,0,0,0,0
C:/PropScore_AI/data/raw_videos/ravdess/Actor_09/03-01-07-01-01-02-09.wav,cold,Kids are talking by the door.,positive,disgust,50.0,1686.458,0.00088,1.713,-713.084,69.576,-8.103,26.964,1.511,0,unknown,0.26,0.1766,0.3,0.251,0,0,0,0,0,0
C:/PropScore_AI/data/raw_videos/ravdess/Actor_09/03-01-07-01-02-01-09.wav,cold,Darks are sitting by the door.,neutral,disgust,50.0,1770.448,0.00093,1.729,-744.958,63.118,7.477,25.831,3.842,0,unknown,0.26,0.1785,0.3,0.2515,0,0,0,0,0,0
C:/PropScore_AI/data/raw_videos/ravdess/Actor_09/03-01-07-01-02-02-09.wav,cold,The dogs are sitting by the door.,positive,disgust,50.0,1675.928,0.0014,2.057,-665.194,63.951,0.583,31.456,2.54,0,unknown,0.26,0.2141,0.3,0.2622,0,0,0,0,0,0
C:/PropScore_AI/data/raw_videos/ravdess/Actor_09/03-01-07-02-01-01-09.wav,cold,Kids are talking by the door.,positive,disgust,100.0,1714.42,0.00156,1.65,-686.878,69.497,-1.564,22.444,-1.662,0,unknown,0.46,0.1744,0.3,0.3103,0,0,0,0,0,0
C:/PropScore_AI/data/raw_videos/ravdess/Actor_09/03-01-07-02-01-02-09.wav,cold,Kids are talking by the door.,positive,disgust,100.0,1682.958,0.00181,1.696,-640.994,67.22,-0.845,26.496,-0.364,0,unknown,0.46,0.1805,0.3,0.3122,0,0,0,0,0,0
C:/PropScore_AI/data/raw_videos/ravdess/Actor_09/03-01-07-02-02-01-09.wav,cold,Dogs are sitting by the door.,positive,disgust,100.0,1632.482,0.00274,1.681,-631.326,63.437,-5.384,25.559,0.172,0,unknown,0.46,0.1845,0.3,0.3134,0,0,0,0,0,0
C:/PropScore_AI/data/raw_videos/ravdess/Actor_09/03-01-07-02-02-02-09.wav,cold,The guards are sitting by the door.,neutral,disgust,100.0,1575.59,0.0029,1.942,-617.547,76.567,-11.087,22.674,0.881,0,unknown,0.46,0.2116,0.3,0.3215,0,0,0,0,0,0
C:/PropScore_AI/data/raw_videos/ravdess/Actor_09/03-01-08-01-01-01-09.wav,hot,Kids are talking by the door.,positive,surprise,50.0,749.091,0.00093,1.955,-749.409,77.093,14.12,27.029,13.235,0,unknown,0.68,0.2011,0.75,0.5643,0,0,0,0,0,0
C:/PropScore_AI/data/raw_videos/ravdess/Actor_09/03-01-08-01-01-02-09.wav,hot,Kids are talking by the door.,positive,surprise,50.0,1698.423,0.00098,1.798,-751.177,68.833,4.817,24.931,5.001,0,unknown,0.68,0.1857,0.75,0.5597,0,0,0,0,0,0
C:/PropScore_AI/data/raw_videos/ravdess/Actor_09/03-01-08-01-02-01-09.wav,hot,Dogs are sitting by the door.,positive,surprise,50.0,1203.609,0.00145,1.746,-713.663,77.057,13.013,30.437,9.634,0,unknown,0.68,0.1833,0.75,0.559,0,0,0,0,0,0
C:/PropScore_AI/data/raw_videos/ravdess/Actor_09/03-01-08-01-02-02-09.wav,hot,Dogs are sitting by the door.,positive,surprise,50.0,1683.958,0.00137,1.746,-734.018,69.797,3.971,22.219,3.734,0,unknown,0.68,0.1828,0.75,0.5588,0,0,0,0,0,0
C:/PropScore_AI/data/raw_videos/ravdess/Actor_09/03-01-08-02-01-01-09.wav,hot,Kids are talking by the door.,positive,surprise,100.0,1332.954,0.0028,1.816,-630.361,51.058,2.716,18.205,-0.031,0,unknown,0.88,0.1984,0.75,0.6235,0,0,0,0,0,0
C:/PropScore_AI/data/raw_videos/ravdess/Actor_09/03-01-08-02-01-02-09.wav,hot,Kids are talking by the door.,positive,surprise,100.0,1319.144,0.00191,1.835,-689.301,75.116,12.343,30.542,7.458,0,unknown,0.88,0.195,0.75,0.6225,0,0,0,0,0,0
C:/PropScore_AI/data/raw_videos/ravdess/Actor_09/03-01-08-02-02-01-09.wav,hot,Dogs are sitting by the door.,positive,surprise,100.0,1067.48,0.00178,1.763,-716.218,64.068,12.546,20.746,5.772,0,unknown,0.88,0.187,0.75,0.6201,0,0,0,0,0,0
C:/PropScore_AI/data/raw_videos/ravdess/Actor_09/03-01-08-02-02-02-09.wav,hot,Dogs are sitting by the door.,positive,surprise,100.0,1642.542,0.00202,1.746,-702.988,63.137,7.199,25.43,3.174,0,unknown,0.88,0.1867,0.75,0.62,0,0,0,0,0,0
C:/PropScore_AI/data/raw_videos/ravdess/Actor_10/03-01-01-01-01-01-10.wav,warm,Kids are talking by the door.,positive,neutral,50.0,1392.56,0.00986,1.696,-558.435,46.697,-3.266,6.855,0.487,0,unknown,0.5,0.2288,0.45,0.3986,0,0,0,0,0,0
C:/PropScore_AI/data/raw_videos/ravdess/Actor_10/03-01-01-01-01-02-10.wav,warm,Kids are talking by the door.,positive,neutral,50.0,1803.981,0.00796,1.564,-535.169,51.382,0.635,8.73,-7.67,0,unknown,0.5,0.2042,0.45,0.3913,0,0,0,0,0,0
C:/PropScore_AI/data/raw_videos/ravdess/Actor_10/03-01-01-01-02-01-10.wav,warm,Dogs are sitting by the door.,positive,neutral,50.0,1527.115,0.01186,1.606,-533.095,47.828,-5.969,7.371,-2.521,0,unknown,0.5,0.2318,0.45,0.3995,0,0,0,0,0,0
C:/PropScore_AI/data/raw_videos/ravdess/Actor_10/03-01-01-01-02-02-10.wav,warm,Dogs are sitting by the door.,positive,neutral,50.0,1738.494,0.00807,1.635,-586.972,48.031,9.613,12.852,1.214,0,unknown,0.5,0.2119,0.45,0.3936,0,0,0,0,0,0
C:/PropScore_AI/data/raw_videos/ravdess/Actor_10/03-01-02-01-01-01-10.wav,warm,Kids are talking by the door.,positive,calm,50.0,2016.955,0.00825,1.681,-517.678,49.066,-9.159,18.166,-14.888,0,unknown,0.56,0.2176,0.45,0.4133,0,0,0,0,0,0
C:/PropScore_AI/data/raw_videos/ravdess/Actor_10/03-01-02-01-01-02-10.wav,warm,Kids are talking by the door.,positive,calm,50.0,1799.762,0.00765,1.665,-559.822,51.168,-5.204,13.989,-3.496,0,unknown,0.56,0.2124,0.45,0.4117,0,0,0,0,0,0
C:/PropScore_AI/data/raw_videos/ravdess/Actor_10/03-01-02-01-02-01-10.wav,warm,Dogs are sitting by the door.,positive,calm,50.0,2079.657,0.01039,1.65,-524.638,39.492,-5.205,13.211,-12.666,0,unknown,0.56,0.2273,0.45,0.4162,0,0,0,0,0,0
C:/PropScore_AI/data/raw_videos/ravdess/Actor_10/03-01-02-01-02-02-10.wav,warm,Dogs are sitting by the door.,positive,calm,50.0,1965.171,0.01109,1.62,-528.796,46.874,-3.779,11.862,-11.084,0,unknown,0.56,0.2285,0.45,0.4166,0,0,0,0,0,0
C:/PropScore_AI/data/raw_videos/ravdess/Actor_10/03-01-02-02-01-01-10.wav,warm,Kids are talking by the door.,positive,calm,100.0,1657.491,0.00833,1.606,-544.737,51.638,-11.711,12.566,-2.444,0,unknown,0.76,0.2106,0.45,0.4712,0,0,0,0,0,0
C:/PropScore_AI/data/raw_videos/ravdess/Actor_10/03-01-02-02-01-02-10.wav,warm,Kids are talking by the door.,positive,calm,100.0,1457.908,0.01068,1.606,-545.759,53.954,-8.809,5.023,-2.468,0,unknown,0.76,0.2247,0.45,0.4754,0,0,0,0,0,0
C:/PropScore_AI/data/raw_videos/ravdess/Actor_10/03-01-02-02-02-01-10.wav,warm,Dogs are sitting by the door.,positive,calm,100.0,1774.058,0.00967,1.577,-558.11,52.296,-4.274,14.934,-7.084,0,unknown,0.76,0.2157,0.45,0.4727,0,0,0,0,0,0
C:/PropScore_AI/data/raw_videos/ravdess/Actor_10/03-01-02-02-02-02-10.wav,warm,Dogs are sitting by the door.,positive,calm,100.0,1053.298,0.00623,1.564,-598.195,58.059,3.305,12.597,1.214,0,unknown,0.76,0.1938,0.45,0.4661,0,0,0,0,0,0
C:/PropScore_AI/data/raw_videos/ravdess/Actor_10/03-01-03-01-01-01-10.wav,hot,Kids are talking by the door.,positive,happy,50.0,1393.254,0.01609,1.713,-491.676,40.504,-16.959,9.238,-5.511,0,unknown,0.8,0.2678,0.75,0.6203,0,0,0,0,0,0
C:/PropScore_AI/data/raw_videos/ravdess/Actor_10/03-01-03-01-01-02-10.wav,hot,Kids are talking by the door.,positive,happy,50.0,1547.974,0.01778,1.729,-484.409,40.625,-13.72,8.295,-6.284,0,unknown,0.8,0.2796,0.75,0.6239,0,0,0,0,0,0
C:/PropScore_AI/data/raw_videos/ravdess/Actor_10/03-01-03-01-02-01-10.wav,hot,Dogs are sitting by the door.,positive,happy,50.0,1912.523,0.01616,1.816,-501.027,33.402,-22.031,10.147,-8.951,0,unknown,0.8,0.2786,0.75,0.6236,0,0,0,0,0,0
C:/PropScore_AI/data/raw_videos/ravdess/Actor_10/03-01-03-01-02-02-10.wav,hot,Dogs are sitting by the door.,positive,happy,50.0,1858.242,0.01772,1.798,-498.919,46.717,-13.503,8.295,-13.918,0,unknown,0.8,0.2861,0.75,0.6258,0,0,0,0,0,0
C:/PropScore_AI/data/raw_videos/ravdess/Actor_10/03-01-03-02-01-01-10.wav,hot,Kids are talking by the door!,positive,happy,100.0,1964.266,0.06255,1.564,-358.415,28.468,-35.341,6.244,-19.031,0,unknown,1.0,0.5317,0.75,0.7595,0,0,0,0,0,0
C:/PropScore_AI/data/raw_videos/ravdess/Actor_10/03-01-03-02-01-02-10.wav,hot,Kids are talking by the door!,positive,happy,100.0,1890.232,0.05679,1.713,-379.047,25.601,-29.925,6.666,-11.543,0,unknown,1.0,0.512,0.75,0.7536,0,0,0,0,0,0
C:/PropScore_AI/data/raw_videos/ravdess/Actor_10/03-01-03-02-02-01-10.wav,hot,Dogs are sitting by the door!,positive,happy,100.0,1940.786,0.07365,1.606,-341.592,15.606,-25.815,2.2,-15.232,0,unknown,1.0,0.6025,0.75,0.7808,0,0,0,0,0,0
C:/PropScore_AI/data/raw_videos/ravdess/Actor_10/03-01-03-02-02-02-10.wav,hot,Dogs are sitting by the door!,positive,happy,100.0,1875.205,0.06297,1.511,-351.817,19.592,-34.452,6.954,-15.032,0,unknown,1.0,0.5289,0.75,0.7587,0,0,0,0,0,0
C:/PropScore_AI/data/raw_videos/ravdess/Actor_10/03-01-04-01-01-01-10.wav,cold,Kids are talking by the door.,positive,sad,50.0,1645.275,0.0052,1.816,-619.252,55.022,0.637,19.672,-2.242,0,unknown,0.32,0.2128,0.3,0.2798,0,0,0,0,0,0
C:/PropScore_AI/data/raw_videos/ravdess/Actor_10/03-01-04-01-01-02-10.wav,cold,Kids are talking by the door.,positive,sad,50.0,1556.222,0.00434,1.729,-586.871,59.107,-1.454,11.909,-2.297,0,unknown,0.32,0.1989,0.3,0.2757,0,0,0,0,0,0
C:/PropScore_AI/data/raw_videos/ravdess/Actor_10/03-01-04-01-02-01-10.wav,cold,Dogs are sitting by the door.,positive,sad,50.0,1468.911,0.0056,1.696,-605.098,64.315,8.522,17.332,-1.666,0,unknown,0.32,0.2032,0.3,0.277,0,0,0,0,0,0
C:/PropScore_AI/data/raw_videos/ravdess/Actor_10/03-01-04-01-02-02-10.wav,cold,Dogs are sitting by the door.,positive,sad,50.0,1143.418,0.00458,1.577,-606.541,68.408,8.9,8.308,-0.072,0,unknown,0.32,0.1852,0.3,0.2716,0,0,0,0,0,0
C:/PropScore_AI/data/raw_videos/ravdess/Actor_10/03-01-04-02-01-01-10.wav,cold,Kids are talking by the door.,positive,sad,100.0,1710.353,0.01312,1.713,-504.999,51.432,-11.666,22.156,-5.929,0,unknown,0.52,0.25,0.3,0.351,0,0,0,0,0,0
C:/PropScore_AI/data/raw_videos/ravdess/Actor_10/03-01-04-02-01-02-10.wav,cold,Kids are talking by the door.,positive,sad,100.0,1796.303,0.00735,1.681,-530.767,54.326,-14.566,22.503,-4.209,0,unknown,0.52,0.2122,0.3,0.3397,0,0,0,0,0,0
C:/PropScore_AI/data/raw_videos/ravdess/Actor_10/03-01-04-02-02-01-10.wav,cold,Dogs are sitting by the door.,positive,sad,100.0,1346.553,0.00515,1.635,-592.549,56.716,13.633,17.06,0.647,0,unknown,0.52,0.1944,0.3,0.3343,0,0,0,0,0,0
C:/PropScore_AI/data/raw_videos/ravdess/Actor_10/03-01-04-02-02-02-10.wav,cold,Dog are sitting by the door.,positive,sad,100.0,1680.983,0.00711,1.681,-572.762,49.342,5.227,17.842,-2.333,0,unknown,0.52,0.2108,0.3,0.3392,0,0,0,0,0,0
C:/PropScore_AI/data/raw_videos/ravdess/Actor_10/03-01-05-01-01-01-10.wav,cold,Kids are talking by the door.,positive,angry,50.0,1913.755,0.00946,1.537,-499.804,59.183,-11.651,12.418,-12.534,0,unknown,0.29,0.2105,0.3,0.2702,0,0,0,0,0,0
C:/PropScore_AI/data/raw_videos/ravdess/Actor_10/03-01-05-01-01-02-10.wav,cold,Kids are talking by the door.,positive,angry,50.0,1811.931,0.01821,1.499,-456.124,49.509,-20.581,9.836,-14.536,0,unknown,0.29,0.2592,0.3,0.2848,0,0,0,0,0,0
C:/PropScore_AI/data/raw_videos/ravdess/Actor_10/03-01-05-01-02-01-10.wav,cold,Dogs are sitting by the door.,positive,angry,50.0,1368.199,0.01478,1.462,-489.831,54.554,-12.001,3.974,-5.769,0,unknown,0.29,0.2349,0.3,0.2775,0,0,0,0,0,0
C:/PropScore_AI/data/raw_videos/ravdess/Actor_10/03-01-05-01-02-02-10.wav,cold,Dogs are sitting by the door.,positive,angry,50.0,1731.701,0.01544,1.45,-490.028,55.456,-13.94,10.016,-10.518,0,unknown,0.29,0.2376,0.3,0.2783,0,0,0,0,0,0
C:/PropScore_AI/data/raw_videos/ravdess/Actor_10/03-01-05-02-01-01-10.wav,cold,Kids are talking by the door.,positive,angry,100.0,1673.28,0.05226,1.439,-337.601,30.765,-20.728,5.31,-17.897,0,unknown,0.49,0.4575,0.3,0.4042,0,0,0,0,0,0
C:/PropScore_AI/data/raw_videos/ravdess/Actor_10/03-01-05-02-01-02-10.wav,cold,Kids are talking by the door!,positive,angry,100.0,1457.399,0.06025,1.342,-357.409,34.28,-26.477,-3.917,-18.124,0,unknown,0.49,0.4957,0.3,0.4157,0,0,0,0,0,0
C:/PropScore_AI/data/raw_videos/ravdess/Actor_10/03-01-05-02-02-01-10.wav,cold,Dogs are sitting by the door.,positive,angry,100.0,1791.722,0.05779,1.55,-379.759,31.677,-16.667,-3.011,-16.82,0,unknown,0.49,0.5017,0.3,0.4175,0,0,0,0,0,0
C:/PropScore_AI/data/raw_videos/ravdess/Actor_10/03-01-05-02-02-02-10.wav,cold,Dogs are sitting by the door.,positive,angry,100.0,1702.341,0.05934,1.45,-373.757,25.111,-20.046,-3.269,-19.603,0,unknown,0.49,0.501,0.3,0.4173,0,0,0,0,0,0
C:/PropScore_AI/data/raw_videos/ravdess/Actor_10/03-01-06-01-01-01-10.wav,cold,Kids are talking by the door.,positive,fear,50.0,1652.714,0.01065,1.763,-524.049,48.777,-13.285,10.943,-1.654,0,unknown,0.38,0.2402,0.3,0.3061,0,0,0,0,0,0
C:/PropScore_AI/data/raw_videos/ravdess/Actor_10/03-01-06-01-01-02-10.wav,cold,Kids are talking by the door.,positive,fear,50.0,1287.672,0.00532,1.816,-595.809,51.119,0.786,9.075,0.804,0,unknown,0.38,0.2135,0.3,0.298,0,0,0,0,0,0
C:/PropScore_AI/data/raw_videos/ravdess/Actor_10/03-01-06-01-02-01-10.wav,cold,Dogs are sitting by the door.,positive,fear,50.0,1379.624,0.00792,1.696,-580.929,49.567,0.497,7.785,-0.502,0,unknown,0.38,0.2171,0.3,0.2991,0,0,0,0,0,0
C:/PropScore_AI/data/raw_videos/ravdess/Actor_10/03-01-06-01-02-02-10.wav,cold,Dogs are sitting by the door.,positive,fear,50.0,1293.557,0.00754,1.746,-577.143,47.835,3.141,9.958,0.223,0,unknown,0.38,0.2198,0.3,0.2999,0,0,0,0,0,0
C:/PropScore_AI/data/raw_videos/ravdess/Actor_10/03-01-06-02-01-01-10.wav,cold,Kids are talking by the door.,positive,fear,100.0,1760.405,0.02496,1.713,-424.969,31.652,-21.842,6.01,-13.995,0,unknown,0.58,0.3211,0.3,0.3903,0,0,0,0,0,0
C:/PropScore_AI/data/raw_videos/ravdess/Actor_10/03-01-06-02-01-02-10.wav,cold,Kids are talking by the door.,positive,fear,100.0,1748.106,0.0221,1.62,-453.274,30.568,-25.039,8.154,-13.005,0,unknown,0.58,0.2946,0.3,0.3824,0,0,0,0,0,0
C:/PropScore_AI/data/raw_videos/ravdess/Actor_10/03-01-06-02-02-01-10.wav,cold,Dogs are sitting by the door.,positive,fear,100.0,1691.721,0.02705,1.577,-434.02,30.09,-17.258,4.766,-12.384,0,unknown,0.58,0.32,0.3,0.39,0,0,0,0,0,0
C:/PropScore_AI/data/raw_videos/ravdess/Actor_10/03-01-06-02-02-02-10.wav,cold,Dogs are sitting by the door.,positive,fear,100.0,1139.293,0.01359,1.55,-523.357,43.68,-10.961,8.033,-11.804,0,unknown,0.58,0.2365,0.3,0.3649,0,0,0,0,0,0
C:/PropScore_AI/data/raw_videos/ravdess/Actor_10/03-01-07-01-01-01-10.wav,cold,Kids are talking by the door.,positive,disgust,50.0,1677.946,0.00619,1.62,-586.712,59.064,-5.483,14.514,-4.799,0,unknown,0.26,0.1991,0.3,0.2577,0,0,0,0,0,0
C:/PropScore_AI/data/raw_videos/ravdess/Actor_10/03-01-07-01-01-02-10.wav,cold,Kids are talking by the door.,positive,disgust,50.0,1494.32,0.00677,1.427,-572.005,67.603,-11.499,12.535,-1.16,0,unknown,0.26,0.1833,0.3,0.253,0,0,0,0,0,0
C:/PropScore_AI/data/raw_videos/ravdess/Actor_10/03-01-07-01-02-01-10.wav,cold,Dogs are sitting by the door.,positive,disgust,50.0,1322.855,0.00585,1.55,-567.86,62.732,-2.239,8.144,-1.044,0,unknown,0.26,0.1901,0.3,0.255,0,0,0,0,0,0
C:/PropScore_AI/data/raw_videos/ravdess/Actor_10/03-01-07-01-02-02-10.wav,cold,Dogs are sitting by the door.,positive,disgust,50.0,1653.67,0.00884,1.405,-514.984,46.534,-16.553,8.633,-5.918,0,unknown,0.26,0.1935,0.3,0.256,0,0,0,0,0,0
C:/PropScore_AI/data/raw_videos/ravdess/Actor_10/03-01-07-02-01-01-10.wav,cold,Kids are talking by the door!,positive,disgust,100.0,1775.899,0.0205,1.284,-440.186,47.44,-24.616,7.618,-11.183,0,unknown,0.46,0.2514,0.3,0.3334,0,0,0,0,0,0
C:/PropScore_AI/data/raw_videos/ravdess/Actor_10/03-01-07-02-01-02-10.wav,cold,Kids are talking by the door.,positive,disgust,100.0,1854.901,0.02506,1.322,-427.221,42.917,-28.346,8.868,-13.915,0,unknown,0.46,0.2826,0.3,0.3428,0,0,0,0,0,0
C:/PropScore_AI/data/raw_videos/ravdess/Actor_10/03-01-07-02-02-01-10.wav,cold,Dogs are sitting by the door.,positive,disgust,100.0,1621.37,0.02022,1.427,-473.325,45.174,-24.041,5.126,-10.06,0,unknown,0.46,0.264,0.3,0.3372,0,0,0,0,0,0
C:/PropScore_AI/data/raw_videos/ravdess/Actor_10/03-01-07-02-02-02-10.wav,cold,Dogs are sitting by the door!,positive,disgust,100.0,1389.87,0.02769,1.232,-436.754,43.958,-27.202,-2.995,-13.917,0,unknown,0.46,0.2893,0.3,0.3448,0,0,0,0,0,0
C:/PropScore_AI/data/raw_videos/ravdess/Actor_10/03-01-08-01-01-01-10.wav,hot,Kids are talking by the door.,positive,surprise,50.0,1608.719,0.01002,1.854,-536.937,40.317,-2.17,10.793,-4.455,0,unknown,0.68,0.2455,0.75,0.5776,0,0,0,0,0,0
C:/PropScore_AI/data/raw_videos/ravdess/Actor_10/03-01-08-01-01-02-10.wav,hot,Kids are talking by the door.,positive,surprise,50.0,1549.431,0.00919,1.763,-552.362,53.165,1.496,8.972,-1.902,0,unknown,0.68,0.2314,0.75,0.5734,0,0,0,0,0,0
C:/PropScore_AI/data/raw_videos/ravdess/Actor_10/03-01-08-01-02-01-10.wav,hot,Dogs are sitting by the door.,positive,surprise,50.0,1089.186,0.02006,1.713,-475.857,39.947,-6.084,1.098,-6.858,0,unknown,0.68,0.2917,0.75,0.5915,0,0,0,0,0,0
C:/PropScore_AI/data/raw_videos/ravdess/Actor_10/03-01-08-01-02-02-10.wav,hot,Dogs are sitting by the door.,positive,surprise,50.0,1082.641,0.0105,1.729,-558.306,56.612,4.614,8.519,-4.261,0,unknown,0.68,0.2359,0.75,0.5748,0,0,0,0,0,0
C:/PropScore_AI/data/raw_videos/ravdess/Actor_10/03-01-08-02-01-01-10.wav,hot,Kids are talking by the door.,positive,surprise,100.0,1521.516,0.02259,1.713,-466.535,41.093,-13.387,3.979,-7.151,0,unknown,0.88,0.3068,0.75,0.656,0,0,0,0,0,0
C:/PropScore_AI/data/raw_videos/ravdess/Actor_10/03-01-08-02-01-02-10.wav,hot,Kids are talking by the door.,positive,surprise,100.0,1621.06,0.02611,1.763,-460.865,31.038,-14.141,2.727,-11.974,0,unknown,0.88,0.333,0.75,0.6639,0,0,0,0,0,0
C:/PropScore_AI/data/raw_videos/ravdess/Actor_10/03-01-08-02-02-01-10.wav,hot,Dogs are sitting by the door.,positive,surprise,100.0,1213.476,0.03476,1.65,-433.832,33.035,-11.493,-3.199,-6.406,0,unknown,0.88,0.3736,0.75,0.6761,0,0,0,0,0,0
C:/PropScore_AI/data/raw_videos/ravdess/Actor_10/03-01-08-02-02-02-10.wav,hot,Dogs are sitting by the door.,positive,surprise,100.0,1570.371,0.02854,1.713,-417.049,37.081,-10.458,-1.328,-8.173,0,unknown,0.88,0.3425,0.75,0.6668,0,0,0,0,0,0
C:/PropScore_AI/data/raw_videos/ravdess/Actor_11/03-01-01-01-01-01-11.wav,warm,Kids are talking by the door.,positive,neutral,50.0,1223.276,0.00183,1.913,-717.676,61.743,21.916,21.166,6.973,0,unknown,0.5,0.2023,0.45,0.3907,0,0,0,0,0,0
C:/PropScore_AI/data/raw_videos/ravdess/Actor_11/03-01-01-01-01-02-11.wav,warm,Kids are talking by the door.,positive,neutral,50.0,1247.781,0.00257,1.934,-688.337,63.238,19.072,18.218,6.776,0,unknown,0.5,0.2088,0.45,0.3926,0,0,0,0,0,0
C:/PropScore_AI/data/raw_videos/ravdess/Actor_11/03-01-01-01-02-01-11.wav,warm,Dogs are sitting by the door.,positive,neutral,50.0,1325.466,0.0022,1.873,-686.584,56.036,21.198,20.428,5.807,0,unknown,0.5,0.2005,0.45,0.3901,0,0,0,0,0,0
C:/PropScore_AI/data/raw_videos/ravdess/Actor_11/03-01-01-01-02-02-11.wav,warm,Dogs are sitting by the door.,positive,neutral,50.0,1261.798,0.00228,1.893,-690.108,67.332,27.457,25.448,9.844,0,unknown,0.5,0.203,0.45,0.3909,0,0,0,0,0,0
C:/PropScore_AI/data/raw_videos/ravdess/Actor_11/03-01-02-01-01-01-11.wav,warm,Kids are talking by the door.,positive,calm,50.0,1373.334,0.00112,1.835,-727.091,63.229,23.019,25.076,13.038,0,unknown,0.56,0.1902,0.45,0.4051,0,0,0,0,0,0
C:/PropScore_AI/data/raw_videos/ravdess/Actor_11/03-01-02-01-01-02-11.wav,warm,Kids are talking by the door.,positive,calm,50.0,1291.74,0.00137,1.798,-707.714,72.593,23.413,28.093,15.073,0,unknown,0.56,0.188,0.45,0.4044,0,0,0,0,0,0
C:/PropScore_AI/data/raw_videos/ravdess/Actor_11/03-01-02-01-02-01-11.wav,warm,Dogs are sitting by the door.,positive,calm,50.0,1153.328,0.00195,1.798,-700.457,62.58,24.906,20.921,8.058,0,unknown,0.56,0.1915,0.45,0.4055,0,0,0,0,0,0
C:/PropScore_AI/data/raw_videos/ravdess/Actor_11/03-01-02-01-02-02-11.wav,warm,Dogs are sitting by the door.,positive,calm,50.0,1386.282,0.00135,1.635,-710.181,61.419,25.735,21.847,14.968,0,unknown,0.56,0.1716,0.45,0.3995,0,0,0,0,0,0
C:/PropScore_AI/data/raw_videos/ravdess/Actor_11/03-01-02-02-01-01-11.wav,warm,Kids are talking by the door.,positive,calm,100.0,1380.038,0.00104,1.564,-714.661,68.754,19.667,23.391,14.105,0,unknown,0.76,0.1626,0.45,0.4568,0,0,0,0,0,0
C:/PropScore_AI/data/raw_videos/ravdess/Actor_11/03-01-02-02-01-02-11.wav,warm,Kids are talking by the door.,positive,calm,100.0,1630.596,0.00096,1.606,-731.482,53.021,19.785,24.881,12.72,0,unknown,0.76,0.1664,0.45,0.4579,0,0,0,0,0,0
C:/PropScore_AI/data/raw_videos/ravdess/Actor_11/03-01-02-02-02-01-11.wav,warm,Dogs are sitting by the door.,positive,calm,100.0,1139.775,0.00128,1.591,-713.602,61.297,23.129,24.037,13.237,0,unknown,0.76,0.1668,0.45,0.458,0,0,0,0,0,0
C:/PropScore_AI/data/raw_videos/ravdess/Actor_11/03-01-02-02-02-02-11.wav,warm,Dogs are sitting by the door.,positive,calm,100.0,1273.228,0.00147,1.564,-709.469,62.759,20.706,22.91,11.464,0,unknown,0.76,0.1652,0.45,0.4576,0,0,0,0,0,0
C:/PropScore_AI/data/raw_videos/ravdess/Actor_11/03-01-03-01-01-01-11.wav,hot,Kids are talking by the door.,positive,happy,50.0,1238.9,0.00352,1.934,-655.011,55.853,9.783,14.797,5.843,0,unknown,0.8,0.2145,0.75,0.6044,0,0,0,0,0,0
C:/PropScore_AI/data/raw_videos/ravdess/Actor_11/03-01-03-01-01-02-11.wav,hot,Kids are talking by the door.,positive,happy,50.0,1188.389,0.00361,1.873,-651.465,58.454,12.695,12.294,8.803,0,unknown,0.8,0.209,0.75,0.6027,0,0,0,0,0,0
C:/PropScore_AI/data/raw_videos/ravdess/Actor_11/03-01-03-01-02-01-11.wav,hot,Dogs are sitting by the door.,positive,happy,50.0,979.492,0.00365,1.893,-652.469,51.996,14.466,11.81,9.284,0,unknown,0.8,0.2112,0.75,0.6034,0,0,0,0,0,0
C:/PropScore_AI/data/raw_videos/ravdess/Actor_11/03-01-03-01-02-02-11.wav,hot,Dogs are sitting by the door.,positive,happy,50.0,732.99,0.00422,1.854,-642.165,52.829,14.87,14.517,4.768,0,unknown,0.8,0.2107,0.75,0.6032,0,0,0,0,0,0
C:/PropScore_AI/data/raw_videos/ravdess/Actor_11/03-01-03-02-01-01-11.wav,hot,Kids are talking by the door.,positive,happy,100.0,1238.1,0.01625,1.486,-479.181,47.43,2.963,5.248,-1.324,0,unknown,1.0,0.2461,0.75,0.6738,0,0,0,0,0,0
C:/PropScore_AI/data/raw_videos/ravdess/Actor_11/03-01-03-02-01-02-11.wav,hot,Kids are talking by the door.,positive,happy,100.0,1313.058,0.01738,1.65,-473.84,40.655,0.39,8.211,-1.743,0,unknown,1.0,0.2693,0.75,0.6808,0,0,0,0,0,0
C:/PropScore_AI/data/raw_videos/ravdess/Actor_11/03-01-03-02-02-01-11.wav,hot,Dogs are sitting by the door.,positive,happy,100.0,1151.951,0.01729,1.55,-492.2,42.328,-4.776,2.358,-5.815,0,unknown,1.0,0.2587,0.75,0.6776,0,0,0,0,0,0
C:/PropScore_AI/data/raw_videos/ravdess/Actor_11/03-01-03-02-02-02-11.wav,hot,Dogs are sitting by the door.,positive,happy,100.0,681.337,0.01412,1.713,-511.58,42.117,3.263,3.284,-2.322,0,unknown,1.0,0.256,0.75,0.6768,0,0,0,0,0,0
C:/PropScore_AI/data/raw_videos/ravdess/Actor_11/03-01-04-01-01-01-11.wav,cold,Kids are talking by the door.,positive,sad,50.0,1406.105,0.00188,1.798,-689.557,54.214,17.318,21.993,10.877,0,unknown,0.32,0.1911,0.3,0.2733,0,0,0,0,0,0
C:/PropScore_AI/data/raw_videos/ravdess/Actor_11/03-01-04-01-01-02-11.wav,cold,Kids are talking by the door.,positive,sad,50.0,1391.373,0.0017,1.665,-692.353,61.672,24.606,25.579,10.201,0,unknown,0.32,0.1767,0.3,0.269,0,0,0,0,0,0
C:/PropScore_AI/data/raw_videos/ravdess/Actor_11/03-01-04-01-02-01-11.wav,cold,Dogs are sitting by the door.,positive,sad,50.0,1415.836,0.00208,1.696,-686.66,56.01,24.036,18.341,5.142,0,unknown,0.32,0.1821,0.3,0.2706,0,0,0,0,0,0
C:/PropScore_AI/data/raw_videos/ravdess/Actor_11/03-01-04-01-02-02-11.wav,cold,Dogs are sitting by the door.,positive,sad,50.0,1075.349,0.00242,1.746,-692.83,57.892,23.485,18.705,8.138,0,unknown,0.32,0.1891,0.3,0.2727,0,0,0,0,0,0
C:/PropScore_AI/data/raw_videos/ravdess/Actor_11/03-01-04-02-01-01-11.wav,cold,Kids are talking by the door.,positive,sad,100.0,1326.99,0.00605,1.798,-593.243,46.803,6.271,7.039,0.802,0,unknown,0.52,0.2161,0.3,0.3408,0,0,0,0,0,0
C:/PropScore_AI/data/raw_videos/ravdess/Actor_11/03-01-04-02-01-02-11.wav,cold,Kids are talking by the door.,positive,sad,100.0,1347.279,0.0095,1.665,-530.386,56.602,4.489,11.715,0.996,0,unknown,0.52,0.2235,0.3,0.343,0,0,0,0,0,0
C:/PropScore_AI/data/raw_videos/ravdess/Actor_11/03-01-04-02-02-01-11.wav,cold,Dogs are sitting by the door.,positive,sad,100.0,1338.134,0.00907,1.78,-566.14,44.56,5.212,8.233,-5.283,0,unknown,0.52,0.2324,0.3,0.3457,0,0,0,0,0,0
C:/PropScore_AI/data/raw_videos/ravdess/Actor_11/03-01-04-02-02-02-11.wav,cold,Dogs are sitting by the door.,positive,sad,100.0,1721.18,0.0087,1.798,-527.82,41.218,8.41,9.202,-2.876,0,unknown,0.52,0.232,0.3,0.3456,0,0,0,0,0,0
C:/PropScore_AI/data/raw_videos/ravdess/Actor_11/03-01-05-01-01-01-11.wav,cold,Kids are talking by the door.,positive,angry,50.0,1509.82,0.00895,1.665,-529.761,44.757,4.936,8.622,-2.056,0,unknown,0.29,0.2202,0.3,0.2731,0,0,0,0,0,0
C:/PropScore_AI/data/raw_videos/ravdess/Actor_11/03-01-05-01-01-02-11.wav,cold,Kids are talking by the door.,positive,angry,50.0,1358.369,0.00574,1.729,-573.369,47.897,14.339,9.652,2.01,0,unknown,0.29,0.2073,0.3,0.2692,0,0,0,0,0,0
C:/PropScore_AI/data/raw_videos/ravdess/Actor_11/03-01-05-01-02-01-11.wav,cold,Dogs are sitting by the door.,positive,angry,50.0,987.488,0.01193,1.729,-524.134,41.534,3.646,4.437,-2.998,0,unknown,0.29,0.2445,0.3,0.2803,0,0,0,0,0,0
C:/PropScore_AI/data/raw_videos/ravdess/Actor_11/03-01-05-01-02-02-11.wav,cold,Dogs are sitting by the door.,positive,angry,50.0,1292.444,0.01102,1.606,-524.447,45.41,7.252,5.477,-2.045,0,unknown,0.29,0.2267,0.3,0.275,0,0,0,0,0,0
C:/PropScore_AI/data/raw_videos/ravdess/Actor_11/03-01-05-02-01-01-11.wav,cold,Kids are talking by the door.,positive,angry,100.0,1175.693,0.02355,1.696,-435.734,32.254,0.274,4.67,-7.88,0,unknown,0.49,0.3109,0.3,0.3603,0,0,0,0,0,0
C:/PropScore_AI/data/raw_videos/ravdess/Actor_11/03-01-05-02-01-02-11.wav,cold,Kids are talking by the door!,positive,angry,100.0,1493.861,0.05265,1.511,-362.965,24.873,-5.603,-0.741,-13.127,0,unknown,0.49,0.467,0.3,0.4071,0,0,0,0,0,0
C:/PropScore_AI/data/raw_videos/ravdess/Actor_11/03-01-05-02-02-01-11.wav,cold,Dogs are sitting by the door!,positive,angry,100.0,1576.785,0.04852,1.524,-358.195,35.711,-1.56,5.753,-14.112,0,unknown,0.49,0.4435,0.3,0.4001,0,0,0,0,0,0
C:/PropScore_AI/data/raw_videos/ravdess/Actor_11/03-01-05-02-02-02-11.wav,cold,Dogs are sitting by the door!,positive,angry,100.0,1595.214,0.06138,1.591,-342.472,19.83,-8.574,-2.755,-15.591,0,unknown,0.49,0.5274,0.3,0.4252,0,0,0,0,0,0
C:/PropScore_AI/data/raw_videos/ravdess/Actor_11/03-01-06-01-01-01-11.wav,cold,Kids are talking by the door.,positive,fear,50.0,1435.627,0.00329,1.729,-638.344,56.136,15.542,14.281,5.292,0,unknown,0.38,0.1926,0.3,0.2918,0,0,0,0,0,0
C:/PropScore_AI/data/raw_videos/ravdess/Actor_11/03-01-06-01-01-02-11.wav,cold,Kids are talking by the door.,positive,fear,50.0,1295.69,0.00479,1.713,-607.32,54.794,14.063,10.566,2.027,0,unknown,0.38,0.2,0.3,0.294,0,0,0,0,0,0
C:/PropScore_AI/data/raw_videos/ravdess/Actor_11/03-01-06-01-02-01-11.wav,cold,Dogs are sitting by the door.,positive,fear,50.0,1151.868,0.00618,1.893,-600.971,53.227,8.737,12.44,3.215,0,unknown,0.38,0.2264,0.3,0.3019,0,0,0,0,0,0
C:/PropScore_AI/data/raw_videos/ravdess/Actor_11/03-01-06-01-02-02-11.wav,cold,Dogs are sitting by the door.,positive,fear,50.0,1097.34,0.00605,1.873,-597.788,53.018,8.402,10.72,2.238,0,unknown,0.38,0.2236,0.3,0.3011,0,0,0,0,0,0
C:/PropScore_AI/data/raw_videos/ravdess/Actor_11/03-01-06-02-01-01-11.wav,cold,Kids are talking by the door.,positive,fear,100.0,1491.679,0.02051,1.873,-471.812,37.028,-6.324,6.872,-5.503,0,unknown,0.58,0.3104,0.3,0.3871,0,0,0,0,0,0
C:/PropScore_AI/data/raw_videos/ravdess/Actor_11/03-01-06-02-01-02-11.wav,cold,Kids are talking by the door.,positive,fear,100.0,1511.892,0.02473,1.873,-444.166,32.441,-5.766,6.439,-2.698,0,unknown,0.58,0.3357,0.3,0.3947,0,0,0,0,0,0
C:/PropScore_AI/data/raw_videos/ravdess/Actor_11/03-01-06-02-02-01-11.wav,cold,Dogs are sitting by the door.,positive,fear,100.0,1550.784,0.02743,1.955,-430.225,28.637,-10.174,3.717,-7.728,0,unknown,0.58,0.3601,0.3,0.402,0,0,0,0,0,0
C:/PropScore_AI/data/raw_videos/ravdess/Actor_11/03-01-06-02-02-02-11.wav,cold,Dogs are sitting by the door.,positive,fear,100.0,1546.911,0.03013,1.913,-418.057,28.345,-7.742,-1.923,-5.713,0,unknown,0.58,0.3721,0.3,0.4056,0,0,0,0,0,0
C:/PropScore_AI/data/raw_videos/ravdess/Actor_11/03-01-07-01-01-01-11.wav,cold,Kids are talking by the door.,positive,disgust,50.0,1612.048,0.0042,1.635,-619.553,52.241,14.532,15.842,0.333,0,unknown,0.26,0.1887,0.3,0.2546,0,0,0,0,0,0
C:/PropScore_AI/data/raw_videos/ravdess/Actor_11/03-01-07-01-01-02-11.wav,cold,Kids are talking by the door.,positive,disgust,50.0,1310.496,0.00548,1.665,-595.309,50.474,10.178,16.542,-1.081,0,unknown,0.26,0.1994,0.3,0.2578,0,0,0,0,0,0
C:/PropScore_AI/data/raw_videos/ravdess/Actor_11/03-01-07-01-02-01-11.wav,cold,Dogs are sitting by the door.,positive,disgust,50.0,1059.397,0.00449,1.729,-622.159,55.33,14.77,7.832,0.709,0,unknown,0.26,0.1998,0.3,0.2579,0,0,0,0,0,0
C:/PropScore_AI/data/raw_videos/ravdess/Actor_11/03-01-07-01-02-02-11.wav,cold,Dogs are sitting by the door.,positive,disgust,50.0,976.84,0.00578,1.635,-588.743,60.35,17.337,7.112,-3.815,0,unknown,0.26,0.1982,0.3,0.2575,0,0,0,0,0,0
C:/PropScore_AI/data/raw_videos/ravdess/Actor_11/03-01-07-02-01-01-11.wav,cold,Kids are talking by the door.,positive,disgust,100.0,1599.154,0.00664,1.577,-555.676,47.326,10.744,14.837,-0.447,0,unknown,0.46,0.1975,0.3,0.3173,0,0,0,0,0,0
C:/PropScore_AI/data/raw_videos/ravdess/Actor_11/03-01-07-02-01-02-11.wav,cold,Kids are talking by the door.,positive,disgust,100.0,1643.689,0.00638,1.577,-562.461,52.669,12.632,16.999,1.18,0,unknown,0.46,0.196,0.3,0.3168,0,0,0,0,0,0
C:/PropScore_AI/data/raw_videos/ravdess/Actor_11/03-01-07-02-02-01-11.wav,cold,Dogs are sitting by the door.,positive,disgust,100.0,920.983,0.00653,1.606,-580.684,61.028,14.525,5.867,-2.742,0,unknown,0.46,0.1998,0.3,0.3179,0,0,0,0,0,0
C:/PropScore_AI/data/raw_videos/ravdess/Actor_11/03-01-07-02-02-02-11.wav,cold,Dogs are sitting by the door.,positive,disgust,100.0,1013.822,0.00776,1.606,-528.64,48.729,10.025,4.779,-4.558,0,unknown,0.46,0.2072,0.3,0.3202,0,0,0,0,0,0
C:/PropScore_AI/data/raw_videos/ravdess/Actor_11/03-01-08-01-01-01-11.wav,hot,Kids are talking by the door.,positive,surprise,50.0,1257.334,0.00347,1.955,-659.09,43.368,10.857,8.986,3.887,0,unknown,0.68,0.2163,0.75,0.5689,0,0,0,0,0,0
C:/PropScore_AI/data/raw_videos/ravdess/Actor_11/03-01-08-01-01-02-11.wav,hot,Kids are talking by the door.,positive,surprise,50.0,1169.288,0.00493,1.913,-618.373,42.463,5.667,2.55,0.537,0,unknown,0.68,0.2209,0.75,0.5703,0,0,0,0,0,0
C:/PropScore_AI/data/raw_videos/ravdess/Actor_11/03-01-08-01-02-01-11.wav,hot,Dogs are sitting by the door.,positive,surprise,50.0,1261.382,0.00873,1.893,-565.293,41.746,7.469,7.411,-0.079,0,unknown,0.68,0.2417,0.75,0.5765,0,0,0,0,0,0
C:/PropScore_AI/data/raw_videos/ravdess/Actor_11/03-01-08-01-02-02-11.wav,hot,Dogs are sitting by the door.,positive,surprise,50.0,1433.5,0.00723,2.02,-562.709,43.548,-0.863,3.762,0.919,0,unknown,0.68,0.2454,0.75,0.5776,0,0,0,0,0,0
C:/PropScore_AI/data/raw_videos/ravdess/Actor_11/03-01-08-02-01-01-11.wav,hot,Kids are talking by the door.,positive,surprise,100.0,1269.375,0.0069,1.955,-582.33,35.862,3.378,6.985,0.043,0,unknown,0.88,0.2369,0.75,0.6351,0,0,0,0,0,0
C:/PropScore_AI/data/raw_videos/ravdess/Actor_11/03-01-08-02-01-02-11.wav,hot,Kids are talking by the door.,positive,surprise,100.0,1584.042,0.01202,1.934,-492.965,31.733,2.09,2.102,-3.381,0,unknown,0.88,0.2655,0.75,0.6437,0,0,0,0,0,0
C:/PropScore_AI/data/raw_videos/ravdess/Actor_11/03-01-08-02-02-01-11.wav,hot,Dogs are sitting by the door.,positive,surprise,100.0,1264.86,0.01156,1.955,-533.69,33.5,3.071,2.801,-0.315,0,unknown,0.88,0.2649,0.75,0.6435,0,0,0,0,0,0
C:/PropScore_AI/data/raw_videos/ravdess/Actor_11/03-01-08-02-02-02-11.wav,hot,Dogs are sitting by the door.,positive,surprise,100.0,1616.441,0.01095,1.955,-522.653,26.542,5.716,3.048,-1.677,0,unknown,0.88,0.2612,0.75,0.6424,0,0,0,0,0,0
C:/PropScore_AI/data/raw_videos/ravdess/Actor_12/03-01-01-01-01-01-12.wav,warm,Kids are talking by the door.,positive,neutral,50.0,1655.779,0.0027,1.65,-671.617,53.925,-2.671,11.843,-6.243,0,unknown,0.5,0.1812,0.45,0.3844,0,0,0,0,0,0
C:/PropScore_AI/data/raw_videos/ravdess/Actor_12/03-01-01-01-01-02-12.wav,warm,Kids are talking by the door.,positive,neutral,50.0,1804.773,0.00256,1.696,-679.184,51.406,-3.446,12.844,-4.68,0,unknown,0.5,0.185,0.45,0.3855,0,0,0,0,0,0
C:/PropScore_AI/data/raw_videos/ravdess/Actor_12/03-01-01-01-02-01-12.wav,warm,Dogs are sitting by the door.,positive,neutral,50.0,1604.431,0.00341,1.665,-654.415,53.368,-4.571,11.471,-1.173,0,unknown,0.5,0.187,0.45,0.3861,0,0,0,0,0,0
C:/PropScore_AI/data/raw_videos/ravdess/Actor_12/03-01-01-01-02-02-12.wav,warm,Dogs are sitting by the door.,positive,neutral,50.0,1536.777,0.00304,1.65,-668.375,50.138,0.017,8.107,-2.093,0,unknown,0.5,0.1832,0.45,0.385,0,0,0,0,0,0
C:/PropScore_AI/data/raw_videos/ravdess/Actor_12/03-01-02-01-01-01-12.wav,warm,Kids are talking by the door.,positive,calm,50.0,1775.826,0.00303,1.55,-648.598,53.119,-3.452,9.739,-4.655,0,unknown,0.56,0.1732,0.45,0.4,0,0,0,0,0,0
C:/PropScore_AI/data/raw_videos/ravdess/Actor_12/03-01-02-01-01-02-12.wav,warm,Kids are talking by the door.,positive,calm,50.0,1480.588,0.00246,1.591,-651.75,62.391,-3.869,12.756,-2.835,0,unknown,0.56,0.1739,0.45,0.4002,0,0,0,0,0,0
C:/PropScore_AI/data/raw_videos/ravdess/Actor_12/03-01-02-01-02-01-12.wav,warm,Dogs are sitting by the door.,positive,calm,50.0,1754.116,0.00328,1.591,-658.159,45.572,-6.232,8.823,-3.821,0,unknown,0.56,0.1788,0.45,0.4016,0,0,0,0,0,0
C:/PropScore_AI/data/raw_videos/ravdess/Actor_12/03-01-02-01-02-02-12.wav,warm,Dogs are sitting by the door.,positive,calm,50.0,1723.187,0.00293,1.635,-663.228,45.922,-3.703,10.733,-3.588,0,unknown,0.56,0.1811,0.45,0.4023,0,0,0,0,0,0
C:/PropScore_AI/data/raw_videos/ravdess/Actor_12/03-01-02-02-01-01-12.wav,warm,Kids are talking by the door.,positive,calm,100.0,1860.995,0.00259,1.511,-662.354,47.323,-4.766,10.226,-4.825,0,unknown,0.76,0.1666,0.45,0.458,0,0,0,0,0,0
C:/PropScore_AI/data/raw_videos/ravdess/Actor_12/03-01-02-02-01-02-12.wav,warm,Kids are talking by the door.,positive,calm,100.0,1654.616,0.0027,1.591,-660.02,57.715,1.845,16.034,-1.616,0,unknown,0.76,0.1753,0.45,0.4606,0,0,0,0,0,0
C:/PropScore_AI/data/raw_videos/ravdess/Actor_12/03-01-02-02-02-01-12.wav,warm,Dogs are sitting by the door.,positive,calm,100.0,1392.552,0.00305,1.606,-664.181,48.793,-1.589,6.612,-4.553,0,unknown,0.76,0.1789,0.45,0.4617,0,0,0,0,0,0
C:/PropScore_AI/data/raw_videos/ravdess/Actor_12/03-01-02-02-02-02-12.wav,warm,Dogs are sitting by the door.,positive,calm,100.0,1642.447,0.00294,1.577,-663.489,48.036,-1.076,5.695,-5.988,0,unknown,0.76,0.1753,0.45,0.4606,0,0,0,0,0,0
C:/PropScore_AI/data/raw_videos/ravdess/Actor_12/03-01-03-01-01-01-12.wav,hot,Kids are talking by the door.,positive,happy,50.0,1771.164,0.00639,1.62,-588.109,46.257,-21.611,12.268,-11.384,0,unknown,0.8,0.2003,0.75,0.6001,0,0,0,0,0,0
C:/PropScore_AI/data/raw_videos/ravdess/Actor_12/03-01-03-01-01-02-12.wav,hot,Kids are talking by the door.,positive,happy,50.0,1565.434,0.00665,1.606,-583.151,51.407,-17.037,12.419,-8.305,0,unknown,0.8,0.2005,0.75,0.6001,0,0,0,0,0,0
C:/PropScore_AI/data/raw_videos/ravdess/Actor_12/03-01-03-01-02-01-12.wav,hot,Dogs are sitting by the door.,positive,happy,50.0,1779.402,0.00578,1.713,-582.124,38.808,-15.665,9.639,-12.206,0,unknown,0.8,0.206,0.75,0.6018,0,0,0,0,0,0
C:/PropScore_AI/data/raw_videos/ravdess/Actor_12/03-01-03-01-02-02-12.wav,hot,Dogs are sitting by the door.,positive,happy,50.0,1723.365,0.00718,1.606,-574.646,43.118,-18.818,11.432,-11.405,0,unknown,0.8,0.2037,0.75,0.6011,0,0,0,0,0,0
C:/PropScore_AI/data/raw_videos/ravdess/Actor_12/03-01-03-02-01-01-12.wav,hot,Kids are talking by the door.,positive,happy,100.0,1964.992,0.02248,1.427,-461.826,29.889,-23.934,7.588,-11.537,0,unknown,1.0,0.2776,0.75,0.6833,0,0,0,0,0,0
C:/PropScore_AI/data/raw_videos/ravdess/Actor_12/03-01-03-02-01-02-12.wav,hot,Kids are talking by the door!,positive,happy,100.0,1901.852,0.0217,1.45,-470.046,30.376,-21.06,9.588,-8.888,0,unknown,1.0,0.2752,0.75,0.6826,0,0,0,0,0,0
C:/PropScore_AI/data/raw_videos/ravdess/Actor_12/03-01-03-02-02-01-12.wav,hot,Dogs are sitting by the door.,positive,happy,100.0,1744.366,0.01204,1.537,-532.512,34.022,-22.208,7.563,-11.404,0,unknown,1.0,0.2259,0.75,0.6678,0,0,0,0,0,0
C:/PropScore_AI/data/raw_videos/ravdess/Actor_12/03-01-03-02-02-02-12.wav,hot,Dogs are sitting by the door.,positive,happy,100.0,1755.281,0.0269,1.511,-461.448,23.217,-36.056,-0.186,-16.844,0,unknown,1.0,0.3125,0.75,0.6938,0,0,0,0,0,0
C:/PropScore_AI/data/raw_videos/ravdess/Actor_12/03-01-04-01-01-01-12.wav,cold,Kids are talking by the door.,positive,sad,50.0,1655.628,0.00517,1.635,-607.355,49.292,-13.25,8.027,-6.713,0,unknown,0.32,0.1945,0.3,0.2743,0,0,0,0,0,0
C:/PropScore_AI/data/raw_videos/ravdess/Actor_12/03-01-04-01-01-02-12.wav,cold,Kids are talking by the door.,positive,sad,50.0,1520.403,0.00502,1.665,-602.938,57.131,-11.13,12.2,-5.957,0,unknown,0.32,0.1966,0.3,0.275,0,0,0,0,0,0
C:/PropScore_AI/data/raw_videos/ravdess/Actor_12/03-01-04-01-02-01-12.wav,cold,Dogs are sitting by the door.,positive,sad,50.0,1403.107,0.00325,1.635,-643.588,37.34,-2.195,7.237,-1.824,0,unknown,0.32,0.183,0.3,0.2709,0,0,0,0,0,0
C:/PropScore_AI/data/raw_videos/ravdess/Actor_12/03-01-04-01-02-02-12.wav,cold,Dogs are sitting by the door.,positive,sad,50.0,1576.858,0.00438,1.681,-619.981,44.383,-9.319,7.772,-5.984,0,unknown,0.32,0.1944,0.3,0.2743,0,0,0,0,0,0
C:/PropScore_AI/data/raw_videos/ravdess/Actor_12/03-01-04-02-01-01-12.wav,cold,Kids are talking by the door.,positive,sad,100.0,1732.212,0.01409,1.55,-517.74,40.148,-19.446,4.878,-14.52,0,unknown,0.52,0.2395,0.3,0.3478,0,0,0,0,0,0
C:/PropScore_AI/data/raw_videos/ravdess/Actor_12/03-01-04-02-01-02-12.wav,cold,Kids are talking by the door!,positive,sad,100.0,1914.359,0.01981,1.591,-481.368,32.745,-32.772,-1.712,-18.528,0,unknown,0.52,0.278,0.3,0.3594,0,0,0,0,0,0
C:/PropScore_AI/data/raw_videos/ravdess/Actor_12/03-01-04-02-02-01-12.wav,cold,Dogs are sitting by the door.,positive,sad,100.0,1516.315,0.01505,1.577,-517.826,26.332,-25.761,-3.65,-14.215,0,unknown,0.52,0.248,0.3,0.3504,0,0,0,0,0,0
C:/PropScore_AI/data/raw_videos/ravdess/Actor_12/03-01-04-02-02-02-12.wav,cold,Dogs are sitting by the door!,positive,sad,100.0,1775.057,0.02391,1.55,-459.869,24.867,-26.618,-3.788,-15.529,0,unknown,0.52,0.2985,0.3,0.3655,0,0,0,0,0,0
C:/PropScore_AI/data/raw_videos/ravdess/Actor_12/03-01-05-01-01-01-12.wav,cold,Kids are talking by the door.,positive,angry,50.0,1690.509,0.00606,1.405,-573.703,46.227,-3.049,9.265,-8.2,0,unknown,0.29,0.1769,0.3,0.2601,0,0,0,0,0,0
C:/PropScore_AI/data/raw_videos/ravdess/Actor_12/03-01-05-01-01-02-12.wav,cold,Kids are talking by the door.,positive,angry,50.0,1693.969,0.00694,1.511,-562.444,47.828,-6.357,13.949,-7.478,0,unknown,0.29,0.1927,0.3,0.2648,0,0,0,0,0,0
C:/PropScore_AI/data/raw_videos/ravdess/Actor_12/03-01-05-01-02-01-12.wav,cold,Dogs are sitting by the door.,positive,angry,50.0,1459.331,0.00442,1.606,-618.842,47.093,-0.753,7.692,-3.585,0,unknown,0.29,0.1871,0.3,0.2631,0,0,0,0,0,0
C:/PropScore_AI/data/raw_videos/ravdess/Actor_12/03-01-05-01-02-02-12.wav,cold,Dogs are sitting by the door.,positive,angry,50.0,1629.883,0.00478,1.45,-602.72,39.264,-7.524,6.502,-8.234,0,unknown,0.29,0.1737,0.3,0.2591,0,0,0,0,0,0
C:/PropScore_AI/data/raw_videos/ravdess/Actor_12/03-01-05-02-01-01-12.wav,cold,Kids are talking by the door!,positive,angry,100.0,1799.477,0.02394,1.65,-434.904,39.348,-12.447,3.242,-9.069,0,unknown,0.49,0.3086,0.3,0.3596,0,0,0,0,0,0
C:/PropScore_AI/data/raw_videos/ravdess/Actor_12/03-01-05-02-01-02-12.wav,cold,Kids are talking by the door!,positive,angry,100.0,1843.92,0.05204,1.635,-366.447,29.191,-24.625,-4.338,-11.885,0,unknown,0.49,0.4757,0.3,0.4097,0,0,0,0,0,0
C:/PropScore_AI/data/raw_videos/ravdess/Actor_12/03-01-05-02-02-01-12.wav,cold,Dogs are sitting by the door.,positive,angry,100.0,1636.52,0.02182,1.577,-463.126,40.982,-12.609,3.712,-8.39,0,unknown,0.49,0.2886,0.3,0.3536,0,0,0,0,0,0
C:/PropScore_AI/data/raw_videos/ravdess/Actor_12/03-01-05-02-02-02-12.wav,cold,Dogs are sitting by the door.,positive,angry,100.0,1742.823,0.04031,1.564,-405.279,37.375,-21.138,-6.114,-8.991,0,unknown,0.49,0.3983,0.3,0.3865,0,0,0,0,0,0
C:/PropScore_AI/data/raw_videos/ravdess/Actor_12/03-01-06-01-01-01-12.wav,cold,Kids are talking by the door.,positive,fear,50.0,1703.457,0.01033,1.763,-510.692,42.601,-9.61,9.712,-6.893,0,unknown,0.38,0.2383,0.3,0.3055,0,0,0,0,0,0
C:/PropScore_AI/data/raw_videos/ravdess/Actor_12/03-01-06-01-01-02-12.wav,cold,Kids are talking by the door.,positive,fear,50.0,1808.547,0.00919,1.713,-524.043,39.153,-12.423,10.858,-6.8,0,unknown,0.38,0.2264,0.3,0.3019,0,0,0,0,0,0
C:/PropScore_AI/data/raw_videos/ravdess/Actor_12/03-01-06-01-02-01-12.wav,cold,Dogs are sitting by the door.,positive,fear,50.0,1751.492,0.00605,1.78,-567.672,35.942,-14.293,7.303,-11.892,0,unknown,0.38,0.2143,0.3,0.2983,0,0,0,0,0,0
C:/PropScore_AI/data/raw_videos/ravdess/Actor_12/03-01-06-01-02-02-12.wav,cold,Dogs are sitting by the door.,positive,fear,50.0,1837.21,0.00733,1.873,-557.191,35.049,-12.409,6.162,-10.208,0,unknown,0.38,0.2313,0.3,0.3034,0,0,0,0,0,0
C:/PropScore_AI/data/raw_videos/ravdess/Actor_12/03-01-06-02-01-01-12.wav,cold,Kids are talking by the door!,positive,fear,100.0,1827.611,0.03418,1.606,-423.365,27.7,-25.341,1.911,-9.957,0,unknown,0.58,0.3657,0.3,0.4037,0,0,0,0,0,0
C:/PropScore_AI/data/raw_videos/ravdess/Actor_12/03-01-06-02-01-02-12.wav,cold,Kids are talking by the door!,positive,fear,100.0,1879.09,0.04445,1.62,-387.588,21.061,-31.164,-4.57,-12.833,0,unknown,0.58,0.4287,0.3,0.4226,0,0,0,0,0,0
C:/PropScore_AI/data/raw_videos/ravdess/Actor_12/03-01-06-02-02-01-12.wav,cold,Dogs are sitting by the door!,positive,fear,100.0,1717.227,0.0337,1.729,-419.255,26.098,-25.564,-5.895,-13.964,0,unknown,0.58,0.3751,0.3,0.4065,0,0,0,0,0,0
C:/PropScore_AI/data/raw_videos/ravdess/Actor_12/03-01-06-02-02-02-12.wav,cold,Dogs are sitting by the door!,positive,fear,100.0,1824.369,0.03824,1.635,-413.453,20.88,-31.312,-5.073,-12.803,0,unknown,0.58,0.3929,0.3,0.4119,0,0,0,0,0,0
C:/PropScore_AI/data/raw_videos/ravdess/Actor_12/03-01-07-01-01-01-12.wav,cold,Kids are talking by the door.,positive,disgust,50.0,1737.221,0.00408,1.606,-602.445,45.061,-7.185,13.355,-5.968,0,unknown,0.26,0.1851,0.3,0.2535,0,0,0,0,0,0
C:/PropScore_AI/data/raw_videos/ravdess/Actor_12/03-01-07-01-01-02-12.wav,cold,Kids are talking by the door.,positive,disgust,50.0,1513.588,0.00476,1.62,-592.394,59.398,-10.67,17.328,-8.116,0,unknown,0.26,0.1906,0.3,0.2552,0,0,0,0,0,0
C:/PropScore_AI/data/raw_videos/ravdess/Actor_12/03-01-07-01-02-01-12.wav,cold,Dogs are sitting by the door.,positive,disgust,50.0,1647.838,0.00386,1.665,-630.57,48.498,-8.891,5.056,-5.09,0,unknown,0.26,0.1897,0.3,0.2549,0,0,0,0,0,0
C:/PropScore_AI/data/raw_videos/ravdess/Actor_12/03-01-07-01-02-02-12.wav,cold,Talks are sitting by the door.,positive,disgust,50.0,1464.149,0.00378,1.62,-612.046,52.846,-3.822,5.712,-5.096,0,unknown,0.26,0.1847,0.3,0.2534,0,0,0,0,0,0
C:/PropScore_AI/data/raw_videos/ravdess/Actor_12/03-01-07-02-01-01-12.wav,cold,Kids are talking by the door.,positive,disgust,100.0,1820.017,0.00697,1.511,-537.111,41.23,-15.371,9.594,-8.524,0,unknown,0.46,0.1929,0.3,0.3159,0,0,0,0,0,0
C:/PropScore_AI/data/raw_videos/ravdess/Actor_12/03-01-07-02-01-02-12.wav,cold,Kids are talking by the door!,positive,disgust,100.0,1792.236,0.01194,1.322,-507.321,44.405,-25.183,-1.568,-16.718,0,unknown,0.46,0.2038,0.3,0.3191,0,0,0,0,0,0
C:/PropScore_AI/data/raw_videos/ravdess/Actor_12/03-01-07-02-02-01-12.wav,cold,Dogs are setting by the door.,neutral,disgust,100.0,1705.995,0.01206,1.427,-504.984,35.513,-14.526,5.165,-11.699,0,unknown,0.46,0.2151,0.3,0.3225,0,0,0,0,0,0
C:/PropScore_AI/data/raw_videos/ravdess/Actor_12/03-01-07-02-02-02-12.wav,cold,Dogs are sitting by the door.,positive,disgust,100.0,1678.63,0.01233,1.511,-519.334,35.851,-15.678,0.762,-8.915,0,unknown,0.46,0.2251,0.3,0.3255,0,0,0,0,0,0
C:/PropScore_AI/data/raw_videos/ravdess/Actor_12/03-01-08-01-01-01-12.wav,hot,Kids are talking by the door.,positive,surprise,50.0,1732.611,0.00508,1.696,-613.955,49.65,-13.165,8.423,-9.087,0,unknown,0.68,0.2001,0.75,0.564,0,0,0,0,0,0
C:/PropScore_AI/data/raw_videos/ravdess/Actor_12/03-01-08-01-01-02-12.wav,hot,Kids are talking by the door.,positive,surprise,50.0,1740.021,0.00587,1.65,-578.992,46.108,-6.968,8.563,-3.121,0,unknown,0.68,0.2002,0.75,0.5641,0,0,0,0,0,0
C:/PropScore_AI/data/raw_videos/ravdess/Actor_12/03-01-08-01-02-01-12.wav,hot,Dogs are sitting by the door.,positive,surprise,50.0,1515.924,0.00599,1.713,-604.855,39.361,-8.748,8.091,-7.149,0,unknown,0.68,0.2072,0.75,0.5662,0,0,0,0,0,0
C:/PropScore_AI/data/raw_videos/ravdess/Actor_12/03-01-08-01-02-02-12.wav,hot,Dogs are sitting by the door.,positive,surprise,50.0,1446.495,0.00669,1.665,-594.552,40.332,-8.753,5.354,-8.746,0,unknown,0.68,0.2066,0.75,0.566,0,0,0,0,0,0
C:/PropScore_AI/data/raw_videos/ravdess/Actor_12/03-01-08-02-01-01-12.wav,hot,Kids are talking by the door.,positive,surprise,100.0,1668.68,0.00871,1.62,-543.374,45.287,-14.542,5.719,-8.22,0,unknown,0.88,0.2143,0.75,0.6283,0,0,0,0,0,0
C:/PropScore_AI/data/raw_videos/ravdess/Actor_12/03-01-08-02-01-02-12.wav,hot,Kids are talking by the door.,positive,surprise,100.0,1790.243,0.01093,1.606,-517.449,32.735,-19.879,5.633,-13.918,0,unknown,0.88,0.2262,0.75,0.6319,0,0,0,0,0,0
C:/PropScore_AI/data/raw_videos/ravdess/Actor_12/03-01-08-02-02-01-12.wav,hot,Dogs are sitting by the door.,positive,surprise,100.0,1397.079,0.00976,1.606,-537.537,42.6,-10.491,3.85,-8.786,0,unknown,0.88,0.2192,0.75,0.6298,0,0,0,0,0,0
C:/PropScore_AI/data/raw_videos/ravdess/Actor_12/03-01-08-02-02-02-12.wav,hot,Dogs are sitting by the door.,positive,surprise,100.0,1513.733,0.00857,1.635,-560.647,38.452,-14.336,-3.537,-10.29,0,unknown,0.88,0.2149,0.75,0.6285,0,0,0,0,0,0
C:/PropScore_AI/data/raw_videos/ravdess/Actor_13/03-01-01-01-01-01-13.wav,warm,Kids are talking by the door.,positive,neutral,50.0,1290.484,0.00195,1.893,-727.825,62.116,0.054,15.536,5.436,0,unknown,0.5,0.201,0.45,0.3903,0,0,0,0,0,0
C:/PropScore_AI/data/raw_videos/ravdess/Actor_13/03-01-01-01-01-02-13.wav,warm,Kids are talking by the door.,positive,neutral,50.0,1003.173,0.00201,1.873,-708.427,60.559,1.229,12.415,5.003,0,unknown,0.5,0.1994,0.45,0.3898,0,0,0,0,0,0
C:/PropScore_AI/data/raw_videos/ravdess/Actor_13/03-01-01-01-02-01-13.wav,warm,Dogs are sitting by the door.,positive,neutral,50.0,1039.529,0.00206,1.955,-712.138,57.394,-0.607,12.745,7.025,0,unknown,0.5,0.2079,0.45,0.3924,0,0,0,0,0,0
C:/PropScore_AI/data/raw_videos/ravdess/Actor_13/03-01-01-01-02-02-13.wav,warm,Dogs are sitting by the door.,positive,neutral,50.0,1251.467,0.00249,1.913,-694.566,50.742,-2.298,13.333,3.898,0,unknown,0.5,0.2062,0.45,0.3919,0,0,0,0,0,0
C:/PropScore_AI/data/raw_videos/ravdess/Actor_13/03-01-02-01-01-01-13.wav,warm,Kids are talking by the door.,positive,calm,50.0,947.354,0.00166,1.816,-711.307,76.348,5.359,21.053,8.712,0,unknown,0.56,0.1916,0.45,0.4055,0,0,0,0,0,0
C:/PropScore_AI/data/raw_videos/ravdess/Actor_13/03-01-02-01-01-02-13.wav,warm,Kids are talking by the door.,positive,calm,50.0,1099.689,0.00183,1.893,-722.677,71.072,1.829,17.169,6.883,0,unknown,0.56,0.2003,0.45,0.4081,0,0,0,0,0,0
C:/PropScore_AI/data/raw_videos/ravdess/Actor_13/03-01-02-01-02-01-13.wav,warm,The dogs are sitting by the door.,positive,calm,50.0,921.442,0.00165,2.232,-723.75,69.51,10.707,17.402,8.741,0,unknown,0.56,0.2331,0.45,0.4179,0,0,0,0,0,0
C:/PropScore_AI/data/raw_videos/ravdess/Actor_13/03-01-02-01-02-02-13.wav,warm,Dogs are sitting right at the door.,positive,calm,50.0,1052.482,0.00164,2.384,-721.12,64.315,5.573,16.549,4.399,0,unknown,0.56,0.2482,0.45,0.4225,0,0,0,0,0,0
C:/PropScore_AI/data/raw_videos/ravdess/Actor_13/03-01-02-02-01-01-13.wav,warm,Kids are talking by the door.,positive,calm,100.0,1071.996,0.00162,1.913,-729.175,67.647,3.7,17.829,9.449,0,unknown,0.76,0.201,0.45,0.4683,0,0,0,0,0,0
C:/PropScore_AI/data/raw_videos/ravdess/Actor_13/03-01-02-02-01-02-13.wav,warm,Kids are talking by the door.,positive,calm,100.0,1188.631,0.00216,1.873,-700.512,64.565,-3.646,13.777,7.962,0,unknown,0.76,0.2003,0.45,0.4681,0,0,0,0,0,0
C:/PropScore_AI/data/raw_videos/ravdess/Actor_13/03-01-02-02-02-01-13.wav,warm,Dogs are sitting by the door.,positive,calm,100.0,895.785,0.00204,1.998,-700.412,56.318,-0.384,16.602,5.37,0,unknown,0.76,0.212,0.45,0.4716,0,0,0,0,0,0
C:/PropScore_AI/data/raw_videos/ravdess/Actor_13/03-01-02-02-02-02-13.wav,warm,Dogs are sitting by the door.,positive,calm,100.0,1324.912,0.00212,1.976,-708.531,59.96,-2.705,15.082,2.818,0,unknown,0.76,0.2103,0.45,0.4711,0,0,0,0,0,0
C:/PropScore_AI/data/raw_videos/ravdess/Actor_13/03-01-03-01-01-01-13.wav,hot,Kids are talking by the door.,positive,happy,50.0,1238.206,0.00362,1.854,-658.901,54.065,-8.25,14.4,3.041,0,unknown,0.8,0.2071,0.75,0.6021,0,0,0,0,0,0
C:/PropScore_AI/data/raw_videos/ravdess/Actor_13/03-01-03-01-01-02-13.wav,hot,Kids are talking by the door.,positive,happy,50.0,1244.617,0.00344,1.873,-665.216,55.388,-7.322,13.719,5.265,0,unknown,0.8,0.2079,0.75,0.6024,0,0,0,0,0,0
C:/PropScore_AI/data/raw_videos/ravdess/Actor_13/03-01-03-01-02-01-13.wav,hot,Dogs are sitting by the door.,positive,happy,50.0,1188.18,0.00337,1.913,-654.493,49.249,-1.636,9.907,4.017,0,unknown,0.8,0.2115,0.75,0.6035,0,0,0,0,0,0
C:/PropScore_AI/data/raw_videos/ravdess/Actor_13/03-01-03-01-02-02-13.wav,hot,Dogs are sitting by the door.,positive,happy,50.0,1283.051,0.00454,1.873,-636.255,48.839,-1.7,9.4,3.119,0,unknown,0.8,0.2145,0.75,0.6044,0,0,0,0,0,0
C:/PropScore_AI/data/raw_videos/ravdess/Actor_13/03-01-03-02-01-01-13.wav,hot,Kids are talking by the door.,positive,happy,100.0,1478.555,0.00551,1.746,-577.904,49.742,-10.453,14.501,5.765,0,unknown,1.0,0.2077,0.75,0.6623,0,0,0,0,0,0
C:/PropScore_AI/data/raw_videos/ravdess/Actor_13/03-01-03-02-01-02-13.wav,hot,Kids are talking by the door.,positive,happy,100.0,1269.363,0.01218,1.665,-519.172,47.846,-6.387,4.415,0.401,0,unknown,1.0,0.2396,0.75,0.6719,0,0,0,0,0,0
C:/PropScore_AI/data/raw_videos/ravdess/Actor_13/03-01-03-02-02-01-13.wav,hot,Dogs are sitting by the door!,positive,happy,100.0,1329.848,0.01255,1.78,-517.552,29.327,-6.779,-4.846,-3.969,0,unknown,1.0,0.2533,0.75,0.676,0,0,0,0,0,0
C:/PropScore_AI/data/raw_videos/ravdess/Actor_13/03-01-03-02-02-02-13.wav,hot,Dogs are sitting by the door.,positive,happy,100.0,1081.156,0.01256,1.798,-535.3,34.569,-7.575,-3.265,-4.254,0,unknown,1.0,0.2552,0.75,0.6766,0,0,0,0,0,0
C:/PropScore_AI/data/raw_videos/ravdess/Actor_13/03-01-04-01-01-01-13.wav,cold,Kids are talking by the door.,positive,sad,50.0,1244.386,0.00208,1.681,-703.179,71.546,12.868,17.282,6.482,0,unknown,0.32,0.1806,0.3,0.2702,0,0,0,0,0,0
C:/PropScore_AI/data/raw_videos/ravdess/Actor_13/03-01-04-01-01-02-13.wav,cold,Kids are talking by the door.,positive,sad,50.0,1562.58,0.00182,1.696,-711.64,69.407,8.623,16.598,7.976,0,unknown,0.32,0.1805,0.3,0.2702,0,0,0,0,0,0
C:/PropScore_AI/data/raw_videos/ravdess/Actor_13/03-01-04-01-02-01-13.wav,cold,Dogs are sitting by the door.,positive,sad,50.0,1069.362,0.0019,1.746,-710.042,65.112,6.497,14.328,6.997,0,unknown,0.32,0.186,0.3,0.2718,0,0,0,0,0,0
C:/PropScore_AI/data/raw_videos/ravdess/Actor_13/03-01-04-01-02-02-13.wav,cold,Dogs are sitting by the door.,positive,sad,50.0,1436.987,0.00201,1.78,-704.485,63.69,6.52,11.534,4.161,0,unknown,0.32,0.1901,0.3,0.273,0,0,0,0,0,0
C:/PropScore_AI/data/raw_videos/ravdess/Actor_13/03-01-04-02-01-01-13.wav,cold,Kids are talking by the door.,positive,sad,100.0,1323.727,0.00345,1.798,-660.152,64.202,0.316,17.086,3.096,0,unknown,0.52,0.2005,0.3,0.3362,0,0,0,0,0,0
C:/PropScore_AI/data/raw_videos/ravdess/Actor_13/03-01-04-02-01-02-13.wav,cold,Kids are talking by the door.,positive,sad,100.0,1431.855,0.00249,1.816,-673.206,57.891,8.2,17.849,4.425,0,unknown,0.52,0.1965,0.3,0.3349,0,0,0,0,0,0
C:/PropScore_AI/data/raw_videos/ravdess/Actor_13/03-01-04-02-02-01-13.wav,cold,Dogs are sitting by the door.,positive,sad,100.0,1054.185,0.00265,1.746,-688.274,68.217,9.115,11.468,5.634,0,unknown,0.52,0.1905,0.3,0.3332,0,0,0,0,0,0
C:/PropScore_AI/data/raw_videos/ravdess/Actor_13/03-01-04-02-02-02-13.wav,cold,Dogs are sitting by the door.,positive,sad,100.0,1392.744,0.00198,1.873,-708.735,60.772,15.666,18.072,8.495,0,unknown,0.52,0.1992,0.3,0.3358,0,0,0,0,0,0
C:/PropScore_AI/data/raw_videos/ravdess/Actor_13/03-01-05-01-01-01-13.wav,cold,Kids are talking by the door.,positive,angry,50.0,1389.225,0.0055,1.746,-600.429,49.08,-4.534,13.191,-1.897,0,unknown,0.29,0.2076,0.3,0.2693,0,0,0,0,0,0
C:/PropScore_AI/data/raw_videos/ravdess/Actor_13/03-01-05-01-01-02-13.wav,cold,Kids are talking by the door.,positive,angry,50.0,1254.39,0.00746,1.696,-562.016,43.769,-6.257,9.057,-3.892,0,unknown,0.29,0.2144,0.3,0.2713,0,0,0,0,0,0
C:/PropScore_AI/data/raw_videos/ravdess/Actor_13/03-01-05-01-02-01-13.wav,cold,Dogs are sitting by the door.,positive,angry,50.0,1232.129,0.00716,1.665,-555.18,43.126,-5.092,11.5,-0.585,0,unknown,0.29,0.2095,0.3,0.2698,0,0,0,0,0,0
C:/PropScore_AI/data/raw_videos/ravdess/Actor_13/03-01-05-01-02-02-13.wav,cold,Dogs are sitting by the door.,positive,angry,50.0,1231.237,0.00918,1.78,-552.819,40.862,-7.302,8.814,-3.655,0,unknown,0.29,0.2331,0.3,0.2769,0,0,0,0,0,0
C:/PropScore_AI/data/raw_videos/ravdess/Actor_13/03-01-05-02-01-01-13.wav,cold,Kids are talking by the door!,positive,angry,100.0,1476.596,0.05325,1.635,-346.333,13.398,-12.956,-4.191,-10.433,0,unknown,0.49,0.483,0.3,0.4119,0,0,0,0,0,0
C:/PropScore_AI/data/raw_videos/ravdess/Actor_13/03-01-05-02-01-02-13.wav,cold,Kids are talking by the door!,positive,angry,100.0,1533.466,0.02857,1.405,-411.353,33.106,-5.944,7.283,-6.608,0,unknown,0.49,0.3119,0.3,0.3606,0,0,0,0,0,0
C:/PropScore_AI/data/raw_videos/ravdess/Actor_13/03-01-05-02-02-01-13.wav,cold,Dogs are sitting by the door!,positive,angry,100.0,1340.319,0.0426,1.681,-395.473,19.5,-14.162,-6.138,-9.071,0,unknown,0.49,0.4237,0.3,0.3941,0,0,0,0,0,0
C:/PropScore_AI/data/raw_videos/ravdess/Actor_13/03-01-05-02-02-02-13.wav,cold,Dogs are sitting by the door!,positive,angry,100.0,1476.503,0.09009,1.439,-312.615,4.079,-17.515,-14.146,-15.056,0,unknown,0.49,0.6844,0.3,0.4723,0,0,0,0,0,0
C:/PropScore_AI/data/raw_videos/ravdess/Actor_13/03-01-06-01-01-01-13.wav,cold,Kids are talking by the door.,positive,fear,50.0,1409.69,0.00309,1.913,-674.308,53.591,4.058,12.576,5.678,0,unknown,0.38,0.2098,0.3,0.2969,0,0,0,0,0,0
C:/PropScore_AI/data/raw_videos/ravdess/Actor_13/03-01-06-01-01-02-13.wav,cold,Kids are talking by the door.,positive,fear,50.0,1288.139,0.00216,1.893,-688.013,50.824,10.931,14.736,6.881,0,unknown,0.38,0.2023,0.3,0.2947,0,0,0,0,0,0
C:/PropScore_AI/data/raw_videos/ravdess/Actor_13/03-01-06-01-02-01-13.wav,cold,Dogs are sitting by the door.,positive,fear,50.0,1116.441,0.00429,1.873,-618.603,46.056,3.885,10.893,4.427,0,unknown,0.38,0.213,0.3,0.2979,0,0,0,0,0,0
C:/PropScore_AI/data/raw_videos/ravdess/Actor_13/03-01-06-01-02-02-13.wav,cold,Dogs are sitting by the door.,positive,fear,50.0,997.796,0.00458,1.854,-627.58,54.976,6.017,11.974,5.016,0,unknown,0.38,0.2129,0.3,0.2979,0,0,0,0,0,0
C:/PropScore_AI/data/raw_videos/ravdess/Actor_13/03-01-06-02-01-01-13.wav,cold,Kids are talking by the door.,positive,fear,100.0,1356.146,0.00336,1.78,-661.948,50.33,6.969,10.708,2.878,0,unknown,0.58,0.1982,0.3,0.3535,0,0,0,0,0,0
C:/PropScore_AI/data/raw_videos/ravdess/Actor_13/03-01-06-02-01-02-13.wav,cold,Kids are talking by the door!,positive,fear,100.0,1263.642,0.01707,1.835,-495.783,28.447,-6.06,2.405,-5.032,0,unknown,0.58,0.2859,0.3,0.3798,0,0,0,0,0,0
C:/PropScore_AI/data/raw_videos/ravdess/Actor_13/03-01-06-02-02-01-13.wav,cold,Dogs are sitting by the door!,positive,fear,100.0,1282.361,0.01423,1.713,-486.807,33.406,-5.051,-0.252,-6.393,0,unknown,0.58,0.2567,0.3,0.371,0,0,0,0,0,0
C:/PropScore_AI/data/raw_videos/ravdess/Actor_13/03-01-06-02-02-02-13.wav,cold,Dogs are sitting by the door.,positive,fear,100.0,1173.564,0.00387,1.873,-633.222,47.809,4.182,12.029,5.167,0,unknown,0.58,0.2105,0.3,0.3571,0,0,0,0,0,0
C:/PropScore_AI/data/raw_videos/ravdess/Actor_13/03-01-07-01-01-01-13.wav,cold,Kids are talking by the door.,positive,disgust,50.0,1086.414,0.00176,1.913,-724.519,65.374,2.811,19.032,4.958,0,unknown,0.26,0.2019,0.3,0.2586,0,0,0,0,0,0
C:/PropScore_AI/data/raw_videos/ravdess/Actor_13/03-01-07-01-01-02-13.wav,cold,Kids are talking by the door.,positive,disgust,50.0,1322.003,0.00173,1.893,-723.254,64.294,4.555,18.713,1.51,0,unknown,0.26,0.1997,0.3,0.2579,0,0,0,0,0,0
C:/PropScore_AI/data/raw_videos/ravdess/Actor_13/03-01-07-01-02-01-13.wav,cold,Dogs are sitting by the door.,positive,disgust,50.0,877.095,0.00197,1.835,-712.629,66.259,7.006,15.963,7.144,0,unknown,0.26,0.1953,0.3,0.2566,0,0,0,0,0,0
C:/PropScore_AI/data/raw_videos/ravdess/Actor_13/03-01-07-01-02-02-13.wav,cold,Dogs are sitting by the door.,positive,disgust,50.0,1255.334,0.00216,1.854,-706.405,62.489,8.381,12.165,2.896,0,unknown,0.26,0.1984,0.3,0.2575,0,0,0,0,0,0
C:/PropScore_AI/data/raw_videos/ravdess/Actor_13/03-01-07-02-01-01-13.wav,cold,Kids are talking by the door.,positive,disgust,100.0,1302.392,0.0036,1.763,-625.864,52.369,5.426,12.642,0.854,0,unknown,0.46,0.1979,0.3,0.3174,0,0,0,0,0,0
C:/PropScore_AI/data/raw_videos/ravdess/Actor_13/03-01-07-02-01-02-13.wav,cold,Kids are talking by the door.,positive,disgust,100.0,1258.005,0.00474,1.62,-611.289,62.303,2.98,13.887,-0.484,0,unknown,0.46,0.1904,0.3,0.3151,0,0,0,0,0,0
C:/PropScore_AI/data/raw_videos/ravdess/Actor_13/03-01-07-02-02-01-13.wav,cold,Dogs are sitting by the door.,positive,disgust,100.0,1238.254,0.00212,1.763,-701.938,67.775,10.913,11.866,3.915,0,unknown,0.46,0.189,0.3,0.3147,0,0,0,0,0,0
C:/PropScore_AI/data/raw_videos/ravdess/Actor_13/03-01-07-02-02-02-13.wav,cold,Dogs are sitting by the door.,positive,disgust,100.0,993.756,0.00307,1.746,-643.535,62.231,2.484,9.834,0.657,0,unknown,0.46,0.193,0.3,0.3159,0,0,0,0,0,0
C:/PropScore_AI/data/raw_videos/ravdess/Actor_13/03-01-08-01-01-01-13.wav,hot,Kids are talking by the door.,positive,surprise,50.0,1232.482,0.00692,1.763,-598.629,50.05,-4.035,2.314,-1.935,0,unknown,0.68,0.2178,0.75,0.5693,0,0,0,0,0,0
C:/PropScore_AI/data/raw_videos/ravdess/Actor_13/03-01-08-01-01-02-13.wav,hot,Kids are talking by the door.,positive,surprise,50.0,1123.538,0.00315,1.913,-669.643,48.357,-1.371,2.573,1.535,0,unknown,0.68,0.2102,0.75,0.5671,0,0,0,0,0,0
C:/PropScore_AI/data/raw_videos/ravdess/Actor_13/03-01-08-01-02-01-13.wav,hot,Dogs are sitting by the door.,positive,surprise,50.0,1048.969,0.00314,1.913,-684.824,53.94,2.352,6.922,0.011,0,unknown,0.68,0.2101,0.75,0.567,0,0,0,0,0,0
C:/PropScore_AI/data/raw_videos/ravdess/Actor_13/03-01-08-01-02-02-13.wav,hot,Dogs are sitting by the door.,positive,surprise,50.0,937.35,0.00341,1.976,-669.671,43.099,0.529,4.925,-1.359,0,unknown,0.68,0.2181,0.75,0.5694,0,0,0,0,0,0
C:/PropScore_AI/data/raw_videos/ravdess/Actor_13/03-01-08-02-01-01-13.wav,hot,Kids are talking by the door.,positive,surprise,100.0,1208.519,0.00558,1.798,-612.072,43.87,-1.201,6.446,-0.121,0,unknown,0.88,0.2133,0.75,0.628,0,0,0,0,0,0
C:/PropScore_AI/data/raw_videos/ravdess/Actor_13/03-01-08-02-01-02-13.wav,hot,Kids are talking by the door.,positive,surprise,100.0,1052.946,0.00375,1.816,-636.599,52.645,4.463,11.367,6.594,0,unknown,0.88,0.2041,0.75,0.6252,0,0,0,0,0,0
C:/PropScore_AI/data/raw_videos/ravdess/Actor_13/03-01-08-02-02-01-13.wav,hot,Dogs are sitting by the door.,positive,surprise,100.0,999.569,0.0076,1.798,-564.538,45.618,-1.75,3.872,2.353,0,unknown,0.88,0.2254,0.75,0.6316,0,0,0,0,0,0
C:/PropScore_AI/data/raw_videos/ravdess/Actor_13/03-01-08-02-02-02-13.wav,hot,Dogs are sitting by the door.,positive,surprise,100.0,1144.696,0.00801,1.816,-573.715,45.937,-1.424,3.771,1.048,0,unknown,0.88,0.2297,0.75,0.6329,0,0,0,0,0,0
C:/PropScore_AI/data/raw_videos/ravdess/Actor_14/03-01-01-01-01-01-14.wav,warm,Kids are talking by the door.,positive,neutral,50.0,1864.135,0.00116,1.729,-751.841,38.964,6.293,7.347,-11.619,0,unknown,0.5,0.1799,0.45,0.384,0,0,0,0,0,0
C:/PropScore_AI/data/raw_videos/ravdess/Actor_14/03-01-01-01-01-02-14.wav,warm,Kids are talking by the door.,positive,neutral,50.0,1753.455,0.00108,1.798,-748.72,38.659,6.533,7.226,-9.463,0,unknown,0.5,0.1863,0.45,0.3859,0,0,0,0,0,0
C:/PropScore_AI/data/raw_videos/ravdess/Actor_14/03-01-01-01-02-01-14.wav,warm,Dogs are sitting by the door.,positive,neutral,50.0,1764.439,0.00153,1.729,-724.29,36.003,3.544,4.618,-8.398,0,unknown,0.5,0.1821,0.45,0.3846,0,0,0,0,0,0
C:/PropScore_AI/data/raw_videos/ravdess/Actor_14/03-01-01-01-02-02-14.wav,warm,Dogs are sitting by the door.,positive,neutral,50.0,1863.315,0.00165,1.681,-719.422,39.701,3.989,1.911,-10.986,0,unknown,0.5,0.178,0.45,0.3834,0,0,0,0,0,0
C:/PropScore_AI/data/raw_videos/ravdess/Actor_14/03-01-02-01-01-01-14.wav,warm,Kids are talking by the door.,positive,calm,50.0,1922.793,0.00167,1.606,-702.027,33.82,-0.124,3.853,-12.717,0,unknown,0.56,0.1706,0.45,0.3992,0,0,0,0,0,0
C:/PropScore_AI/data/raw_videos/ravdess/Actor_14/03-01-02-01-01-02-14.wav,warm,Kids are talking by the door.,positive,calm,50.0,1968.518,0.00098,1.681,-771.465,35.985,5.776,8.107,-8.407,0,unknown,0.56,0.174,0.45,0.4002,0,0,0,0,0,0
C:/PropScore_AI/data/raw_videos/ravdess/Actor_14/03-01-02-01-02-01-14.wav,warm,Talks are sitting by the door.,positive,calm,50.0,1971.473,0.00175,1.763,-709.803,22.293,6.839,2.217,-8.716,0,unknown,0.56,0.1868,0.45,0.404,0,0,0,0,0,0
C:/PropScore_AI/data/raw_videos/ravdess/Actor_14/03-01-02-01-02-02-14.wav,warm,Dogs are sitting by the door.,positive,calm,50.0,1971.097,0.00191,1.713,-717.449,28.705,4.077,5.155,-10.688,0,unknown,0.56,0.1828,0.45,0.4028,0,0,0,0,0,0
C:/PropScore_AI/data/raw_videos/ravdess/Actor_14/03-01-02-02-01-01-14.wav,warm,Kids are talking by the door.,positive,calm,100.0,1874.868,0.00056,1.55,-771.956,39.338,6.094,4.387,-9.161,0,unknown,0.76,0.1584,0.45,0.4555,0,0,0,0,0,0
C:/PropScore_AI/data/raw_videos/ravdess/Actor_14/03-01-02-02-01-02-14.wav,warm,Kids are talking by the door.,positive,calm,100.0,1945.823,0.0008,1.537,-763.659,29.61,4.0,6.994,-8.929,0,unknown,0.76,0.1585,0.45,0.4556,0,0,0,0,0,0
C:/PropScore_AI/data/raw_videos/ravdess/Actor_14/03-01-02-02-02-01-14.wav,warm,Dogs are sitting by the door.,positive,calm,100.0,1852.156,0.00093,1.606,-771.907,39.8,5.744,0.576,-6.316,0,unknown,0.76,0.1662,0.45,0.4579,0,0,0,0,0,0
C:/PropScore_AI/data/raw_videos/ravdess/Actor_14/03-01-02-02-02-02-14.wav,warm,Dogs are sitting by the door.,positive,calm,100.0,1925.255,0.00146,1.591,-736.675,34.812,6.388,3.493,-10.142,0,unknown,0.76,0.1679,0.45,0.4584,0,0,0,0,0,0
C:/PropScore_AI/data/raw_videos/ravdess/Actor_14/03-01-03-01-01-01-14.wav,hot,Kids are talking by the door.,positive,happy,50.0,1926.818,0.01055,1.62,-527.586,22.457,-15.896,12.293,-22.412,0,unknown,0.8,0.2253,0.75,0.6076,0,0,0,0,0,0
C:/PropScore_AI/data/raw_videos/ravdess/Actor_14/03-01-03-01-01-02-14.wav,hot,Kids are talking by the door.,positive,happy,50.0,1863.786,0.01017,1.635,-548.097,26.394,-15.075,2.775,-16.171,0,unknown,0.8,0.2245,0.75,0.6074,0,0,0,0,0,0
C:/PropScore_AI/data/raw_videos/ravdess/Actor_14/03-01-03-01-02-01-14.wav,hot,Dogs are sitting by the door.,positive,happy,50.0,1990.65,0.00623,1.763,-590.665,22.936,-10.25,3.96,-15.504,0,unknown,0.8,0.2137,0.75,0.6041,0,0,0,0,0,0
C:/PropScore_AI/data/raw_videos/ravdess/Actor_14/03-01-03-01-02-02-14.wav,hot,Dogs are sitting by the door.,positive,happy,50.0,1898.832,0.00694,1.729,-588.611,23.075,-10.915,2.521,-14.939,0,unknown,0.8,0.2145,0.75,0.6044,0,0,0,0,0,0
C:/PropScore_AI/data/raw_videos/ravdess/Actor_14/03-01-03-02-01-01-14.wav,hot,Kids are talking by the door!,positive,happy,100.0,1994.428,0.02519,1.591,-442.498,11.729,-34.023,2.256,-27.887,0,unknown,1.0,0.3102,0.75,0.6931,0,0,0,0,0,0
C:/PropScore_AI/data/raw_videos/ravdess/Actor_14/03-01-03-02-01-02-14.wav,hot,Kids are talking by the door!,positive,happy,100.0,1982.581,0.02058,1.606,-451.442,11.02,-31.74,3.966,-26.602,0,unknown,1.0,0.2841,0.75,0.6852,0,0,0,0,0,0
C:/PropScore_AI/data/raw_videos/ravdess/Actor_14/03-01-03-02-02-01-14.wav,hot,Dogs are sitting by the door!,positive,happy,100.0,1970.84,0.02903,1.564,-438.602,3.999,-41.713,5.392,-29.351,0,unknown,1.0,0.3306,0.75,0.6992,0,0,0,0,0,0
C:/PropScore_AI/data/raw_videos/ravdess/Actor_14/03-01-03-02-02-02-14.wav,hot,Dogs are sitting by the door!,positive,happy,100.0,2034.656,0.02578,1.606,-460.937,7.123,-33.183,6.168,-25.621,0,unknown,1.0,0.3153,0.75,0.6946,0,0,0,0,0,0
C:/PropScore_AI/data/raw_videos/ravdess/Actor_14/03-01-04-01-01-01-14.wav,cold,Kids are talking by the door.,positive,sad,50.0,1884.393,0.00166,1.606,-696.824,43.774,11.322,11.755,-10.58,0,unknown,0.32,0.1706,0.3,0.2672,0,0,0,0,0,0
C:/PropScore_AI/data/raw_videos/ravdess/Actor_14/03-01-04-01-01-02-14.wav,cold,Kids are talking by the door.,positive,sad,50.0,1822.092,0.00234,1.665,-696.993,43.151,4.635,4.653,-10.582,0,unknown,0.32,0.1805,0.3,0.2702,0,0,0,0,0,0
C:/PropScore_AI/data/raw_videos/ravdess/Actor_14/03-01-04-01-02-01-14.wav,cold,Dogs are sitting by the door.,positive,sad,50.0,1901.947,0.00172,1.665,-672.911,31.095,4.647,7.264,-12.862,0,unknown,0.32,0.1768,0.3,0.269,0,0,0,0,0,0
C:/PropScore_AI/data/raw_videos/ravdess/Actor_14/03-01-04-01-02-02-14.wav,cold,Dogs are sitting by the door.,positive,sad,50.0,1663.297,0.00241,1.696,-664.928,38.85,9.409,6.433,-8.025,0,unknown,0.32,0.1841,0.3,0.2712,0,0,0,0,0,0
C:/PropScore_AI/data/raw_videos/ravdess/Actor_14/03-01-04-02-01-01-14.wav,cold,Kids are talking by the door.,positive,sad,100.0,1948.713,0.00334,1.55,-607.992,26.638,-4.401,1.742,-14.174,0,unknown,0.52,0.175,0.3,0.3285,0,0,0,0,0,0
C:/PropScore_AI/data/raw_videos/ravdess/Actor_14/03-01-04-02-01-02-14.wav,cold,Kids are talking by the door.,positive,sad,100.0,1876.406,0.00211,1.635,-666.989,36.4,-3.766,8.114,-12.307,0,unknown,0.52,0.1762,0.3,0.3289,0,0,0,0,0,0
C:/PropScore_AI/data/raw_videos/ravdess/Actor_14/03-01-04-02-02-01-14.wav,cold,Dogs are sitting by the door.,positive,sad,100.0,1879.061,0.00436,1.635,-599.529,30.686,-6.819,0.83,-17.002,0,unknown,0.52,0.1897,0.3,0.3329,0,0,0,0,0,0
C:/PropScore_AI/data/raw_videos/ravdess/Actor_14/03-01-04-02-02-02-14.wav,cold,Dogs are sitting by the door.,positive,sad,100.0,1930.712,0.00646,1.537,-568.552,26.583,-15.921,7.088,-24.977,0,unknown,0.52,0.1925,0.3,0.3337,0,0,0,0,0,0
C:/PropScore_AI/data/raw_videos/ravdess/Actor_14/03-01-05-01-01-01-14.wav,cold,Kids are talking by the door.,positive,angry,50.0,1886.145,0.00557,1.665,-587.583,24.626,-5.803,0.864,-15.856,0,unknown,0.29,0.1999,0.3,0.267,0,0,0,0,0,0
C:/PropScore_AI/data/raw_videos/ravdess/Actor_14/03-01-05-01-01-02-14.wav,cold,Kids are talking by the door.,positive,angry,50.0,1784.293,0.00702,1.62,-568.629,27.44,-7.639,1.744,-17.284,0,unknown,0.29,0.2041,0.3,0.2682,0,0,0,0,0,0
C:/PropScore_AI/data/raw_videos/ravdess/Actor_14/03-01-05-01-02-01-14.wav,cold,Dogs are sitting by the door.,positive,angry,50.0,1943.755,0.0085,1.606,-544.746,21.282,-9.516,2.972,-22.413,0,unknown,0.29,0.2116,0.3,0.2705,0,0,0,0,0,0
C:/PropScore_AI/data/raw_videos/ravdess/Actor_14/03-01-05-01-02-02-14.wav,cold,Dogs are sitting by the door.,positive,angry,50.0,1932.804,0.0089,1.537,-540.756,23.837,-14.262,-2.765,-21.588,0,unknown,0.29,0.2071,0.3,0.2691,0,0,0,0,0,0
C:/PropScore_AI/data/raw_videos/ravdess/Actor_14/03-01-05-02-01-01-14.wav,cold,Kids are talking by the door!,positive,angry,100.0,1824.413,0.04974,1.405,-364.078,21.841,-31.72,-3.893,-31.059,0,unknown,0.49,0.4389,0.3,0.3987,0,0,0,0,0,0
C:/PropScore_AI/data/raw_videos/ravdess/Actor_14/03-01-05-02-01-02-14.wav,cold,Kids are talking by the door!,positive,angry,100.0,1921.822,0.03593,1.373,-389.401,17.478,-32.292,-4.925,-32.517,0,unknown,0.49,0.3529,0.3,0.3729,0,0,0,0,0,0
C:/PropScore_AI/data/raw_videos/ravdess/Actor_14/03-01-05-02-02-01-14.wav,cold,Dogs are sitting by the door!,positive,angry,100.0,1914.015,0.04948,1.439,-364.966,13.696,-35.992,-10.219,-30.906,0,unknown,0.49,0.4408,0.3,0.3992,0,0,0,0,0,0
C:/PropScore_AI/data/raw_videos/ravdess/Actor_14/03-01-05-02-02-02-14.wav,cold,Dogs are sitting by the door!,positive,angry,100.0,1867.993,0.03482,1.362,-414.603,19.619,-24.105,-5.455,-29.888,0,unknown,0.49,0.3451,0.3,0.3705,0,0,0,0,0,0
C:/PropScore_AI/data/raw_videos/ravdess/Actor_14/03-01-06-01-01-01-14.wav,cold,Kids are talking by the door.,positive,fear,50.0,1976.818,0.0015,1.78,-702.614,35.542,9.009,14.258,-9.01,0,unknown,0.38,0.187,0.3,0.2901,0,0,0,0,0,0
C:/PropScore_AI/data/raw_videos/ravdess/Actor_14/03-01-06-01-01-02-14.wav,cold,Kids are talking by the door.,positive,fear,50.0,1969.233,0.00184,1.681,-655.872,30.055,-0.628,6.832,-9.565,0,unknown,0.38,0.1791,0.3,0.2877,0,0,0,0,0,0
C:/PropScore_AI/data/raw_videos/ravdess/Actor_14/03-01-06-01-02-01-14.wav,cold,Dogs are sitting by the door.,positive,fear,50.0,1909.358,0.00217,1.78,-679.332,33.992,5.71,5.308,-7.532,0,unknown,0.38,0.191,0.3,0.2913,0,0,0,0,0,0
C:/PropScore_AI/data/raw_videos/ravdess/Actor_14/03-01-06-01-02-02-14.wav,cold,Dogs are sitting by the door.,positive,fear,50.0,2019.718,0.00307,1.78,-638.206,28.176,-4.034,7.809,-10.292,0,unknown,0.38,0.1964,0.3,0.2929,0,0,0,0,0,0
C:/PropScore_AI/data/raw_videos/ravdess/Actor_14/03-01-06-02-01-01-14.wav,cold,Kids are talking by the door!,positive,fear,100.0,2040.004,0.0342,1.78,-424.292,1.732,-35.569,-1.52,-26.013,0,unknown,0.58,0.3832,0.3,0.409,0,0,0,0,0,0
C:/PropScore_AI/data/raw_videos/ravdess/Actor_14/03-01-06-02-01-02-14.wav,cold,Kids are talking by the door!,positive,fear,100.0,2023.386,0.03323,1.763,-422.016,3.535,-33.08,4.178,-23.859,0,unknown,0.58,0.3757,0.3,0.4067,0,0,0,0,0,0
C:/PropScore_AI/data/raw_videos/ravdess/Actor_14/03-01-06-02-02-01-14.wav,cold,Dogs are sitting by the door!,positive,fear,100.0,2041.174,0.01673,1.713,-491.523,7.656,-28.86,-1.846,-25.665,0,unknown,0.58,0.2717,0.3,0.3755,0,0,0,0,0,0
C:/PropScore_AI/data/raw_videos/ravdess/Actor_14/03-01-06-02-02-02-14.wav,cold,Dogs are sitting by the door!,positive,fear,100.0,2042.631,0.02016,1.729,-472.736,5.751,-33.199,-2.779,-26.846,0,unknown,0.58,0.2939,0.3,0.3822,0,0,0,0,0,0
C:/PropScore_AI/data/raw_videos/ravdess/Actor_14/03-01-07-01-01-01-14.wav,cold,Kids are talking by the door.,positive,disgust,50.0,2004.266,0.00455,1.591,-578.498,24.441,-5.174,1.153,-10.566,0,unknown,0.26,0.1864,0.3,0.2539,0,0,0,0,0,0
C:/PropScore_AI/data/raw_videos/ravdess/Actor_14/03-01-07-01-01-02-14.wav,cold,Kids are talking by the door.,positive,disgust,50.0,1874.59,0.00346,1.65,-643.683,37.866,-7.273,-1.7,-14.225,0,unknown,0.26,0.1858,0.3,0.2537,0,0,0,0,0,0
C:/PropScore_AI/data/raw_videos/ravdess/Actor_14/03-01-07-01-02-01-14.wav,cold,Dogs are sitting by the door.,positive,disgust,50.0,1859.601,0.00309,1.606,-648.155,31.238,3.186,-0.822,-6.949,0,unknown,0.26,0.1791,0.3,0.2517,0,0,0,0,0,0
C:/PropScore_AI/data/raw_videos/ravdess/Actor_14/03-01-07-01-02-02-14.wav,cold,Dogs are sitting by the door.,positive,disgust,50.0,1876.02,0.007,1.591,-553.698,34.902,-2.536,-3.193,-17.975,0,unknown,0.26,0.2011,0.3,0.2583,0,0,0,0,0,0
C:/PropScore_AI/data/raw_videos/ravdess/Actor_14/03-01-07-02-01-01-14.wav,cold,Kids are talking by the door.,positive,disgust,100.0,2011.474,0.00909,1.524,-503.671,19.333,-13.319,2.107,-26.38,0,unknown,0.46,0.2069,0.3,0.3201,0,0,0,0,0,0
C:/PropScore_AI/data/raw_videos/ravdess/Actor_14/03-01-07-02-01-02-14.wav,cold,Kids are talking by the door.,positive,disgust,100.0,1920.09,0.00414,1.606,-594.826,27.143,-7.742,0.664,-16.854,0,unknown,0.46,0.1854,0.3,0.3136,0,0,0,0,0,0
C:/PropScore_AI/data/raw_videos/ravdess/Actor_14/03-01-07-02-02-01-14.wav,cold,Dogs are sitting by the door.,positive,disgust,100.0,1902.83,0.00382,1.635,-591.132,33.028,1.113,0.482,-13.992,0,unknown,0.46,0.1864,0.3,0.3139,0,0,0,0,0,0
C:/PropScore_AI/data/raw_videos/ravdess/Actor_14/03-01-07-02-02-02-14.wav,cold,Dogs are sitting by the door.,positive,disgust,100.0,1896.372,0.00839,1.577,-581.524,30.14,-10.453,-3.64,-19.149,0,unknown,0.46,0.208,0.3,0.3204,0,0,0,0,0,0
C:/PropScore_AI/data/raw_videos/ravdess/Actor_14/03-01-08-01-01-01-14.wav,hot,Kids are talking by the door.,positive,surprise,50.0,1830.964,0.00199,1.65,-670.028,32.252,-4.376,3.035,-14.429,0,unknown,0.68,0.1769,0.75,0.5571,0,0,0,0,0,0
C:/PropScore_AI/data/raw_videos/ravdess/Actor_14/03-01-08-01-01-02-14.wav,hot,Kids are talking by the door.,positive,surprise,50.0,1925.224,0.00227,1.681,-654.361,31.776,-7.269,1.673,-13.258,0,unknown,0.68,0.1817,0.75,0.5585,0,0,0,0,0,0
C:/PropScore_AI/data/raw_videos/ravdess/Actor_14/03-01-08-01-02-01-14.wav,hot,Dogs are sitting by the door.,positive,surprise,50.0,1906.814,0.00251,1.873,-657.597,27.683,-2.485,1.026,-12.434,0,unknown,0.68,0.2024,0.75,0.5647,0,0,0,0,0,0
C:/PropScore_AI/data/raw_videos/ravdess/Actor_14/03-01-08-01-02-02-14.wav,hot,Dogs are sitting by the door.,positive,surprise,50.0,1887.692,0.00296,1.816,-640.965,29.444,-6.057,-1.135,-12.565,0,unknown,0.68,0.1994,0.75,0.5638,0,0,0,0,0,0
C:/PropScore_AI/data/raw_videos/ravdess/Actor_14/03-01-08-02-01-01-14.wav,hot,Kids are talking by the door.,positive,surprise,100.0,1889.807,0.00343,1.511,-630.086,40.842,-8.115,-1.16,-15.814,0,unknown,0.88,0.1717,0.75,0.6155,0,0,0,0,0,0
C:/PropScore_AI/data/raw_videos/ravdess/Actor_14/03-01-08-02-01-02-14.wav,hot,Kids are talking by the door.,positive,surprise,100.0,1852.327,0.00751,1.62,-580.218,34.066,-16.222,-3.26,-18.989,0,unknown,0.88,0.2071,0.75,0.6261,0,0,0,0,0,0
C:/PropScore_AI/data/raw_videos/ravdess/Actor_14/03-01-08-02-02-01-14.wav,hot,Dogs are sitting by the door.,positive,surprise,100.0,1901.051,0.00486,1.62,-581.486,27.791,-10.393,-3.283,-16.436,0,unknown,0.88,0.1912,0.75,0.6214,0,0,0,0,0,0
C:/PropScore_AI/data/raw_videos/ravdess/Actor_14/03-01-08-02-02-02-14.wav,hot,Dogs are sitting by the door.,positive,surprise,100.0,1848.568,0.00404,1.606,-610.516,26.791,-1.237,2.729,-13.131,0,unknown,0.88,0.1848,0.75,0.6194,0,0,0,0,0,0
C:/PropScore_AI/data/raw_videos/ravdess/Actor_15/03-01-01-01-01-01-15.wav,warm,Kids are talking by the door.,positive,neutral,50.0,1285.197,0.00451,1.78,-624.082,64.273,-5.817,18.51,2.065,0,unknown,0.5,0.2051,0.45,0.3915,0,0,0,0,0,0
C:/PropScore_AI/data/raw_videos/ravdess/Actor_15/03-01-01-01-01-02-15.wav,warm,Kids are talking by the door.,positive,neutral,50.0,1174.449,0.00371,1.746,-641.722,66.806,-0.893,22.305,2.412,0,unknown,0.5,0.1969,0.45,0.3891,0,0,0,0,0,0
C:/PropScore_AI/data/raw_videos/ravdess/Actor_15/03-01-01-01-02-01-15.wav,warm,Dogs are sitting by the door.,positive,neutral,50.0,984.782,0.00447,1.746,-627.099,72.871,-0.311,19.733,6.407,0,unknown,0.5,0.2014,0.45,0.3904,0,0,0,0,0,0
C:/PropScore_AI/data/raw_videos/ravdess/Actor_15/03-01-01-01-02-02-15.wav,warm,Dogs are sitting by the door.,positive,neutral,50.0,1076.227,0.00443,1.763,-624.787,68.152,0.4,19.833,2.915,0,unknown,0.5,0.2029,0.45,0.3909,0,0,0,0,0,0
C:/PropScore_AI/data/raw_videos/ravdess/Actor_15/03-01-02-01-01-01-15.wav,warm,Kids are talking by the door.,positive,calm,50.0,1146.186,0.00267,1.681,-643.957,76.734,2.515,19.316,3.549,0,unknown,0.56,0.1841,0.45,0.4032,0,0,0,0,0,0
C:/PropScore_AI/data/raw_videos/ravdess/Actor_15/03-01-02-01-01-02-15.wav,warm,Kids are talking by the door.,positive,calm,50.0,1426.745,0.00301,1.681,-638.583,65.416,1.628,20.432,1.959,0,unknown,0.56,0.1862,0.45,0.4039,0,0,0,0,0,0
C:/PropScore_AI/data/raw_videos/ravdess/Actor_15/03-01-02-01-02-01-15.wav,warm,Dogs are sitting by the door.,positive,calm,50.0,1745.79,0.00363,1.606,-599.53,70.237,-3.661,22.257,1.525,0,unknown,0.56,0.1824,0.45,0.4027,0,0,0,0,0,0
C:/PropScore_AI/data/raw_videos/ravdess/Actor_15/03-01-02-01-02-02-15.wav,warm,Dogs are sitting by the door.,positive,calm,50.0,1201.048,0.00329,1.681,-637.047,68.893,3.99,18.469,5.208,0,unknown,0.56,0.1878,0.45,0.4043,0,0,0,0,0,0
C:/PropScore_AI/data/raw_videos/ravdess/Actor_15/03-01-02-02-01-01-15.wav,warm,Kids are talking by the door.,positive,calm,100.0,1257.447,0.00327,1.635,-639.165,70.295,3.179,18.212,2.279,0,unknown,0.76,0.1831,0.45,0.4629,0,0,0,0,0,0
C:/PropScore_AI/data/raw_videos/ravdess/Actor_15/03-01-02-02-01-02-15.wav,warm,Kids are talking by the door.,positive,calm,100.0,1365.436,0.0033,1.577,-629.138,74.722,5.6,20.74,3.231,0,unknown,0.76,0.1775,0.45,0.4612,0,0,0,0,0,0
C:/PropScore_AI/data/raw_videos/ravdess/Actor_15/03-01-02-02-02-01-15.wav,warm,Dogs are sitting by the door.,positive,calm,100.0,1185.502,0.00408,1.524,-605.724,80.239,7.731,22.088,2.425,0,unknown,0.76,0.1769,0.45,0.4611,0,0,0,0,0,0
C:/PropScore_AI/data/raw_videos/ravdess/Actor_15/03-01-02-02-02-02-15.wav,warm,Dogs are sitting by the door.,positive,calm,100.0,1369.152,0.00332,1.665,-619.082,67.49,7.041,21.43,4.518,0,unknown,0.76,0.1864,0.45,0.4639,0,0,0,0,0,0
C:/PropScore_AI/data/raw_videos/ravdess/Actor_15/03-01-03-01-01-01-15.wav,hot,Kids are talking by the door.,positive,happy,50.0,1233.195,0.00543,1.763,-601.715,63.425,-11.792,21.983,1.998,0,unknown,0.8,0.2089,0.75,0.6027,0,0,0,0,0,0
C:/PropScore_AI/data/raw_videos/ravdess/Actor_15/03-01-03-01-01-02-15.wav,hot,Kids are talking by the door.,positive,happy,50.0,1141.967,0.00646,1.798,-584.097,62.775,-7.614,20.629,2.145,0,unknown,0.8,0.2186,0.75,0.6056,0,0,0,0,0,0
C:/PropScore_AI/data/raw_videos/ravdess/Actor_15/03-01-03-01-02-01-15.wav,hot,Dogs are sitting by the door.,positive,happy,50.0,1511.982,0.00517,1.798,-596.488,64.972,-9.72,22.432,7.629,0,unknown,0.8,0.2108,0.75,0.6032,0,0,0,0,0,0
C:/PropScore_AI/data/raw_videos/ravdess/Actor_15/03-01-03-01-02-02-15.wav,hot,Dogs are sitting by the door.,positive,happy,50.0,1214.781,0.00639,1.746,-583.781,61.699,-9.182,20.939,5.986,0,unknown,0.8,0.2129,0.75,0.6039,0,0,0,0,0,0
C:/PropScore_AI/data/raw_videos/ravdess/Actor_15/03-01-03-02-01-01-15.wav,hot,Kids are talking by the door.,positive,happy,100.0,1627.567,0.01434,1.681,-519.9,45.154,-2.029,22.904,4.623,0,unknown,1.0,0.2541,0.75,0.6762,0,0,0,0,0,0
C:/PropScore_AI/data/raw_videos/ravdess/Actor_15/03-01-03-02-01-02-15.wav,hot,Kids are talking by the door.,positive,happy,100.0,1520.561,0.01057,1.729,-523.006,55.717,-14.194,23.64,3.746,0,unknown,1.0,0.2363,0.75,0.6709,0,0,0,0,0,0
C:/PropScore_AI/data/raw_videos/ravdess/Actor_15/03-01-03-02-02-01-15.wav,hot,Dogs are sitting by the door.,positive,happy,100.0,1575.313,0.01308,1.577,-486.769,50.965,-12.817,20.651,2.632,0,unknown,1.0,0.2362,0.75,0.6709,0,0,0,0,0,0
C:/PropScore_AI/data/raw_videos/ravdess/Actor_15/03-01-03-02-02-02-15.wav,hot,Docs are sitting by the door.,neutral,happy,100.0,1633.971,0.00987,1.78,-552.025,48.736,-13.501,22.836,1.728,0,unknown,1.0,0.2372,0.55,0.5912,0,0,0,0,0,0
C:/PropScore_AI/data/raw_videos/ravdess/Actor_15/03-01-04-01-01-01-15.wav,cold,Kids are talking by the door.,positive,sad,50.0,1221.341,0.00514,1.713,-605.244,62.3,-3.959,21.781,1.7,0,unknown,0.32,0.2021,0.3,0.2766,0,0,0,0,0,0
C:/PropScore_AI/data/raw_videos/ravdess/Actor_15/03-01-04-01-01-02-15.wav,cold,Kids are talking by the door.,positive,sad,50.0,1152.625,0.00367,1.816,-651.524,65.616,1.247,26.024,7.863,0,unknown,0.32,0.2036,0.3,0.2771,0,0,0,0,0,0
C:/PropScore_AI/data/raw_videos/ravdess/Actor_15/03-01-04-01-02-01-15.wav,cold,Dogs are sitting by the door.,positive,sad,50.0,1310.714,0.0047,1.816,-609.044,59.129,-2.332,21.931,7.366,0,unknown,0.32,0.2098,0.3,0.2789,0,0,0,0,0,0
C:/PropScore_AI/data/raw_videos/ravdess/Actor_15/03-01-04-01-02-02-15.wav,cold,Dogs are sitting by the door.,positive,sad,50.0,1444.39,0.00415,1.78,-609.288,72.558,-3.048,23.054,6.295,0,unknown,0.32,0.2029,0.3,0.2769,0,0,0,0,0,0
C:/PropScore_AI/data/raw_videos/ravdess/Actor_15/03-01-04-02-01-01-15.wav,cold,Kids are talking by the door.,positive,sad,100.0,1331.872,0.00844,1.835,-557.366,53.327,-1.914,19.423,4.968,0,unknown,0.52,0.2341,0.3,0.3462,0,0,0,0,0,0
C:/PropScore_AI/data/raw_videos/ravdess/Actor_15/03-01-04-02-01-02-15.wav,cold,Get their talking by the door.,positive,sad,100.0,1192.446,0.00852,1.763,-551.759,51.48,-3.17,15.944,6.793,0,unknown,0.52,0.2274,0.3,0.3442,0,0,0,0,0,0
C:/PropScore_AI/data/raw_videos/ravdess/Actor_15/03-01-04-02-02-01-15.wav,cold,Dogs are sitting by the door.,positive,sad,100.0,1601.771,0.006,1.696,-580.857,50.467,-11.987,19.886,2.822,0,unknown,0.52,0.2056,0.3,0.3377,0,0,0,0,0,0
C:/PropScore_AI/data/raw_videos/ravdess/Actor_15/03-01-04-02-02-02-15.wav,cold,Dogs are sitting by the door.,positive,sad,100.0,1318.396,0.00696,1.746,-586.898,61.041,-5.063,23.613,9.389,0,unknown,0.52,0.2164,0.3,0.3409,0,0,0,0,0,0
C:/PropScore_AI/data/raw_videos/ravdess/Actor_15/03-01-05-01-01-01-15.wav,cold,Kids are talking by the door.,positive,angry,50.0,1427.566,0.00963,1.65,-517.776,49.215,-8.072,17.515,-1.614,0,unknown,0.29,0.2228,0.3,0.2738,0,0,0,0,0,0
C:/PropScore_AI/data/raw_videos/ravdess/Actor_15/03-01-05-01-01-02-15.wav,cold,Kids are talking by the door.,positive,angry,50.0,1302.207,0.01455,1.665,-502.968,46.416,-11.36,11.61,-5.483,0,unknown,0.29,0.2538,0.3,0.2831,0,0,0,0,0,0
C:/PropScore_AI/data/raw_videos/ravdess/Actor_15/03-01-05-01-02-01-15.wav,cold,Dogs are sitting by the door.,positive,angry,50.0,1555.076,0.01089,1.62,-535.429,56.488,-10.765,19.442,1.657,0,unknown,0.29,0.2273,0.3,0.2752,0,0,0,0,0,0
C:/PropScore_AI/data/raw_videos/ravdess/Actor_15/03-01-05-01-02-02-15.wav,cold,Dogs are sitting by the door.,positive,angry,50.0,1446.542,0.01762,1.696,-493.331,39.21,-10.562,10.856,-4.23,0,unknown,0.29,0.2753,0.3,0.2896,0,0,0,0,0,0
C:/PropScore_AI/data/raw_videos/ravdess/Actor_15/03-01-05-02-01-01-15.wav,cold,Kids are talking by the door.,positive,angry,100.0,1827.759,0.0211,1.696,-468.315,31.475,-14.364,7.722,-7.875,0,unknown,0.49,0.2962,0.3,0.3559,0,0,0,0,0,0
C:/PropScore_AI/data/raw_videos/ravdess/Actor_15/03-01-05-02-01-02-15.wav,cold,Kids are talking by the door!,positive,angry,100.0,1569.127,0.02549,1.606,-440.837,40.343,-13.937,8.832,-9.1,0,unknown,0.49,0.3135,0.3,0.361,0,0,0,0,0,0
C:/PropScore_AI/data/raw_videos/ravdess/Actor_15/03-01-05-02-02-01-15.wav,cold,Dogs are sitting by the door.,positive,angry,100.0,1693.98,0.01664,1.729,-483.451,42.383,-7.833,16.93,3.095,0,unknown,0.49,0.2727,0.3,0.3488,0,0,0,0,0,0
C:/PropScore_AI/data/raw_videos/ravdess/Actor_15/03-01-05-02-02-02-15.wav,cold,Dogs are sitting by the door.,positive,angry,100.0,1637.803,0.03014,1.665,-423.008,32.225,-11.613,10.626,-6.337,0,unknown,0.49,0.3473,0.3,0.3712,0,0,0,0,0,0
C:/PropScore_AI/data/raw_videos/ravdess/Actor_15/03-01-06-01-01-01-15.wav,cold,Kids are talking by the door.,positive,fear,50.0,1177.037,0.00614,1.816,-598.057,56.011,3.059,20.372,11.05,0,unknown,0.38,0.2184,0.3,0.2995,0,0,0,0,0,0
C:/PropScore_AI/data/raw_videos/ravdess/Actor_15/03-01-06-01-01-02-15.wav,cold,Keeps their talking by the door.,positive,fear,50.0,1467.029,0.00684,1.816,-570.776,57.813,-0.362,19.062,6.932,0,unknown,0.38,0.2226,0.3,0.3008,0,0,0,0,0,0
C:/PropScore_AI/data/raw_videos/ravdess/Actor_15/03-01-06-01-02-01-15.wav,cold,Dogs are sitting by the door.,positive,fear,50.0,1709.957,0.00676,1.835,-578.13,52.755,6.463,16.744,9.442,0,unknown,0.38,0.2241,0.3,0.3012,0,0,0,0,0,0
C:/PropScore_AI/data/raw_videos/ravdess/Actor_15/03-01-06-01-02-02-15.wav,cold,Dogs are sitting by the door.,positive,fear,50.0,1868.308,0.00643,1.816,-528.793,45.931,-6.422,13.666,0.099,0,unknown,0.38,0.2202,0.3,0.3001,0,0,0,0,0,0
C:/PropScore_AI/data/raw_videos/ravdess/Actor_15/03-01-06-02-01-01-15.wav,cold,Get the talking by the door!,positive,fear,100.0,1357.622,0.01616,1.798,-500.193,44.243,-3.419,19.24,2.933,0,unknown,0.58,0.2768,0.3,0.377,0,0,0,0,0,0
C:/PropScore_AI/data/raw_videos/ravdess/Actor_15/03-01-06-02-01-02-15.wav,cold,Keep their talking by the door.,positive,fear,100.0,2010.794,0.02276,1.729,-449.67,30.89,-4.646,15.784,0.594,0,unknown,0.58,0.3095,0.3,0.3868,0,0,0,0,0,0
C:/PropScore_AI/data/raw_videos/ravdess/Actor_15/03-01-06-02-02-01-15.wav,cold,Dogs are sitting by the door.,positive,fear,100.0,1971.009,0.01215,1.78,-514.84,44.294,-4.271,21.293,4.131,0,unknown,0.58,0.2509,0.3,0.3693,0,0,0,0,0,0
C:/PropScore_AI/data/raw_videos/ravdess/Actor_15/03-01-06-02-02-02-15.wav,cold,Dogs are sitting by the door.,positive,fear,100.0,1943.458,0.01836,1.713,-482.044,37.226,-12.9,13.985,0.597,0,unknown,0.58,0.2815,0.3,0.3784,0,0,0,0,0,0
C:/PropScore_AI/data/raw_videos/ravdess/Actor_15/03-01-07-01-01-01-15.wav,cold,Kids are talking by the door.,positive,disgust,50.0,1751.033,0.00532,1.606,-563.51,65.224,-9.746,18.881,3.919,0,unknown,0.26,0.1925,0.3,0.2557,0,0,0,0,0,0
C:/PropScore_AI/data/raw_videos/ravdess/Actor_15/03-01-07-01-01-02-15.wav,cold,Kids are talking by the door.,positive,disgust,50.0,1611.241,0.00409,1.65,-577.015,68.177,-21.082,19.404,1.214,0,unknown,0.26,0.1895,0.3,0.2549,0,0,0,0,0,0
C:/PropScore_AI/data/raw_videos/ravdess/Actor_15/03-01-07-01-02-01-15.wav,cold,Dogs are sitting by the door.,positive,disgust,50.0,1427.532,0.00533,1.635,-575.946,70.545,-11.386,18.696,7.367,0,unknown,0.26,0.1955,0.3,0.2566,0,0,0,0,0,0
C:/PropScore_AI/data/raw_videos/ravdess/Actor_15/03-01-07-01-02-02-15.wav,cold,Dogs are sitting by the door.,positive,disgust,50.0,1383.842,0.00799,1.474,-540.561,61.343,-6.682,17.676,5.654,0,unknown,0.26,0.1953,0.3,0.2566,0,0,0,0,0,0
C:/PropScore_AI/data/raw_videos/ravdess/Actor_15/03-01-07-02-01-01-15.wav,cold,Kids are talking by the door.,positive,disgust,100.0,1742.407,0.00853,1.62,-518.691,50.171,-11.633,19.034,1.328,0,unknown,0.46,0.2132,0.3,0.322,0,0,0,0,0,0
C:/PropScore_AI/data/raw_videos/ravdess/Actor_15/03-01-07-02-01-02-15.wav,cold,Kids are talking by the door.,positive,disgust,100.0,1275.316,0.00656,1.78,-544.277,76.492,-7.489,20.838,5.286,0,unknown,0.46,0.2174,0.3,0.3232,0,0,0,0,0,0
C:/PropScore_AI/data/raw_videos/ravdess/Actor_15/03-01-07-02-02-01-15.wav,cold,Dogs are sitting by the door.,positive,disgust,100.0,1456.968,0.0103,1.816,-531.477,59.766,-13.506,15.818,3.486,0,unknown,0.46,0.2434,0.3,0.331,0,0,0,0,0,0
C:/PropScore_AI/data/raw_videos/ravdess/Actor_15/03-01-07-02-02-02-15.wav,cold,Dogs are sitting by the door.,positive,disgust,100.0,1438.717,0.0087,1.729,-539.277,54.611,-7.334,17.289,5.765,0,unknown,0.46,0.2251,0.3,0.3255,0,0,0,0,0,0
C:/PropScore_AI/data/raw_videos/ravdess/Actor_15/03-01-08-01-01-01-15.wav,hot,Kids are talking by the door.,positive,surprise,50.0,1360.199,0.00702,1.65,-565.959,73.472,-12.815,23.856,3.369,0,unknown,0.68,0.2071,0.75,0.5661,0,0,0,0,0,0
C:/PropScore_AI/data/raw_videos/ravdess/Actor_15/03-01-08-01-01-02-15.wav,hot,Kids are talking by the door.,positive,surprise,50.0,1186.481,0.00651,1.746,-573.334,58.218,-7.239,17.979,1.634,0,unknown,0.68,0.2137,0.75,0.5681,0,0,0,0,0,0
C:/PropScore_AI/data/raw_videos/ravdess/Actor_15/03-01-08-01-02-01-15.wav,hot,Dogs are sitting by the door.,positive,surprise,50.0,1345.342,0.0056,1.62,-575.636,60.352,-10.723,17.811,3.316,0,unknown,0.68,0.1956,0.75,0.5627,0,0,0,0,0,0
C:/PropScore_AI/data/raw_videos/ravdess/Actor_15/03-01-08-01-02-02-15.wav,hot,Dogs are sitting by the door.,positive,surprise,50.0,1002.242,0.00586,1.78,-599.762,70.028,-0.279,18.751,4.462,0,unknown,0.68,0.2132,0.75,0.568,0,0,0,0,0,0
C:/PropScore_AI/data/raw_videos/ravdess/Actor_15/03-01-08-02-01-01-15.wav,hot,Get there talking by the door!,positive,surprise,100.0,1097.711,0.01452,1.78,-520.358,49.499,-2.892,18.845,3.462,0,unknown,0.88,0.2651,0.75,0.6435,0,0,0,0,0,0
C:/PropScore_AI/data/raw_videos/ravdess/Actor_15/03-01-08-02-01-02-15.wav,hot,Kids are talking by the door.,positive,surprise,100.0,1485.334,0.00885,1.816,-553.935,56.608,-5.917,26.279,4.96,0,unknown,0.88,0.2347,0.75,0.6344,0,0,0,0,0,0
C:/PropScore_AI/data/raw_videos/ravdess/Actor_15/03-01-08-02-02-01-15.wav,hot,Dogs are sitting by the door.,positive,surprise,100.0,1257.737,0.00603,1.873,-603.989,68.967,-1.257,25.85,8.247,0,unknown,0.88,0.2235,0.75,0.6311,0,0,0,0,0,0
C:/PropScore_AI/data/raw_videos/ravdess/Actor_15/03-01-08-02-02-02-15.wav,hot,Dogs are sitting by the door.,positive,surprise,100.0,1530.931,0.00848,1.798,-541.853,59.727,-5.593,23.319,5.64,0,unknown,0.88,0.2307,0.75,0.6332,0,0,0,0,0,0
C:/PropScore_AI/data/raw_videos/ravdess/Actor_16/03-01-01-01-01-01-16.wav,warm,Kids are talking by the door.,positive,neutral,50.0,1644.818,0.00299,1.606,-649.169,53.736,4.541,8.277,-7.214,0,unknown,0.5,0.1785,0.45,0.3836,0,0,0,0,0,0
C:/PropScore_AI/data/raw_videos/ravdess/Actor_16/03-01-01-01-01-02-16.wav,warm,Kids are talking by the door.,positive,neutral,50.0,1677.141,0.00319,1.606,-658.153,53.949,4.323,10.646,-7.874,0,unknown,0.5,0.1797,0.45,0.3839,0,0,0,0,0,0
C:/PropScore_AI/data/raw_videos/ravdess/Actor_16/03-01-01-01-02-01-16.wav,warm,Dogs are sitting by the door.,positive,neutral,50.0,1666.363,0.00469,1.665,-619.427,47.075,1.898,8.35,-6.526,0,unknown,0.5,0.1946,0.45,0.3884,0,0,0,0,0,0
C:/PropScore_AI/data/raw_videos/ravdess/Actor_16/03-01-01-01-02-02-16.wav,warm,Dogs are sitting by the door.,positive,neutral,50.0,1597.304,0.00436,1.681,-631.36,42.052,3.912,9.182,-7.202,0,unknown,0.5,0.1943,0.45,0.3883,0,0,0,0,0,0
C:/PropScore_AI/data/raw_videos/ravdess/Actor_16/03-01-02-01-01-01-16.wav,warm,Kids are talking by the door.,positive,calm,50.0,1827.203,0.00234,1.62,-695.902,51.855,2.018,7.653,-5.788,0,unknown,0.56,0.176,0.45,0.4008,0,0,0,0,0,0
C:/PropScore_AI/data/raw_videos/ravdess/Actor_16/03-01-02-01-01-02-16.wav,warm,Kids are talking by the door.,positive,calm,50.0,1658.76,0.00334,1.55,-635.725,51.21,4.623,11.779,-7.259,0,unknown,0.56,0.175,0.45,0.4005,0,0,0,0,0,0
C:/PropScore_AI/data/raw_videos/ravdess/Actor_16/03-01-02-01-02-01-16.wav,warm,Dogs are sitting by the door.,positive,calm,50.0,1834.164,0.00307,1.577,-660.094,41.791,7.208,9.704,-6.74,0,unknown,0.56,0.1761,0.45,0.4008,0,0,0,0,0,0
C:/PropScore_AI/data/raw_videos/ravdess/Actor_16/03-01-02-01-02-02-16.wav,warm,Dogs are sitting by the door.,positive,calm,50.0,1687.791,0.00395,1.635,-630.476,39.896,5.759,10.34,-5.98,0,unknown,0.56,0.1872,0.45,0.4042,0,0,0,0,0,0
C:/PropScore_AI/data/raw_videos/ravdess/Actor_16/03-01-02-02-01-01-16.wav,warm,Kids are talking by the door.,positive,calm,100.0,1829.49,0.00319,1.55,-641.684,45.849,0.091,6.254,-7.926,0,unknown,0.76,0.1741,0.45,0.4602,0,0,0,0,0,0
C:/PropScore_AI/data/raw_videos/ravdess/Actor_16/03-01-02-02-01-02-16.wav,warm,Kids are talking by the door.,positive,calm,100.0,1807.372,0.0053,1.524,-602.629,50.394,-2.13,12.693,-3.95,0,unknown,0.76,0.1842,0.45,0.4633,0,0,0,0,0,0
C:/PropScore_AI/data/raw_videos/ravdess/Actor_16/03-01-02-02-02-01-16.wav,warm,Dogs are sitting by the door.,positive,calm,100.0,1780.711,0.0029,1.577,-661.782,43.833,3.689,6.212,-7.287,0,unknown,0.76,0.1751,0.45,0.4605,0,0,0,0,0,0
C:/PropScore_AI/data/raw_videos/ravdess/Actor_16/03-01-02-02-02-02-16.wav,warm,Dogs are sitting by the door.,positive,calm,100.0,1751.619,0.00305,1.577,-660.648,47.166,2.51,5.602,-5.236,0,unknown,0.76,0.176,0.45,0.4608,0,0,0,0,0,0
C:/PropScore_AI/data/raw_videos/ravdess/Actor_16/03-01-03-01-01-01-16.wav,hot,Kids are talking by the door.,positive,happy,50.0,1821.878,0.00715,1.62,-583.632,32.976,-10.284,7.879,-9.261,0,unknown,0.8,0.2049,0.75,0.6015,0,0,0,0,0,0
C:/PropScore_AI/data/raw_videos/ravdess/Actor_16/03-01-03-01-01-02-16.wav,hot,Kids are talking by the door.,positive,happy,50.0,1902.013,0.00826,1.635,-557.08,32.976,-5.469,10.166,-7.086,0,unknown,0.8,0.2131,0.75,0.6039,0,0,0,0,0,0
C:/PropScore_AI/data/raw_videos/ravdess/Actor_16/03-01-03-01-02-01-16.wav,hot,Dogs are sitting by the door.,positive,happy,50.0,1516.053,0.00696,1.606,-568.979,36.47,-5.482,8.403,-6.699,0,unknown,0.8,0.2024,0.75,0.6007,0,0,0,0,0,0
C:/PropScore_AI/data/raw_videos/ravdess/Actor_16/03-01-03-01-02-02-16.wav,hot,Dogs are sitting by the door.,positive,happy,50.0,1737.721,0.00735,1.635,-573.242,31.991,-8.682,7.36,-7.557,0,unknown,0.8,0.2076,0.75,0.6023,0,0,0,0,0,0
C:/PropScore_AI/data/raw_videos/ravdess/Actor_16/03-01-03-02-01-01-16.wav,hot,Kids are talking by the door.,positive,happy,100.0,1807.405,0.01201,1.591,-524.969,30.038,-13.829,5.288,-9.493,0,unknown,1.0,0.2312,0.75,0.6694,0,0,0,0,0,0
C:/PropScore_AI/data/raw_videos/ravdess/Actor_16/03-01-03-02-01-02-16.wav,hot,Kids are talking by the door.,positive,happy,100.0,1876.448,0.02064,1.681,-444.86,23.735,-14.961,8.322,-12.353,0,unknown,1.0,0.2919,0.75,0.6876,0,0,0,0,0,0
C:/PropScore_AI/data/raw_videos/ravdess/Actor_16/03-01-03-02-02-01-16.wav,hot,Dogs are sitting by the door.,positive,happy,100.0,1822.93,0.01381,1.591,-510.324,23.848,-8.921,4.997,-13.554,0,unknown,1.0,0.242,0.75,0.6726,0,0,0,0,0,0
C:/PropScore_AI/data/raw_videos/ravdess/Actor_16/03-01-03-02-02-02-16.wav,hot,Dogs are sitting by the door.,positive,happy,100.0,1757.514,0.0111,1.577,-526.331,30.502,-10.215,5.862,-10.512,0,unknown,1.0,0.2243,0.75,0.6673,0,0,0,0,0,0
C:/PropScore_AI/data/raw_videos/ravdess/Actor_16/03-01-04-01-01-01-16.wav,cold,Kids are talking by the door.,positive,sad,50.0,1966.787,0.00329,1.681,-656.626,38.285,1.546,9.075,-8.62,0,unknown,0.32,0.1878,0.3,0.2723,0,0,0,0,0,0
C:/PropScore_AI/data/raw_videos/ravdess/Actor_16/03-01-04-01-01-02-16.wav,cold,Kids are talking by the door.,positive,sad,50.0,1576.839,0.00295,1.65,-654.608,54.62,3.06,8.95,-9.97,0,unknown,0.32,0.1827,0.3,0.2708,0,0,0,0,0,0
C:/PropScore_AI/data/raw_videos/ravdess/Actor_16/03-01-04-01-02-01-16.wav,cold,Dogs are sitting by the door.,positive,sad,50.0,1815.922,0.00337,1.763,-669.676,42.396,2.204,9.227,-2.544,0,unknown,0.32,0.1965,0.3,0.275,0,0,0,0,0,0
C:/PropScore_AI/data/raw_videos/ravdess/Actor_16/03-01-04-01-02-02-16.wav,cold,Dogs are sitting by the door.,positive,sad,50.0,1594.78,0.00304,1.713,-679.796,43.088,5.884,10.075,-3.871,0,unknown,0.32,0.1895,0.3,0.2729,0,0,0,0,0,0
C:/PropScore_AI/data/raw_videos/ravdess/Actor_16/03-01-04-02-01-01-16.wav,cold,Kids are talking by the door.,positive,sad,100.0,1946.974,0.00437,1.606,-593.86,45.108,-13.098,13.272,-9.479,0,unknown,0.52,0.1868,0.3,0.332,0,0,0,0,0,0
C:/PropScore_AI/data/raw_videos/ravdess/Actor_16/03-01-04-02-01-02-16.wav,cold,Kids are talking by the door.,positive,sad,100.0,1886.113,0.00359,1.577,-622.498,42.943,-6.011,8.799,-6.473,0,unknown,0.52,0.1792,0.3,0.3298,0,0,0,0,0,0
C:/PropScore_AI/data/raw_videos/ravdess/Actor_16/03-01-04-02-02-01-16.wav,cold,Dogs are sitting by the door.,positive,sad,100.0,1631.762,0.00532,1.55,-607.526,45.482,-1.393,8.194,-10.234,0,unknown,0.52,0.1869,0.3,0.3321,0,0,0,0,0,0
C:/PropScore_AI/data/raw_videos/ravdess/Actor_16/03-01-04-02-02-02-16.wav,cold,Dogs are sitting by the door.,positive,sad,100.0,1822.852,0.00591,1.606,-580.334,44.841,-8.782,9.451,-8.653,0,unknown,0.52,0.1961,0.3,0.3348,0,0,0,0,0,0
C:/PropScore_AI/data/raw_videos/ravdess/Actor_16/03-01-05-01-01-01-16.wav,cold,Kids are talking by the door.,positive,angry,50.0,1565.844,0.01276,1.511,-501.522,33.157,-3.074,6.213,-11.688,0,unknown,0.29,0.2277,0.3,0.2753,0,0,0,0,0,0
C:/PropScore_AI/data/raw_videos/ravdess/Actor_16/03-01-05-01-01-02-16.wav,cold,Kids are talking by the door.,positive,angry,50.0,1808.356,0.01562,1.499,-476.375,32.097,-4.913,3.252,-11.452,0,unknown,0.29,0.2436,0.3,0.2801,0,0,0,0,0,0
C:/PropScore_AI/data/raw_videos/ravdess/Actor_16/03-01-05-01-02-01-16.wav,cold,Dogs are sitting by the door.,positive,angry,50.0,1821.887,0.01196,1.537,-531.351,28.876,-3.909,-1.232,-12.262,0,unknown,0.29,0.2255,0.3,0.2746,0,0,0,0,0,0
C:/PropScore_AI/data/raw_videos/ravdess/Actor_16/03-01-05-01-02-02-16.wav,cold,Dogs are sitting by the door.,positive,angry,50.0,1596.295,0.01798,1.537,-479.893,29.852,-3.181,6.611,-11.622,0,unknown,0.29,0.2616,0.3,0.2855,0,0,0,0,0,0
C:/PropScore_AI/data/raw_videos/ravdess/Actor_16/03-01-05-02-01-01-16.wav,cold,Kids are talking by the door!,positive,angry,100.0,1730.151,0.02597,1.511,-419.052,26.594,-7.874,2.278,-17.332,0,unknown,0.49,0.3069,0.3,0.3591,0,0,0,0,0,0
C:/PropScore_AI/data/raw_videos/ravdess/Actor_16/03-01-05-02-01-02-16.wav,cold,Kids are talking by the door!,positive,angry,100.0,1836.829,0.03882,1.606,-406.907,19.893,-17.532,1.676,-18.276,0,unknown,0.49,0.3935,0.3,0.3851,0,0,0,0,0,0
C:/PropScore_AI/data/raw_videos/ravdess/Actor_16/03-01-05-02-02-01-16.wav,cold,Dogs are sitting by the door.,positive,angry,100.0,1860.23,0.03996,1.577,-426.771,17.514,-16.25,3.537,-17.886,0,unknown,0.49,0.3975,0.3,0.3862,0,0,0,0,0,0
C:/PropScore_AI/data/raw_videos/ravdess/Actor_16/03-01-05-02-02-02-16.wav,cold,Dogs are sitting by the door.,positive,angry,100.0,1790.468,0.02963,1.474,-434.768,20.934,-12.487,2.014,-16.398,0,unknown,0.49,0.3252,0.3,0.3646,0,0,0,0,0,0
C:/PropScore_AI/data/raw_videos/ravdess/Actor_16/03-01-06-01-01-01-16.wav,cold,Kids are talking by the door.,positive,fear,50.0,1954.294,0.00845,1.62,-560.247,37.737,-8.92,8.151,-9.461,0,unknown,0.38,0.2127,0.3,0.2978,0,0,0,0,0,0
C:/PropScore_AI/data/raw_videos/ravdess/Actor_16/03-01-06-01-01-02-16.wav,cold,Kids are talking by the door.,positive,fear,50.0,1893.862,0.00613,1.713,-596.565,34.527,-0.707,7.93,-5.635,0,unknown,0.38,0.2081,0.3,0.2964,0,0,0,0,0,0
C:/PropScore_AI/data/raw_videos/ravdess/Actor_16/03-01-06-01-02-01-16.wav,cold,Dogs are sitting by the door.,positive,fear,50.0,1863.286,0.00648,1.65,-573.015,34.088,-1.041,9.961,-6.718,0,unknown,0.38,0.2039,0.3,0.2952,0,0,0,0,0,0
C:/PropScore_AI/data/raw_videos/ravdess/Actor_16/03-01-06-01-02-02-16.wav,cold,Dogs are sitting by the door.,positive,fear,50.0,1843.769,0.00872,1.681,-537.108,31.774,-6.657,4.689,-7.502,0,unknown,0.38,0.2204,0.3,0.3001,0,0,0,0,0,0
C:/PropScore_AI/data/raw_videos/ravdess/Actor_16/03-01-06-02-01-01-16.wav,cold,Kids are talking by the door!,positive,fear,100.0,1984.715,0.03201,1.606,-394.961,15.969,-24.842,1.485,-17.897,0,unknown,0.58,0.3527,0.3,0.3998,0,0,0,0,0,0
C:/PropScore_AI/data/raw_videos/ravdess/Actor_16/03-01-06-02-01-02-16.wav,cold,Kids are talking by the door!,positive,fear,100.0,2067.116,0.04249,1.606,-383.161,9.617,-26.411,2.842,-18.115,0,unknown,0.58,0.4155,0.3,0.4186,0,0,0,0,0,0
C:/PropScore_AI/data/raw_videos/ravdess/Actor_16/03-01-06-02-02-01-16.wav,cold,Dogs are sitting by the door!,positive,fear,100.0,2039.139,0.03735,1.696,-391.217,9.812,-28.919,1.714,-19.494,0,unknown,0.58,0.3937,0.3,0.4121,0,0,0,0,0,0
C:/PropScore_AI/data/raw_videos/ravdess/Actor_16/03-01-06-02-02-02-16.wav,cold,Dogs are sitting by the door!,positive,fear,100.0,1957.004,0.04078,1.713,-389.539,16.164,-27.25,0.946,-17.796,0,unknown,0.58,0.416,0.3,0.4188,0,0,0,0,0,0
C:/PropScore_AI/data/raw_videos/ravdess/Actor_16/03-01-07-01-01-01-16.wav,cold,Kids are talking by the door.,positive,disgust,50.0,1821.199,0.00438,1.591,-607.079,42.888,1.357,5.776,-6.647,0,unknown,0.26,0.1854,0.3,0.2536,0,0,0,0,0,0
C:/PropScore_AI/data/raw_videos/ravdess/Actor_16/03-01-07-01-01-02-16.wav,cold,Kids are talking by the door.,positive,disgust,50.0,1782.778,0.00517,1.606,-593.076,48.266,-1.861,2.733,-8.278,0,unknown,0.26,0.1916,0.3,0.2555,0,0,0,0,0,0
C:/PropScore_AI/data/raw_videos/ravdess/Actor_16/03-01-07-01-02-01-16.wav,cold,Dogs are sitting by the door.,positive,disgust,50.0,1693.975,0.00495,1.729,-618.962,39.49,1.556,7.323,-11.355,0,unknown,0.26,0.2026,0.3,0.2588,0,0,0,0,0,0
C:/PropScore_AI/data/raw_videos/ravdess/Actor_16/03-01-07-01-02-02-16.wav,cold,Dogs are sitting by the door.,positive,disgust,50.0,1817.559,0.00681,1.681,-575.179,44.967,0.912,8.079,-5.575,0,unknown,0.26,0.209,0.3,0.2607,0,0,0,0,0,0
C:/PropScore_AI/data/raw_videos/ravdess/Actor_16/03-01-07-02-01-01-16.wav,cold,Kids are talking by the door.,positive,disgust,100.0,1818.905,0.00479,1.405,-574.733,45.082,1.441,5.508,-9.564,0,unknown,0.46,0.1692,0.3,0.3088,0,0,0,0,0,0
C:/PropScore_AI/data/raw_videos/ravdess/Actor_16/03-01-07-02-01-02-16.wav,cold,Kids are talking by the door.,positive,disgust,100.0,1861.695,0.00608,1.416,-559.26,43.187,0.039,6.929,-10.895,0,unknown,0.46,0.1781,0.3,0.3114,0,0,0,0,0,0
C:/PropScore_AI/data/raw_videos/ravdess/Actor_16/03-01-07-02-02-01-16.wav,cold,Dogs are sitting by the door.,positive,disgust,100.0,1534.537,0.00794,1.45,-556.007,43.891,6.828,7.591,-7.544,0,unknown,0.46,0.1926,0.3,0.3158,0,0,0,0,0,0
C:/PropScore_AI/data/raw_videos/ravdess/Actor_16/03-01-07-02-02-02-16.wav,cold,Dogs are sitting by the door.,positive,disgust,100.0,1790.538,0.00973,1.45,-536.504,34.138,-1.754,5.033,-11.34,0,unknown,0.46,0.2034,0.3,0.319,0,0,0,0,0,0
C:/PropScore_AI/data/raw_videos/ravdess/Actor_16/03-01-08-01-01-01-16.wav,hot,Kids are talking by the door.,positive,surprise,50.0,1743.959,0.00613,1.696,-594.8,38.506,-8.485,4.213,-11.801,0,unknown,0.68,0.2064,0.75,0.5659,0,0,0,0,0,0
C:/PropScore_AI/data/raw_videos/ravdess/Actor_16/03-01-08-01-01-02-16.wav,hot,Kids are talking by the door.,positive,surprise,50.0,1786.797,0.00939,1.746,-553.441,34.909,-5.674,-0.737,-15.329,0,unknown,0.68,0.2309,0.75,0.5733,0,0,0,0,0,0
C:/PropScore_AI/data/raw_videos/ravdess/Actor_16/03-01-08-01-02-01-16.wav,hot,Dogs are sitting by the door.,positive,surprise,50.0,1785.562,0.00952,1.713,-573.257,35.516,-7.077,2.918,-12.197,0,unknown,0.68,0.2284,0.75,0.5725,0,0,0,0,0,0
C:/PropScore_AI/data/raw_videos/ravdess/Actor_16/03-01-08-01-02-02-16.wav,hot,Dogs are sitting by the door.,positive,surprise,50.0,1458.861,0.01472,1.746,-523.609,29.403,-6.381,-0.03,-14.991,0,unknown,0.68,0.2629,0.75,0.5829,0,0,0,0,0,0
C:/PropScore_AI/data/raw_videos/ravdess/Actor_16/03-01-08-02-01-01-16.wav,hot,Kids are talking by the door.,positive,surprise,100.0,1662.225,0.00915,1.696,-548.517,36.332,-12.547,2.059,-12.528,0,unknown,0.88,0.2245,0.75,0.6314,0,0,0,0,0,0
C:/PropScore_AI/data/raw_videos/ravdess/Actor_16/03-01-08-02-01-02-16.wav,hot,Kids are talking by the door.,positive,surprise,100.0,1753.653,0.01269,1.696,-531.035,37.254,-9.403,0.066,-16.842,0,unknown,0.88,0.2457,0.75,0.6377,0,0,0,0,0,0
C:/PropScore_AI/data/raw_videos/ravdess/Actor_16/03-01-08-02-02-01-16.wav,hot,Dogs are sitting by the door.,positive,surprise,100.0,1714.121,0.01721,1.681,-499.964,35.183,-12.138,1.157,-13.601,0,unknown,0.88,0.2714,0.75,0.6454,0,0,0,0,0,0
C:/PropScore_AI/data/raw_videos/ravdess/Actor_16/03-01-08-02-02-02-16.wav,hot,Dogs are sitting by the door.,positive,surprise,100.0,1715.168,0.01366,1.681,-520.839,32.213,-11.343,-0.047,-13.99,0,unknown,0.88,0.2501,0.75,0.639,0,0,0,0,0,0
C:/PropScore_AI/data/raw_videos/ravdess/Actor_17/03-01-01-01-01-01-17.wav,warm,Kids are talking by the door.,positive,neutral,50.0,1105.802,0.00406,1.564,-627.751,70.229,6.397,24.431,9.893,0,unknown,0.5,0.1808,0.45,0.3842,0,0,0,0,0,0
C:/PropScore_AI/data/raw_videos/ravdess/Actor_17/03-01-01-01-01-02-17.wav,warm,Kids are talking by the door.,positive,neutral,50.0,973.469,0.00398,1.713,-637.286,65.376,4.346,23.225,7.165,0,unknown,0.5,0.1952,0.45,0.3886,0,0,0,0,0,0
C:/PropScore_AI/data/raw_videos/ravdess/Actor_17/03-01-01-01-02-01-17.wav,warm,Dogs are sitting by the door.,positive,neutral,50.0,1217.239,0.00483,1.713,-625.927,67.737,5.727,21.641,6.514,0,unknown,0.5,0.2003,0.45,0.3901,0,0,0,0,0,0
C:/PropScore_AI/data/raw_videos/ravdess/Actor_17/03-01-01-01-02-02-17.wav,warm,Dogs are sitting by the door.,positive,neutral,50.0,1333.982,0.00466,1.729,-614.7,64.874,3.318,21.031,5.906,0,unknown,0.5,0.2009,0.45,0.3903,0,0,0,0,0,0
C:/PropScore_AI/data/raw_videos/ravdess/Actor_17/03-01-02-01-01-01-17.wav,warm,Kids are talking by the door.,positive,calm,50.0,1239.297,0.00367,1.713,-641.314,61.051,4.346,18.856,10.105,0,unknown,0.56,0.1933,0.45,0.406,0,0,0,0,0,0
C:/PropScore_AI/data/raw_videos/ravdess/Actor_17/03-01-02-01-01-02-17.wav,warm,Kids are talking by the door.,positive,calm,50.0,1062.603,0.00449,1.696,-636.717,63.299,12.295,22.331,10.727,0,unknown,0.56,0.1965,0.45,0.407,0,0,0,0,0,0
C:/PropScore_AI/data/raw_videos/ravdess/Actor_17/03-01-02-01-02-01-17.wav,warm,Dogs are sitting by the door.,positive,calm,50.0,977.351,0.00461,1.606,-631.732,66.315,15.616,22.551,9.13,0,unknown,0.56,0.1883,0.45,0.4045,0,0,0,0,0,0
C:/PropScore_AI/data/raw_videos/ravdess/Actor_17/03-01-02-01-02-02-17.wav,warm,Dogs are sitting by the door.,positive,calm,50.0,1058.186,0.00505,1.591,-621.374,68.039,10.552,19.535,7.827,0,unknown,0.56,0.1894,0.45,0.4048,0,0,0,0,0,0
C:/PropScore_AI/data/raw_videos/ravdess/Actor_17/03-01-02-02-01-01-17.wav,warm,Kids are talking by the door.,positive,calm,100.0,1232.728,0.00391,1.55,-628.704,65.782,9.164,29.611,13.211,0,unknown,0.76,0.1785,0.45,0.4616,0,0,0,0,0,0
C:/PropScore_AI/data/raw_videos/ravdess/Actor_17/03-01-02-02-01-02-17.wav,warm,Kids are talking by the door.,positive,calm,100.0,1153.417,0.00288,1.665,-667.981,71.571,14.525,27.562,8.268,0,unknown,0.76,0.1838,0.45,0.4631,0,0,0,0,0,0
C:/PropScore_AI/data/raw_videos/ravdess/Actor_17/03-01-02-02-02-01-17.wav,warm,Dogs are sitting by the door.,positive,calm,100.0,1410.238,0.00441,1.564,-625.409,61.858,15.934,26.947,11.389,0,unknown,0.76,0.1829,0.45,0.4629,0,0,0,0,0,0
C:/PropScore_AI/data/raw_videos/ravdess/Actor_17/03-01-02-02-02-02-17.wav,warm,Dogs are sitting by the door.,positive,calm,100.0,1226.487,0.00326,1.696,-665.243,73.3,16.119,22.142,10.622,0,unknown,0.76,0.1892,0.45,0.4648,0,0,0,0,0,0
C:/PropScore_AI/data/raw_videos/ravdess/Actor_17/03-01-03-01-01-01-17.wav,hot,Kids are talking by the door.,positive,happy,50.0,1036.344,0.00573,1.729,-595.348,57.448,4.223,16.696,7.761,0,unknown,0.8,0.2073,0.75,0.6022,0,0,0,0,0,0
C:/PropScore_AI/data/raw_videos/ravdess/Actor_17/03-01-03-01-01-02-17.wav,hot,Kids are talking by the door.,positive,happy,50.0,1706.175,0.00766,1.696,-567.545,51.523,-2.132,18.535,6.982,0,unknown,0.8,0.2156,0.75,0.6047,0,0,0,0,0,0
C:/PropScore_AI/data/raw_videos/ravdess/Actor_17/03-01-03-01-02-01-17.wav,hot,Dogs are sitting by the door.,positive,happy,50.0,1425.615,0.00951,1.729,-567.449,50.518,-2.918,17.776,2.746,0,unknown,0.8,0.23,0.75,0.609,0,0,0,0,0,0
C:/PropScore_AI/data/raw_videos/ravdess/Actor_17/03-01-03-01-02-02-17.wav,hot,Dogs are sitting by the door.,positive,happy,50.0,1737.786,0.0084,1.696,-539.461,58.451,-5.165,16.034,0.959,0,unknown,0.8,0.22,0.75,0.606,0,0,0,0,0,0
C:/PropScore_AI/data/raw_videos/ravdess/Actor_17/03-01-03-02-01-01-17.wav,hot,Kids are talking by the door!,positive,happy,100.0,1282.425,0.01904,1.606,-492.063,39.411,-0.57,5.02,-3.174,0,unknown,1.0,0.2748,0.75,0.6824,0,0,0,0,0,0
C:/PropScore_AI/data/raw_videos/ravdess/Actor_17/03-01-03-02-01-02-17.wav,hot,Kids are talking by the door!,positive,happy,100.0,1624.954,0.02922,1.462,-407.486,30.264,-5.891,3.789,-1.765,0,unknown,1.0,0.3215,0.75,0.6965,0,0,0,0,0,0
C:/PropScore_AI/data/raw_videos/ravdess/Actor_17/03-01-03-02-02-01-17.wav,hot,The dogs are sitting by the door!,neutral,happy,100.0,1894.465,0.01828,1.873,-476.839,34.321,-6.564,3.951,0.145,0,unknown,1.0,0.297,0.55,0.6091,0,0,0,0,0,0
C:/PropScore_AI/data/raw_videos/ravdess/Actor_17/03-01-03-02-02-02-17.wav,hot,Dogs are sitting by the door.,positive,happy,100.0,1573.068,0.01818,1.577,-484.292,33.704,-4.465,1.583,-0.68,0,unknown,1.0,0.2668,0.75,0.68,0,0,0,0,0,0
C:/PropScore_AI/data/raw_videos/ravdess/Actor_17/03-01-04-01-01-01-17.wav,cold,Kids are talking by the door.,positive,sad,50.0,1282.853,0.00551,1.635,-595.081,63.05,-6.1,17.661,5.234,0,unknown,0.32,0.1966,0.3,0.275,0,0,0,0,0,0
C:/PropScore_AI/data/raw_videos/ravdess/Actor_17/03-01-04-01-01-02-17.wav,cold,Kids are talking by the door.,positive,sad,50.0,1379.455,0.0065,1.713,-584.936,64.086,-3.156,16.612,5.921,0,unknown,0.32,0.2103,0.3,0.2791,0,0,0,0,0,0
C:/PropScore_AI/data/raw_videos/ravdess/Actor_17/03-01-04-01-02-01-17.wav,cold,Dogs are sitting by the door.,positive,sad,50.0,1373.981,0.00445,1.681,-619.59,66.601,2.218,23.197,3.661,0,unknown,0.32,0.1948,0.3,0.2744,0,0,0,0,0,0
C:/PropScore_AI/data/raw_videos/ravdess/Actor_17/03-01-04-01-02-02-17.wav,cold,Dogs are sitting by the door.,positive,sad,50.0,1501.923,0.00643,1.665,-579.208,59.374,-3.508,17.098,2.081,0,unknown,0.32,0.2051,0.3,0.2775,0,0,0,0,0,0
C:/PropScore_AI/data/raw_videos/ravdess/Actor_17/03-01-04-02-01-01-17.wav,cold,Kids are talking by the door.,positive,sad,100.0,1426.342,0.01175,1.635,-531.843,53.262,-12.486,14.033,7.59,0,unknown,0.52,0.234,0.3,0.3462,0,0,0,0,0,0
C:/PropScore_AI/data/raw_videos/ravdess/Actor_17/03-01-04-02-01-02-17.wav,cold,Kids are talking by the door.,positive,sad,100.0,1427.355,0.00927,1.62,-545.279,49.174,-10.121,17.376,2.689,0,unknown,0.52,0.2176,0.3,0.3413,0,0,0,0,0,0
C:/PropScore_AI/data/raw_videos/ravdess/Actor_17/03-01-04-02-02-01-17.wav,cold,Dogs are sitting by the door.,positive,sad,100.0,1768.245,0.01019,1.665,-519.505,49.39,-15.408,17.489,1.739,0,unknown,0.52,0.2276,0.3,0.3443,0,0,0,0,0,0
C:/PropScore_AI/data/raw_videos/ravdess/Actor_17/03-01-04-02-02-02-17.wav,cold,The dogs are sitting by the door.,positive,sad,100.0,1792.349,0.00911,1.961,-527.536,46.57,-14.704,15.162,2.481,0,unknown,0.52,0.2508,0.3,0.3512,0,0,0,0,0,0
C:/PropScore_AI/data/raw_videos/ravdess/Actor_17/03-01-05-01-01-01-17.wav,cold,Kids are talking by the door.,positive,angry,50.0,1493.334,0.00276,1.729,-636.487,53.281,5.46,21.59,10.846,0,unknown,0.29,0.1895,0.3,0.2639,0,0,0,0,0,0
C:/PropScore_AI/data/raw_videos/ravdess/Actor_17/03-01-05-01-01-02-17.wav,cold,Kids are talking by the door.,positive,angry,50.0,1472.865,0.00468,1.62,-581.969,62.423,1.926,19.817,4.883,0,unknown,0.29,0.1901,0.3,0.264,0,0,0,0,0,0
C:/PropScore_AI/data/raw_videos/ravdess/Actor_17/03-01-05-01-02-01-17.wav,cold,Dogs are sitting by the door.,positive,angry,50.0,1648.988,0.00878,1.665,-556.326,51.861,-4.391,21.45,0.41,0,unknown,0.29,0.2192,0.3,0.2728,0,0,0,0,0,0
C:/PropScore_AI/data/raw_videos/ravdess/Actor_17/03-01-05-01-02-02-17.wav,cold,Dogs are sitting by the door.,positive,angry,50.0,1599.302,0.00493,1.696,-607.471,55.379,4.074,23.304,6.511,0,unknown,0.29,0.1992,0.3,0.2668,0,0,0,0,0,0
C:/PropScore_AI/data/raw_videos/ravdess/Actor_17/03-01-05-02-01-01-17.wav,cold,Kids are talking by the door.,positive,angry,100.0,1842.131,0.02587,1.713,-442.765,37.659,-12.634,16.123,-0.381,0,unknown,0.49,0.3265,0.3,0.3649,0,0,0,0,0,0
C:/PropScore_AI/data/raw_videos/ravdess/Actor_17/03-01-05-02-01-02-17.wav,cold,Kids are talking by the door.,positive,angry,100.0,1941.645,0.04701,1.606,-375.278,34.22,-16.228,13.912,-6.207,0,unknown,0.49,0.4427,0.3,0.3998,0,0,0,0,0,0
C:/PropScore_AI/data/raw_videos/ravdess/Actor_17/03-01-05-02-02-01-17.wav,cold,Dogs are sitting by the door.,positive,angry,100.0,1739.352,0.03093,1.65,-453.92,41.903,-11.031,12.363,-1.126,0,unknown,0.49,0.3506,0.3,0.3722,0,0,0,0,0,0
C:/PropScore_AI/data/raw_videos/ravdess/Actor_17/03-01-05-02-02-02-17.wav,cold,Dogs are sitting by the door.,positive,angry,100.0,2035.788,0.03147,1.577,-422.718,34.01,-17.321,16.554,-2.43,0,unknown,0.49,0.3465,0.3,0.371,0,0,0,0,0,0
C:/PropScore_AI/data/raw_videos/ravdess/Actor_17/03-01-06-01-01-01-17.wav,cold,Kids are talking by the door.,positive,fear,50.0,1675.842,0.01002,1.729,-542.05,51.141,-5.114,14.292,12.598,0,unknown,0.38,0.233,0.3,0.3039,0,0,0,0,0,0
C:/PropScore_AI/data/raw_videos/ravdess/Actor_17/03-01-06-01-01-02-17.wav,cold,Kids are talking by the door.,positive,fear,50.0,1338.486,0.01344,1.713,-515.962,53.44,-4.89,13.508,6.245,0,unknown,0.38,0.2519,0.3,0.3096,0,0,0,0,0,0
C:/PropScore_AI/data/raw_videos/ravdess/Actor_17/03-01-06-01-02-01-17.wav,cold,Dogs are sitting by the door.,positive,fear,50.0,1586.967,0.01497,1.696,-498.689,56.177,-12.385,15.458,6.601,0,unknown,0.38,0.2594,0.3,0.3118,0,0,0,0,0,0
C:/PropScore_AI/data/raw_videos/ravdess/Actor_17/03-01-06-01-02-02-17.wav,cold,Dogs are sitting by the door!,positive,fear,50.0,1812.206,0.0359,1.65,-424.288,27.427,-5.011,7.69,0.525,0,unknown,0.38,0.3804,0.3,0.3481,0,0,0,0,0,0
C:/PropScore_AI/data/raw_videos/ravdess/Actor_17/03-01-06-02-01-01-17.wav,cold,Kids are talking by the door!,positive,fear,100.0,1941.275,0.04674,1.62,-394.387,27.019,-5.964,8.873,1.207,0,unknown,0.58,0.4424,0.3,0.4267,0,0,0,0,0,0
C:/PropScore_AI/data/raw_videos/ravdess/Actor_17/03-01-06-02-01-02-17.wav,cold,Kids are talking by the door!,positive,fear,100.0,1703.815,0.03341,1.606,-431.815,27.588,-8.8,8.229,0.444,0,unknown,0.58,0.3611,0.3,0.4023,0,0,0,0,0,0
C:/PropScore_AI/data/raw_videos/ravdess/Actor_17/03-01-06-02-02-01-17.wav,cold,Dogs are sitting by the door!,positive,fear,100.0,1579.727,0.03352,1.635,-447.658,29.482,-7.172,5.279,2.115,0,unknown,0.58,0.3646,0.3,0.4034,0,0,0,0,0,0
C:/PropScore_AI/data/raw_videos/ravdess/Actor_17/03-01-06-02-02-02-17.wav,cold,Dogs are sitting by the door.,positive,fear,100.0,1809.037,0.03337,1.564,-415.37,24.553,-9.076,6.77,2.349,0,unknown,0.58,0.3566,0.3,0.401,0,0,0,0,0,0
C:/PropScore_AI/data/raw_videos/ravdess/Actor_17/03-01-07-01-01-01-17.wav,cold,Kids are talking by the door.,positive,disgust,50.0,1435.974,0.00521,1.564,-591.12,49.16,5.082,17.168,4.087,0,unknown,0.26,0.1877,0.3,0.2543,0,0,0,0,0,0
C:/PropScore_AI/data/raw_videos/ravdess/Actor_17/03-01-07-01-01-02-17.wav,cold,Kids are talking by the door.,positive,disgust,50.0,1265.887,0.00653,1.62,-594.177,55.569,10.515,18.636,6.941,0,unknown,0.26,0.2012,0.3,0.2584,0,0,0,0,0,0
C:/PropScore_AI/data/raw_videos/ravdess/Actor_17/03-01-07-01-02-01-17.wav,cold,Dogs are sitting by the door.,positive,disgust,50.0,1386.361,0.00638,1.681,-562.258,44.288,4.373,14.873,5.59,0,unknown,0.26,0.2064,0.3,0.2599,0,0,0,0,0,0
C:/PropScore_AI/data/raw_videos/ravdess/Actor_17/03-01-07-01-02-02-17.wav,cold,Dogs are sitting by the door.,positive,disgust,50.0,1739.273,0.00431,1.713,-588.654,54.883,5.759,15.801,7.029,0,unknown,0.26,0.1972,0.3,0.2572,0,0,0,0,0,0
C:/PropScore_AI/data/raw_videos/ravdess/Actor_17/03-01-07-02-01-01-17.wav,cold,Kids are talking by the door!,positive,disgust,100.0,1422.285,0.00982,1.427,-534.937,37.055,7.424,8.165,4.61,0,unknown,0.46,0.2016,0.3,0.3185,0,0,0,0,0,0
C:/PropScore_AI/data/raw_videos/ravdess/Actor_17/03-01-07-02-01-02-17.wav,cold,Kids are talking by the door!,positive,disgust,100.0,1370.142,0.00846,1.439,-525.747,40.266,5.418,8.096,5.234,0,unknown,0.46,0.1947,0.3,0.3164,0,0,0,0,0,0
C:/PropScore_AI/data/raw_videos/ravdess/Actor_17/03-01-07-02-02-01-17.wav,cold,Dogs are sitting by the door!,positive,disgust,100.0,1889.741,0.00771,1.342,-516.742,29.58,4.782,7.069,7.063,0,unknown,0.46,0.1805,0.3,0.3122,0,0,0,0,0,0
C:/PropScore_AI/data/raw_videos/ravdess/Actor_17/03-01-07-02-02-02-17.wav,cold,Dogs are sitting by the door!,positive,disgust,100.0,1554.884,0.00857,1.303,-528.514,36.162,10.404,7.534,5.481,0,unknown,0.46,0.1817,0.3,0.3125,0,0,0,0,0,0
C:/PropScore_AI/data/raw_videos/ravdess/Actor_17/03-01-08-01-01-01-17.wav,hot,Kids are talking by the door.,positive,surprise,50.0,1611.753,0.00876,1.763,-550.1,40.444,-3.896,9.869,2.423,0,unknown,0.68,0.2289,0.75,0.5727,0,0,0,0,0,0
C:/PropScore_AI/data/raw_videos/ravdess/Actor_17/03-01-08-01-01-02-17.wav,hot,Kids are talking by the door!,positive,surprise,50.0,1871.304,0.00907,1.65,-550.053,42.741,6.082,12.816,3.26,0,unknown,0.68,0.2194,0.75,0.5698,0,0,0,0,0,0
C:/PropScore_AI/data/raw_videos/ravdess/Actor_17/03-01-08-01-02-01-17.wav,hot,Dogs are sitting by the door.,positive,surprise,50.0,1776.589,0.0066,1.78,-542.212,36.973,6.771,9.428,2.633,0,unknown,0.68,0.2176,0.75,0.5693,0,0,0,0,0,0
C:/PropScore_AI/data/raw_videos/ravdess/Actor_17/03-01-08-01-02-02-17.wav,hot,Dogs are sitting by the door.,positive,surprise,50.0,1660.503,0.00773,1.746,-555.584,51.027,2.935,11.149,3.849,0,unknown,0.68,0.221,0.75,0.5703,0,0,0,0,0,0
C:/PropScore_AI/data/raw_videos/ravdess/Actor_17/03-01-08-02-01-01-17.wav,hot,Kids are talking by the door!,positive,surprise,100.0,1663.43,0.01332,1.696,-497.626,33.997,4.877,12.642,1.33,0,unknown,0.88,0.2495,0.75,0.6389,0,0,0,0,0,0
C:/PropScore_AI/data/raw_videos/ravdess/Actor_17/03-01-08-02-01-02-17.wav,hot,Kids are talking by the door!,positive,surprise,100.0,1880.191,0.01396,1.635,-475.178,37.011,1.647,10.01,3.069,0,unknown,0.88,0.2473,0.75,0.6382,0,0,0,0,0,0
C:/PropScore_AI/data/raw_videos/ravdess/Actor_17/03-01-08-02-02-01-17.wav,hot,Dogs are sitting by the door!,positive,surprise,100.0,1358.08,0.01922,1.746,-445.194,31.939,5.878,6.222,-2.398,0,unknown,0.88,0.2899,0.75,0.651,0,0,0,0,0,0
C:/PropScore_AI/data/raw_videos/ravdess/Actor_17/03-01-08-02-02-02-17.wav,hot,Dogs are sitting by the door!,positive,surprise,100.0,1571.261,0.0187,1.696,-455.374,30.516,4.953,3.804,-0.617,0,unknown,0.88,0.2818,0.75,0.6485,0,0,0,0,0,0
C:/PropScore_AI/data/raw_videos/ravdess/Actor_18/03-01-01-01-01-01-18.wav,warm,Kids are talking by the door.,positive,neutral,50.0,2010.223,0.00182,1.729,-747.835,51.776,3.062,11.618,-7.586,0,unknown,0.5,0.1838,0.45,0.3851,0,0,0,0,0,0
C:/PropScore_AI/data/raw_videos/ravdess/Actor_18/03-01-01-01-01-02-18.wav,warm,Kids are talking by the door.,positive,neutral,50.0,1989.085,0.00211,1.696,-736.445,53.861,2.047,9.22,-7.246,0,unknown,0.5,0.1823,0.45,0.3847,0,0,0,0,0,0
C:/PropScore_AI/data/raw_videos/ravdess/Actor_18/03-01-01-01-02-01-18.wav,warm,Dogs are sitting by the door.,positive,neutral,50.0,2004.118,0.00186,1.729,-752.897,47.209,9.133,5.098,-8.664,0,unknown,0.5,0.1841,0.45,0.3852,0,0,0,0,0,0
C:/PropScore_AI/data/raw_videos/ravdess/Actor_18/03-01-01-01-02-02-18.wav,warm,Dogs are sitting by the door.,positive,neutral,50.0,1978.245,0.00197,1.729,-753.19,54.141,2.294,5.334,-6.847,0,unknown,0.5,0.1847,0.45,0.3854,0,0,0,0,0,0
C:/PropScore_AI/data/raw_videos/ravdess/Actor_18/03-01-02-01-01-01-18.wav,warm,Kids are talking by the door.,positive,calm,50.0,1953.695,0.00271,1.729,-681.21,43.474,0.893,10.278,-8.029,0,unknown,0.56,0.1892,0.45,0.4048,0,0,0,0,0,0
C:/PropScore_AI/data/raw_videos/ravdess/Actor_18/03-01-02-01-01-02-18.wav,warm,Kids are talking by the door.,positive,calm,50.0,1899.707,0.00245,1.763,-694.262,48.7,-2.809,14.33,-8.723,0,unknown,0.56,0.191,0.45,0.4053,0,0,0,0,0,0
C:/PropScore_AI/data/raw_videos/ravdess/Actor_18/03-01-02-01-02-01-18.wav,warm,Dogs are sitting by the door.,positive,calm,50.0,1928.559,0.00329,1.65,-677.979,49.01,3.777,6.576,-2.855,0,unknown,0.56,0.1847,0.45,0.4034,0,0,0,0,0,0
C:/PropScore_AI/data/raw_videos/ravdess/Actor_18/03-01-02-01-02-02-18.wav,warm,Dogs are sitting by the door.,positive,calm,50.0,1926.416,0.00328,1.713,-678.481,48.714,4.807,7.048,-2.761,0,unknown,0.56,0.191,0.45,0.4053,0,0,0,0,0,0
C:/PropScore_AI/data/raw_videos/ravdess/Actor_18/03-01-02-02-01-01-18.wav,warm,Kids are talking by the door.,positive,calm,100.0,1986.077,0.00241,1.665,-699.166,40.442,0.626,11.635,-9.377,0,unknown,0.76,0.181,0.45,0.4623,0,0,0,0,0,0
C:/PropScore_AI/data/raw_videos/ravdess/Actor_18/03-01-02-02-01-02-18.wav,warm,Kids are talking by the door.,positive,calm,100.0,1990.322,0.00218,1.665,-700.095,47.143,4.786,13.525,-7.111,0,unknown,0.76,0.1796,0.45,0.4619,0,0,0,0,0,0
C:/PropScore_AI/data/raw_videos/ravdess/Actor_18/03-01-02-02-02-01-18.wav,warm,Dogs are sitting by the door.,positive,calm,100.0,1946.694,0.00266,1.665,-692.486,44.704,3.618,8.159,-3.673,0,unknown,0.76,0.1825,0.45,0.4627,0,0,0,0,0,0
C:/PropScore_AI/data/raw_videos/ravdess/Actor_18/03-01-02-02-02-02-18.wav,warm,Dogs are sitting by the door.,positive,calm,100.0,1997.248,0.00295,1.665,-687.994,44.244,0.397,5.729,-4.921,0,unknown,0.76,0.1842,0.45,0.4633,0,0,0,0,0,0
C:/PropScore_AI/data/raw_videos/ravdess/Actor_18/03-01-03-01-01-01-18.wav,hot,Kids are talking by the door.,positive,happy,50.0,1909.386,0.00589,1.763,-619.27,40.721,-14.952,5.823,-8.21,0,unknown,0.8,0.2116,0.75,0.6035,0,0,0,0,0,0
C:/PropScore_AI/data/raw_videos/ravdess/Actor_18/03-01-03-01-01-02-18.wav,hot,He's attacking by the door.,neutral,happy,50.0,1933.966,0.00497,1.484,-619.941,36.794,-16.665,9.438,-9.897,0,unknown,0.8,0.1782,0.55,0.5135,0,0,0,0,0,0
C:/PropScore_AI/data/raw_videos/ravdess/Actor_18/03-01-03-01-02-01-18.wav,hot,Dogs are sitting by the door.,positive,happy,50.0,1893.588,0.00381,1.746,-660.166,44.958,-10.601,8.063,-6.835,0,unknown,0.8,0.1975,0.75,0.5993,0,0,0,0,0,0
C:/PropScore_AI/data/raw_videos/ravdess/Actor_18/03-01-03-01-02-02-18.wav,hot,Talks are sitting by the door.,positive,happy,50.0,1934.815,0.00446,1.713,-640.998,39.824,-7.825,6.93,-10.707,0,unknown,0.8,0.1981,0.75,0.5994,0,0,0,0,0,0
C:/PropScore_AI/data/raw_videos/ravdess/Actor_18/03-01-03-02-01-01-18.wav,hot,Kids are talking by the door!,positive,happy,100.0,1918.688,0.03641,1.591,-411.119,5.053,-25.664,-5.41,-10.996,0,unknown,1.0,0.3776,0.75,0.7133,0,0,0,0,0,0
C:/PropScore_AI/data/raw_videos/ravdess/Actor_18/03-01-03-02-01-02-18.wav,hot,Kids are talking by the door!,positive,happy,100.0,1975.466,0.0271,1.524,-414.994,13.777,-22.723,-1.932,-9.229,0,unknown,1.0,0.315,0.75,0.6945,0,0,0,0,0,0
C:/PropScore_AI/data/raw_videos/ravdess/Actor_18/03-01-03-02-02-01-18.wav,hot,Does her sitting by the door?,neutral,happy,100.0,2009.432,0.02626,1.591,-455.732,7.324,-34.608,0.328,-13.179,0,unknown,1.0,0.3167,0.55,0.615,0,0,0,0,0,0
C:/PropScore_AI/data/raw_videos/ravdess/Actor_18/03-01-03-02-02-02-18.wav,hot,Dogs are sitting by the door!,positive,happy,100.0,1945.537,0.03801,1.564,-395.675,2.198,-26.945,-5.601,-11.709,0,unknown,1.0,0.3845,0.75,0.7154,0,0,0,0,0,0
C:/PropScore_AI/data/raw_videos/ravdess/Actor_18/03-01-04-01-01-01-18.wav,cold,Kids are talking by the door.,positive,sad,50.0,1927.352,0.00503,1.681,-635.894,48.214,-14.154,6.619,-10.752,0,unknown,0.32,0.1983,0.3,0.2755,0,0,0,0,0,0
C:/PropScore_AI/data/raw_videos/ravdess/Actor_18/03-01-04-01-01-02-18.wav,cold,Kids are talking by the door.,positive,sad,50.0,1900.475,0.00441,1.65,-652.469,45.744,-9.878,0.357,-11.14,0,unknown,0.32,0.1915,0.3,0.2734,0,0,0,0,0,0
C:/PropScore_AI/data/raw_videos/ravdess/Actor_18/03-01-04-01-02-01-18.wav,cold,Dogs are sitting by the door.,positive,sad,50.0,1917.454,0.00303,1.696,-688.796,45.775,2.608,2.052,-8.597,0,unknown,0.32,0.1878,0.3,0.2723,0,0,0,0,0,0
C:/PropScore_AI/data/raw_videos/ravdess/Actor_18/03-01-04-01-02-02-18.wav,cold,Dogs are sitting by the door.,positive,sad,50.0,1924.015,0.00393,1.65,-670.775,47.173,-1.074,0.5,-7.142,0,unknown,0.32,0.1886,0.3,0.2726,0,0,0,0,0,0
C:/PropScore_AI/data/raw_videos/ravdess/Actor_18/03-01-04-02-01-01-18.wav,cold,Kids are talking by the door!,positive,sad,100.0,2012.996,0.01733,1.577,-496.807,18.977,-32.233,-6.246,-18.449,0,unknown,0.52,0.2617,0.3,0.3545,0,0,0,0,0,0
C:/PropScore_AI/data/raw_videos/ravdess/Actor_18/03-01-04-02-01-02-18.wav,cold,Kids are talking by the door.,positive,sad,100.0,1959.141,0.0174,1.564,-465.486,19.422,-27.369,-1.617,-17.746,0,unknown,0.52,0.2608,0.3,0.3542,0,0,0,0,0,0
C:/PropScore_AI/data/raw_videos/ravdess/Actor_18/03-01-04-02-02-01-18.wav,cold,Dogs are sitting by the door!,positive,sad,100.0,1949.476,0.01541,1.45,-484.725,29.714,-31.899,-1.85,-15.097,0,unknown,0.52,0.2375,0.3,0.3472,0,0,0,0,0,0
C:/PropScore_AI/data/raw_videos/ravdess/Actor_18/03-01-04-02-02-02-18.wav,cold,Dogs are sitting by the door!,positive,sad,100.0,1938.776,0.01455,1.564,-489.218,22.153,-30.008,-3.497,-15.231,0,unknown,0.52,0.2437,0.3,0.3491,0,0,0,0,0,0
C:/PropScore_AI/data/raw_videos/ravdess/Actor_18/03-01-05-01-01-01-18.wav,cold,Kids are talking by the door.,positive,angry,50.0,1960.276,0.00917,1.537,-536.502,37.949,-24.374,1.255,-16.629,0,unknown,0.29,0.2087,0.3,0.2696,0,0,0,0,0,0
C:/PropScore_AI/data/raw_videos/ravdess/Actor_18/03-01-05-01-01-02-18.wav,cold,Kids are talking by the door.,positive,angry,50.0,1880.205,0.00711,1.439,-547.562,42.959,-17.672,1.617,-15.767,0,unknown,0.29,0.1866,0.3,0.263,0,0,0,0,0,0
C:/PropScore_AI/data/raw_videos/ravdess/Actor_18/03-01-05-01-02-01-18.wav,cold,Dogs are sitting by the door.,positive,angry,50.0,1867.912,0.01195,1.681,-539.538,34.291,-13.751,-1.329,-13.278,0,unknown,0.29,0.2398,0.3,0.2789,0,0,0,0,0,0
C:/PropScore_AI/data/raw_videos/ravdess/Actor_18/03-01-05-01-02-02-18.wav,cold,Dogs are sitting by the door.,positive,angry,50.0,1937.503,0.00914,1.65,-563.622,39.038,-18.336,-2.512,-14.691,0,unknown,0.29,0.2198,0.3,0.2729,0,0,0,0,0,0
C:/PropScore_AI/data/raw_videos/ravdess/Actor_18/03-01-05-02-01-01-18.wav,cold,Kids are talking by the door!,positive,angry,100.0,2004.349,0.05648,1.62,-386.328,-6.885,-29.098,-6.629,-18.016,0,unknown,0.49,0.5009,0.3,0.4173,0,0,0,0,0,0
C:/PropScore_AI/data/raw_videos/ravdess/Actor_18/03-01-05-02-01-02-18.wav,cold,Kids are talking by the door!,positive,angry,100.0,1964.316,0.07048,1.591,-367.387,-15.848,-29.421,-10.714,-15.124,0,unknown,0.49,0.582,0.3,0.4416,0,0,0,0,0,0
C:/PropScore_AI/data/raw_videos/ravdess/Actor_18/03-01-05-02-02-01-18.wav,cold,Dogs are sitting by the door!,positive,angry,100.0,1993.381,0.06142,1.564,-376.095,-13.201,-30.465,-12.432,-16.057,0,unknown,0.49,0.5249,0.3,0.4245,0,0,0,0,0,0
C:/PropScore_AI/data/raw_videos/ravdess/Actor_18/03-01-05-02-02-02-18.wav,cold,Dogs are sitting by the door!,positive,angry,100.0,2025.173,0.06606,1.416,-360.853,-10.593,-32.006,-14.675,-16.174,0,unknown,0.49,0.538,0.3,0.4284,0,0,0,0,0,0
C:/PropScore_AI/data/raw_videos/ravdess/Actor_18/03-01-06-01-01-01-18.wav,cold,Kids are talking by the door.,positive,fear,50.0,1909.057,0.00858,1.746,-566.968,40.936,-19.176,-4.108,-10.157,0,unknown,0.38,0.2261,0.3,0.3018,0,0,0,0,0,0
C:/PropScore_AI/data/raw_videos/ravdess/Actor_18/03-01-06-01-01-02-18.wav,cold,Kids are talking by the door.,positive,fear,50.0,1931.38,0.0073,1.763,-592.439,34.953,-16.877,1.021,-7.632,0,unknown,0.38,0.2201,0.3,0.3,0,0,0,0,0,0
C:/PropScore_AI/data/raw_videos/ravdess/Actor_18/03-01-06-01-02-01-18.wav,cold,Dogs are sitting by the door.,positive,fear,50.0,1910.207,0.00593,1.729,-591.39,37.628,-6.755,0.596,-5.603,0,unknown,0.38,0.2085,0.3,0.2965,0,0,0,0,0,0
C:/PropScore_AI/data/raw_videos/ravdess/Actor_18/03-01-06-01-02-02-18.wav,cold,Dogs are sitting by the door.,positive,fear,50.0,1838.25,0.00725,1.729,-562.309,48.431,-17.245,1.15,-7.862,0,unknown,0.38,0.2164,0.3,0.2989,0,0,0,0,0,0
C:/PropScore_AI/data/raw_videos/ravdess/Actor_18/03-01-06-02-01-01-18.wav,cold,Kids are talking by the door!,positive,fear,100.0,1935.724,0.01781,1.606,-470.684,17.964,-28.992,-5.465,-11.185,0,unknown,0.58,0.2675,0.3,0.3742,0,0,0,0,0,0
C:/PropScore_AI/data/raw_videos/ravdess/Actor_18/03-01-06-02-01-02-18.wav,cold,Kids are talking by the door.,positive,fear,100.0,1869.178,0.02438,1.439,-456.439,18.725,-25.577,-4.074,-10.58,0,unknown,0.58,0.2902,0.3,0.3811,0,0,0,0,0,0
C:/PropScore_AI/data/raw_videos/ravdess/Actor_18/03-01-06-02-02-01-18.wav,cold,Dogs are sitting by the door!,positive,fear,100.0,1967.642,0.01243,1.577,-508.369,21.173,-17.938,-3.38,-8.308,0,unknown,0.58,0.2323,0.3,0.3637,0,0,0,0,0,0
C:/PropScore_AI/data/raw_videos/ravdess/Actor_18/03-01-06-02-02-02-18.wav,cold,Dogs are sitting by the door!,positive,fear,100.0,1921.133,0.01948,1.577,-466.902,15.534,-28.083,-5.546,-11.97,0,unknown,0.58,0.2746,0.3,0.3764,0,0,0,0,0,0
C:/PropScore_AI/data/raw_videos/ravdess/Actor_18/03-01-07-01-01-01-18.wav,cold,Kids are talking by the door.,positive,disgust,50.0,1878.258,0.00495,1.394,-611.208,49.264,-5.265,0.87,-11.553,0,unknown,0.26,0.1691,0.3,0.2487,0,0,0,0,0,0
C:/PropScore_AI/data/raw_videos/ravdess/Actor_18/03-01-07-01-01-02-18.wav,cold,Kids are talking by the door.,positive,disgust,50.0,1952.112,0.00794,1.474,-548.503,40.887,-13.163,-1.16,-12.77,0,unknown,0.26,0.195,0.3,0.2565,0,0,0,0,0,0
C:/PropScore_AI/data/raw_videos/ravdess/Actor_18/03-01-07-01-02-01-18.wav,cold,Dogs are sitting by the door.,positive,disgust,50.0,1812.038,0.00714,1.635,-570.949,42.975,-12.34,-6.804,-6.467,0,unknown,0.26,0.2063,0.3,0.2599,0,0,0,0,0,0
C:/PropScore_AI/data/raw_videos/ravdess/Actor_18/03-01-07-01-02-02-18.wav,cold,Dogs are sitting by the door.,positive,disgust,50.0,1790.093,0.00812,1.373,-556.696,43.157,-11.321,-4.485,-6.695,0,unknown,0.26,0.186,0.3,0.2538,0,0,0,0,0,0
C:/PropScore_AI/data/raw_videos/ravdess/Actor_18/03-01-07-02-01-01-18.wav,cold,Kids are talking by the door!,positive,disgust,100.0,1948.33,0.01647,1.257,-495.92,11.144,-25.217,-2.245,-16.854,0,unknown,0.46,0.2245,0.3,0.3254,0,0,0,0,0,0
C:/PropScore_AI/data/raw_videos/ravdess/Actor_18/03-01-07-02-01-02-18.wav,cold,Kids are talking by the door!,positive,disgust,100.0,1964.501,0.01659,1.342,-484.055,20.309,-17.925,-4.333,-15.77,0,unknown,0.46,0.2337,0.3,0.3281,0,0,0,0,0,0
C:/PropScore_AI/data/raw_videos/ravdess/Actor_18/03-01-07-02-02-01-18.wav,cold,Dogs are sitting by the door!,positive,disgust,100.0,1885.266,0.01482,1.294,-474.823,28.176,-21.01,-5.423,-14.407,0,unknown,0.46,0.2183,0.3,0.3235,0,0,0,0,0,0
C:/PropScore_AI/data/raw_videos/ravdess/Actor_18/03-01-07-02-02-02-18.wav,cold,Doctor's sitting by the door!,positive,disgust,100.0,1950.93,0.01903,1.094,-452.694,16.744,-22.824,-5.854,-14.207,0,unknown,0.46,0.2236,0.3,0.3251,0,0,0,0,0,0
C:/PropScore_AI/data/raw_videos/ravdess/Actor_18/03-01-08-01-01-01-18.wav,hot,Kids are talking by the door?,neutral,surprise,50.0,1971.463,0.00378,1.78,-650.408,44.991,-9.287,8.172,-15.813,0,unknown,0.68,0.2007,0.55,0.4842,0,0,0,0,0,0
C:/PropScore_AI/data/raw_videos/ravdess/Actor_18/03-01-08-01-01-02-18.wav,hot,Kids are talking by the door.,positive,surprise,50.0,1875.248,0.00355,1.713,-662.79,47.722,2.805,2.991,-12.233,0,unknown,0.68,0.1926,0.75,0.5618,0,0,0,0,0,0
C:/PropScore_AI/data/raw_videos/ravdess/Actor_18/03-01-08-01-02-01-18.wav,hot,Dogs are sitting by the door.,positive,surprise,50.0,1895.638,0.00509,1.713,-616.777,40.756,0.614,-2.102,-10.161,0,unknown,0.68,0.2018,0.75,0.5645,0,0,0,0,0,0
C:/PropScore_AI/data/raw_videos/ravdess/Actor_18/03-01-08-01-02-02-18.wav,hot,Dr. Sitting by the door.,positive,surprise,50.0,1858.75,0.00342,1.427,-657.19,41.09,1.604,3.583,-6.283,0,unknown,0.68,0.1632,0.75,0.553,0,0,0,0,0,0
C:/PropScore_AI/data/raw_videos/ravdess/Actor_18/03-01-08-02-01-01-18.wav,hot,Kids are talking by the door.,positive,surprise,100.0,1892.923,0.0053,1.65,-585.617,29.418,-8.983,2.687,-6.3,0,unknown,0.88,0.1968,0.75,0.623,0,0,0,0,0,0
C:/PropScore_AI/data/raw_videos/ravdess/Actor_18/03-01-08-02-01-02-18.wav,hot,Kids are talking by the door?,neutral,surprise,100.0,1934.229,0.00625,1.696,-594.886,30.945,-2.623,-1.353,-10.556,0,unknown,0.88,0.2071,0.55,0.5461,0,0,0,0,0,0
C:/PropScore_AI/data/raw_videos/ravdess/Actor_18/03-01-08-02-02-01-18.wav,hot,Dogs are sitting by the door?,neutral,surprise,100.0,1853.356,0.0077,1.55,-564.455,32.32,-0.616,-1.762,-11.348,0,unknown,0.88,0.2012,0.55,0.5444,0,0,0,0,0,0
C:/PropScore_AI/data/raw_videos/ravdess/Actor_18/03-01-08-02-02-02-18.wav,hot,Dogs are sitting by the door?,neutral,surprise,100.0,1845.745,0.00585,1.65,-582.14,27.158,-2.572,-1.656,-8.989,0,unknown,0.88,0.2001,0.55,0.544,0,0,0,0,0,0
C:/PropScore_AI/data/raw_videos/ravdess/Actor_19/03-01-01-01-01-01-19.wav,warm,Kids are talking by the door.,positive,neutral,50.0,859.281,0.00229,1.78,-711.65,74.368,11.233,19.223,4.733,0,unknown,0.5,0.1917,0.45,0.3875,0,0,0,0,0,0
C:/PropScore_AI/data/raw_videos/ravdess/Actor_19/03-01-01-01-01-02-19.wav,warm,Kids are talking by the door.,positive,neutral,50.0,1363.797,0.00224,1.854,-698.376,72.886,12.169,20.978,5.856,0,unknown,0.5,0.1988,0.45,0.3896,0,0,0,0,0,0
C:/PropScore_AI/data/raw_videos/ravdess/Actor_19/03-01-01-01-02-01-19.wav,warm,Dogs are sitting by the door.,positive,neutral,50.0,1390.793,0.00215,1.798,-711.345,64.645,14.34,23.993,9.04,0,unknown,0.5,0.1927,0.45,0.3878,0,0,0,0,0,0
C:/PropScore_AI/data/raw_videos/ravdess/Actor_19/03-01-01-01-02-02-19.wav,warm,Dogs are sitting by the door.,positive,neutral,50.0,1180.447,0.00253,1.816,-691.099,56.957,13.487,20.01,6.278,0,unknown,0.5,0.1968,0.45,0.389,0,0,0,0,0,0
C:/PropScore_AI/data/raw_videos/ravdess/Actor_19/03-01-02-01-01-01-19.wav,warm,Kids are talking by the door.,positive,calm,50.0,1149.258,0.0012,1.635,-745.511,65.243,27.681,22.272,14.661,0,unknown,0.56,0.1707,0.45,0.3992,0,0,0,0,0,0
C:/PropScore_AI/data/raw_videos/ravdess/Actor_19/03-01-02-01-01-02-19.wav,warm,Kids are talking by the door.,positive,calm,50.0,973.884,0.00136,1.635,-732.008,70.486,24.123,26.105,13.655,0,unknown,0.56,0.1717,0.45,0.3995,0,0,0,0,0,0
C:/PropScore_AI/data/raw_videos/ravdess/Actor_19/03-01-02-01-02-01-19.wav,warm,Dogs are sitting by the door.,positive,calm,50.0,1506.057,0.00152,1.798,-727.201,58.846,26.028,26.107,11.323,0,unknown,0.56,0.1889,0.45,0.4047,0,0,0,0,0,0
C:/PropScore_AI/data/raw_videos/ravdess/Actor_19/03-01-02-01-02-02-19.wav,warm,Dogs are sitting by the door.,positive,calm,50.0,1078.728,0.00131,1.729,-740.89,60.991,29.918,27.351,13.508,0,unknown,0.56,0.1808,0.45,0.4022,0,0,0,0,0,0
C:/PropScore_AI/data/raw_videos/ravdess/Actor_19/03-01-02-02-01-01-19.wav,warm,Kids are talking by the door.,positive,calm,100.0,1506.814,0.00273,1.342,-660.864,62.539,14.711,17.375,10.023,0,unknown,0.76,0.1506,0.45,0.4532,0,0,0,0,0,0
C:/PropScore_AI/data/raw_videos/ravdess/Actor_19/03-01-02-02-01-02-19.wav,warm,Kids are talking by the door.,positive,calm,100.0,1337.323,0.00222,1.486,-675.38,62.004,19.061,24.148,13.788,0,unknown,0.76,0.1619,0.45,0.4566,0,0,0,0,0,0
C:/PropScore_AI/data/raw_videos/ravdess/Actor_19/03-01-02-02-02-01-19.wav,warm,Dogs are sitting by the door.,positive,calm,100.0,1601.107,0.00192,1.303,-688.672,57.332,17.888,22.985,12.293,0,unknown,0.76,0.1418,0.45,0.4505,0,0,0,0,0,0
C:/PropScore_AI/data/raw_videos/ravdess/Actor_19/03-01-02-02-02-02-19.wav,warm,Dogs are sitting by the door.,positive,calm,100.0,1409.169,0.00239,1.394,-690.027,60.411,21.668,23.999,13.724,0,unknown,0.76,0.1537,0.45,0.4541,0,0,0,0,0,0
C:/PropScore_AI/data/raw_videos/ravdess/Actor_19/03-01-03-01-01-01-19.wav,hot,Kids are talking by the door.,positive,happy,50.0,1446.149,0.00313,1.65,-635.176,68.18,7.235,9.003,4.89,0,unknown,0.8,0.1838,0.75,0.5951,0,0,0,0,0,0
C:/PropScore_AI/data/raw_videos/ravdess/Actor_19/03-01-03-01-01-02-19.wav,hot,Kids are talking by the door.,positive,happy,50.0,978.239,0.00434,1.62,-603.088,59.786,8.403,14.245,4.647,0,unknown,0.8,0.188,0.75,0.5964,0,0,0,0,0,0
C:/PropScore_AI/data/raw_videos/ravdess/Actor_19/03-01-03-01-02-01-19.wav,hot,Dogs are sitting by the door.,positive,happy,50.0,1248.148,0.00236,1.835,-672.323,73.229,17.817,14.696,11.028,0,unknown,0.8,0.1977,0.75,0.5993,0,0,0,0,0,0
C:/PropScore_AI/data/raw_videos/ravdess/Actor_19/03-01-03-01-02-02-19.wav,hot,Dogs are sitting by the door.,positive,happy,50.0,1351.198,0.00374,1.816,-635.942,60.011,6.378,13.103,3.802,0,unknown,0.8,0.204,0.75,0.6012,0,0,0,0,0,0
C:/PropScore_AI/data/raw_videos/ravdess/Actor_19/03-01-03-02-01-01-19.wav,hot,Kids are talking by the door.,positive,happy,100.0,1420.624,0.00603,1.591,-575.488,51.129,9.043,8.077,0.515,0,unknown,1.0,0.1953,0.75,0.6586,0,0,0,0,0,0
C:/PropScore_AI/data/raw_videos/ravdess/Actor_19/03-01-03-02-01-02-19.wav,hot,Kids are talking by the door!,positive,happy,100.0,1684.584,0.00955,1.577,-498.443,37.793,-16.236,2.665,-2.443,0,unknown,1.0,0.215,0.75,0.6645,0,0,0,0,0,0
C:/PropScore_AI/data/raw_videos/ravdess/Actor_19/03-01-03-02-02-01-19.wav,hot,Dogs are sitting by the door!,positive,happy,100.0,1355.26,0.01363,1.362,-485.323,38.394,-3.802,8.195,-0.74,0,unknown,1.0,0.218,0.75,0.6654,0,0,0,0,0,0
C:/PropScore_AI/data/raw_videos/ravdess/Actor_19/03-01-03-02-02-02-19.wav,hot,Dogs are sitting by the door.,positive,happy,100.0,1506.468,0.00661,1.499,-582.972,49.253,15.518,12.7,0.628,0,unknown,1.0,0.1896,0.75,0.6569,0,0,0,0,0,0
C:/PropScore_AI/data/raw_videos/ravdess/Actor_19/03-01-04-01-01-01-19.wav,cold,Kids are talking by the door.,positive,sad,50.0,1158.178,0.00165,1.746,-711.957,64.807,16.632,17.678,9.429,0,unknown,0.32,0.1845,0.3,0.2713,0,0,0,0,0,0
C:/PropScore_AI/data/raw_videos/ravdess/Actor_19/03-01-04-01-01-02-19.wav,cold,Kids are talking by the door.,positive,sad,50.0,1378.809,0.00117,1.635,-732.28,67.796,16.695,19.695,10.565,0,unknown,0.32,0.1705,0.3,0.2671,0,0,0,0,0,0
C:/PropScore_AI/data/raw_videos/ravdess/Actor_19/03-01-04-01-02-01-19.wav,cold,Dogs are sitting by the door.,positive,sad,50.0,1415.507,0.00178,1.893,-699.926,68.86,8.601,13.949,10.616,0,unknown,0.32,0.2,0.3,0.276,0,0,0,0,0,0
C:/PropScore_AI/data/raw_videos/ravdess/Actor_19/03-01-04-01-02-02-19.wav,cold,Dogs are sitting by the door.,positive,sad,50.0,1456.438,0.0018,1.635,-718.789,72.61,16.571,20.816,8.503,0,unknown,0.32,0.1743,0.3,0.2683,0,0,0,0,0,0
C:/PropScore_AI/data/raw_videos/ravdess/Actor_19/03-01-04-02-01-01-19.wav,cold,Kids are talking by the door.,positive,sad,100.0,1793.734,0.01076,1.499,-511.527,42.529,3.537,15.9,5.566,0,unknown,0.52,0.2145,0.3,0.3403,0,0,0,0,0,0
C:/PropScore_AI/data/raw_videos/ravdess/Actor_19/03-01-04-02-01-02-19.wav,cold,Kids are talking by the door.,positive,sad,100.0,1404.375,0.00352,1.62,-633.319,61.673,2.602,18.65,6.561,0,unknown,0.52,0.1831,0.3,0.3309,0,0,0,0,0,0
C:/PropScore_AI/data/raw_videos/ravdess/Actor_19/03-01-04-02-02-01-19.wav,cold,Dogs are sitting by the door.,positive,sad,100.0,1359.019,0.00386,1.763,-614.648,61.272,2.326,10.915,5.8,0,unknown,0.52,0.1995,0.3,0.3358,0,0,0,0,0,0
C:/PropScore_AI/data/raw_videos/ravdess/Actor_19/03-01-04-02-02-02-19.wav,cold,Dogs are sitting by the door.,positive,sad,100.0,1361.538,0.00609,1.606,-583.463,60.013,-1.716,15.493,9.149,0,unknown,0.52,0.1971,0.3,0.3351,0,0,0,0,0,0
C:/PropScore_AI/data/raw_videos/ravdess/Actor_19/03-01-05-01-01-01-19.wav,cold,Kids are talking by the door.,positive,angry,50.0,1612.51,0.01019,1.591,-512.118,41.692,-4.257,12.215,-4.815,0,unknown,0.29,0.2202,0.3,0.2731,0,0,0,0,0,0
C:/PropScore_AI/data/raw_videos/ravdess/Actor_19/03-01-05-01-01-02-19.wav,cold,Kids are talking by the door.,positive,angry,50.0,1508.934,0.00807,1.62,-539.199,48.874,-2.045,17.014,1.371,0,unknown,0.29,0.2104,0.3,0.2701,0,0,0,0,0,0
C:/PropScore_AI/data/raw_videos/ravdess/Actor_19/03-01-05-01-02-01-19.wav,cold,The dogs are sitting by the door.,positive,angry,50.0,1527.521,0.00492,2.119,-577.382,41.807,8.754,11.111,-0.531,0,unknown,0.29,0.2414,0.3,0.2794,0,0,0,0,0,0
C:/PropScore_AI/data/raw_videos/ravdess/Actor_19/03-01-05-01-02-02-19.wav,cold,Dogs are sitting by the door.,positive,angry,50.0,1449.412,0.00981,1.681,-529.015,50.827,10.013,15.61,-2.784,0,unknown,0.29,0.227,0.3,0.2751,0,0,0,0,0,0
C:/PropScore_AI/data/raw_videos/ravdess/Actor_19/03-01-05-02-01-01-19.wav,cold,Kids are talking by the door!,positive,angry,100.0,1766.401,0.03928,1.511,-396.682,21.533,-17.111,6.256,-13.96,0,unknown,0.49,0.3868,0.3,0.383,0,0,0,0,0,0
C:/PropScore_AI/data/raw_videos/ravdess/Actor_19/03-01-05-02-01-02-19.wav,cold,Kids are talking by the door!,positive,angry,100.0,1869.105,0.06981,1.249,-335.089,18.913,-32.045,-2.337,-22.119,0,unknown,0.49,0.5438,0.3,0.4301,0,0,0,0,0,0
C:/PropScore_AI/data/raw_videos/ravdess/Actor_19/03-01-05-02-02-01-19.wav,cold,Dogs are sitting by the door!,positive,angry,100.0,1964.955,0.08537,1.383,-293.213,15.072,-30.803,-5.34,-17.98,0,unknown,0.49,0.6505,0.3,0.4621,0,0,0,0,0,0
C:/PropScore_AI/data/raw_videos/ravdess/Actor_19/03-01-05-02-02-02-19.wav,cold,Dogs are sitting by the door!,positive,angry,100.0,1926.183,0.03925,1.462,-392.295,18.475,-18.691,7.91,-15.324,0,unknown,0.49,0.3817,0.3,0.3815,0,0,0,0,0,0
C:/PropScore_AI/data/raw_videos/ravdess/Actor_19/03-01-06-01-01-01-19.wav,cold,Kids are talking by the door.,positive,fear,50.0,1641.857,0.00472,1.62,-597.29,46.129,-2.056,16.138,-2.183,0,unknown,0.38,0.1903,0.3,0.2911,0,0,0,0,0,0
C:/PropScore_AI/data/raw_videos/ravdess/Actor_19/03-01-06-01-01-02-19.wav,cold,Kids are talking by the door.,positive,fear,50.0,1570.511,0.00367,1.713,-636.3,51.71,2.62,16.126,6.393,0,unknown,0.38,0.1933,0.3,0.292,0,0,0,0,0,0
C:/PropScore_AI/data/raw_videos/ravdess/Actor_19/03-01-06-01-02-01-19.wav,cold,The dogs are sitting by the door.,positive,fear,50.0,1802.535,0.00414,1.857,-606.443,31.371,2.0,10.424,0.03,0,unknown,0.38,0.2105,0.3,0.2971,0,0,0,0,0,0
C:/PropScore_AI/data/raw_videos/ravdess/Actor_19/03-01-06-01-02-02-19.wav,cold,Dogs are sitting by the door.,positive,fear,50.0,1376.53,0.00389,1.696,-630.24,50.681,15.978,16.748,4.716,0,unknown,0.38,0.1929,0.3,0.2919,0,0,0,0,0,0
C:/PropScore_AI/data/raw_videos/ravdess/Actor_19/03-01-06-02-01-01-19.wav,cold,Kids are talking by the door!,positive,fear,100.0,1743.024,0.01443,1.564,-469.543,29.123,-30.97,5.254,-7.715,0,unknown,0.58,0.243,0.3,0.3669,0,0,0,0,0,0
C:/PropScore_AI/data/raw_videos/ravdess/Actor_19/03-01-06-02-01-02-19.wav,cold,Kids are talking by the door!,positive,fear,100.0,1836.967,0.03411,1.373,-418.723,5.204,-24.263,-2.413,-17.213,0,unknown,0.58,0.342,0.3,0.3966,0,0,0,0,0,0
C:/PropScore_AI/data/raw_videos/ravdess/Actor_19/03-01-06-02-02-01-19.wav,cold,Dogs are sitting by the door!,positive,fear,100.0,1817.04,0.02178,1.681,-456.116,11.54,-18.328,-6.246,-12.324,0,unknown,0.58,0.2988,0.3,0.3836,0,0,0,0,0,0
C:/PropScore_AI/data/raw_videos/ravdess/Actor_19/03-01-06-02-02-02-19.wav,cold,Dogs are sitting by the door!,positive,fear,100.0,1798.996,0.02799,1.486,-410.087,15.639,-22.351,1.615,-10.926,0,unknown,0.58,0.3165,0.3,0.3889,0,0,0,0,0,0
C:/PropScore_AI/data/raw_videos/ravdess/Actor_19/03-01-07-01-01-01-19.wav,cold,Kids are talking by the door.,positive,disgust,50.0,1393.482,0.00342,1.394,-596.08,66.337,15.83,14.28,-5.943,0,unknown,0.26,0.1599,0.3,0.246,0,0,0,0,0,0
C:/PropScore_AI/data/raw_videos/ravdess/Actor_19/03-01-07-01-01-02-19.wav,cold,Kids are talking by the door.,positive,disgust,50.0,1505.983,0.00313,1.24,-596.932,67.774,1.612,7.099,-3.292,0,unknown,0.26,0.1428,0.3,0.2408,0,0,0,0,0,0
C:/PropScore_AI/data/raw_videos/ravdess/Actor_19/03-01-07-01-02-01-19.wav,cold,Oxet sitting by the door.,neutral,disgust,50.0,1323.427,0.00346,1.199,-583.511,56.672,12.698,10.173,0.909,0,unknown,0.26,0.1407,0.3,0.2402,0,0,0,0,0,0
C:/PropScore_AI/data/raw_videos/ravdess/Actor_19/03-01-07-01-02-02-19.wav,cold,Dogs are sitting by the door.,positive,disgust,50.0,1529.66,0.00468,1.524,-599.201,41.882,6.28,2.459,-7.253,0,unknown,0.26,0.1805,0.3,0.2521,0,0,0,0,0,0
C:/PropScore_AI/data/raw_videos/ravdess/Actor_19/03-01-07-02-01-01-19.wav,cold,Kids are talking by the door!,positive,disgust,100.0,1759.609,0.00701,1.249,-522.23,35.266,3.543,8.455,-7.047,0,unknown,0.46,0.167,0.3,0.3081,0,0,0,0,0,0
C:/PropScore_AI/data/raw_videos/ravdess/Actor_19/03-01-07-02-01-02-19.wav,cold,Kids are talking by the door!,positive,disgust,100.0,1911.47,0.01115,1.138,-447.764,20.044,-8.988,3.258,-15.989,0,unknown,0.46,0.1807,0.3,0.3122,0,0,0,0,0,0
C:/PropScore_AI/data/raw_videos/ravdess/Actor_19/03-01-07-02-02-01-19.wav,cold,Dogs are sitting by the door!,positive,disgust,100.0,1772.445,0.02298,1.223,-421.563,1.638,-0.855,-9.4,-20.007,0,unknown,0.46,0.2602,0.3,0.3361,0,0,0,0,0,0
C:/PropScore_AI/data/raw_videos/ravdess/Actor_19/03-01-07-02-02-02-19.wav,cold,Dogs are sitting by the door!,positive,disgust,100.0,1762.918,0.01876,1.215,-453.084,39.805,1.292,12.719,-6.177,0,unknown,0.46,0.2341,0.3,0.3282,0,0,0,0,0,0
C:/PropScore_AI/data/raw_videos/ravdess/Actor_19/03-01-08-01-01-01-19.wav,hot,The kids are talking by the door.,neutral,surprise,50.0,1291.726,0.00327,1.873,-646.209,69.293,9.701,16.892,2.857,0,unknown,0.68,0.2069,0.55,0.4861,0,0,0,0,0,0
C:/PropScore_AI/data/raw_videos/ravdess/Actor_19/03-01-08-01-01-02-19.wav,hot,Kids are talking by the door.,positive,surprise,50.0,1307.939,0.00313,1.696,-633.872,75.03,-0.363,7.769,-2.526,0,unknown,0.68,0.1884,0.75,0.5605,0,0,0,0,0,0
C:/PropScore_AI/data/raw_videos/ravdess/Actor_19/03-01-08-01-02-01-19.wav,hot,Dogs are sitting by the door.,positive,surprise,50.0,1683.178,0.0028,1.462,-646.915,68.024,13.768,22.725,-4.122,0,unknown,0.68,0.163,0.75,0.5529,0,0,0,0,0,0
C:/PropScore_AI/data/raw_videos/ravdess/Actor_19/03-01-08-01-02-02-19.wav,hot,Dogs are sitting by the door.,positive,surprise,50.0,868.974,0.0018,1.955,-729.767,65.15,19.589,18.763,3.473,0,unknown,0.68,0.2063,0.75,0.5659,0,0,0,0,0,0
C:/PropScore_AI/data/raw_videos/ravdess/Actor_19/03-01-08-02-01-01-19.wav,hot,Kids are talking by the door?,neutral,surprise,100.0,1357.784,0.00659,1.462,-558.748,53.797,1.401,10.27,-3.873,0,unknown,0.88,0.1857,0.55,0.5397,0,0,0,0,0,0
C:/PropScore_AI/data/raw_videos/ravdess/Actor_19/03-01-08-02-01-02-19.wav,hot,Kids are talking by the door!,positive,surprise,100.0,1728.638,0.00685,1.294,-557.659,48.218,-2.332,14.61,-0.608,0,unknown,0.88,0.1705,0.75,0.6152,0,0,0,0,0,0
C:/PropScore_AI/data/raw_videos/ravdess/Actor_19/03-01-08-02-02-01-19.wav,hot,Dogs are sitting by the door.,positive,surprise,100.0,1358.901,0.00551,1.854,-591.3,65.182,5.102,16.243,-2.309,0,unknown,0.88,0.2185,0.75,0.6296,0,0,0,0,0,0
C:/PropScore_AI/data/raw_videos/ravdess/Actor_19/03-01-08-02-02-02-19.wav,hot,Dogs are sitting by the door.,positive,surprise,100.0,1086.471,0.00334,1.835,-656.633,57.818,16.626,13.681,2.212,0,unknown,0.88,0.2035,0.75,0.6251,0,0,0,0,0,0
C:/PropScore_AI/data/raw_videos/ravdess/Actor_20/03-01-01-01-01-01-20.wav,warm,Kids are talking by the door.,positive,neutral,50.0,1858.965,0.00156,1.729,-702.715,29.941,-5.678,6.747,-12.598,0,unknown,0.5,0.1823,0.45,0.3847,0,0,0,0,0,0
C:/PropScore_AI/data/raw_videos/ravdess/Actor_20/03-01-01-01-01-02-20.wav,warm,Kids are talking by the door.,positive,neutral,50.0,1911.286,0.00218,1.681,-693.355,28.767,-7.076,8.91,-15.421,0,unknown,0.5,0.1812,0.45,0.3844,0,0,0,0,0,0
C:/PropScore_AI/data/raw_videos/ravdess/Actor_20/03-01-01-01-02-01-20.wav,warm,Dogs are sitting by the door.,positive,neutral,50.0,1787.367,0.00192,1.746,-717.169,36.294,-2.596,6.483,-10.906,0,unknown,0.5,0.1861,0.45,0.3858,0,0,0,0,0,0
C:/PropScore_AI/data/raw_videos/ravdess/Actor_20/03-01-01-01-02-02-20.wav,warm,Dogs are sitting by the door.,positive,neutral,50.0,1928.061,0.00211,1.696,-703.97,28.691,-5.653,6.23,-12.484,0,unknown,0.5,0.1823,0.45,0.3847,0,0,0,0,0,0
C:/PropScore_AI/data/raw_videos/ravdess/Actor_20/03-01-02-01-01-01-20.wav,warm,Kids are talking by the door.,positive,calm,50.0,1979.46,0.00082,1.65,-781.695,29.195,-4.926,11.143,-11.205,0,unknown,0.56,0.1699,0.45,0.399,0,0,0,0,0,0
C:/PropScore_AI/data/raw_videos/ravdess/Actor_20/03-01-02-01-01-02-20.wav,warm,Kids are talking by the door.,positive,calm,50.0,1984.942,0.00076,1.681,-795.98,28.195,-6.435,6.46,-9.79,0,unknown,0.56,0.1727,0.45,0.3998,0,0,0,0,0,0
C:/PropScore_AI/data/raw_videos/ravdess/Actor_20/03-01-02-01-02-01-20.wav,warm,Dogs are sitting by the door.,positive,calm,50.0,1906.444,0.00059,1.798,-805.682,33.669,2.147,7.459,-3.946,0,unknown,0.56,0.1833,0.45,0.403,0,0,0,0,0,0
C:/PropScore_AI/data/raw_videos/ravdess/Actor_20/03-01-02-01-02-02-20.wav,warm,Dogs are sitting by the door.,positive,calm,50.0,1903.001,0.0008,1.713,-781.436,33.062,0.86,7.028,-6.787,0,unknown,0.56,0.1761,0.45,0.4008,0,0,0,0,0,0
C:/PropScore_AI/data/raw_videos/ravdess/Actor_20/03-01-02-02-01-01-20.wav,warm,Kids are talking by the door.,positive,calm,100.0,1913.317,0.00057,1.55,-810.755,37.996,-2.811,11.274,-8.721,0,unknown,0.76,0.1584,0.45,0.4555,0,0,0,0,0,0
C:/PropScore_AI/data/raw_videos/ravdess/Actor_20/03-01-02-02-01-02-20.wav,warm,Kids are talking by the door.,positive,calm,100.0,1911.035,0.0005,1.474,-806.399,34.875,-2.466,15.831,-8.653,0,unknown,0.76,0.1504,0.45,0.4531,0,0,0,0,0,0
C:/PropScore_AI/data/raw_videos/ravdess/Actor_20/03-01-02-02-02-01-20.wav,warm,Dogs are sitting by the door.,positive,calm,100.0,1881.707,0.00058,1.65,-797.682,37.844,1.814,10.375,-6.609,0,unknown,0.76,0.1685,0.45,0.4586,0,0,0,0,0,0
C:/PropScore_AI/data/raw_videos/ravdess/Actor_20/03-01-02-02-02-02-20.wav,warm,Dogs are sitting by the door.,positive,calm,100.0,1992.59,0.00044,1.65,-841.574,29.446,1.709,8.217,-9.335,0,unknown,0.76,0.1676,0.45,0.4583,0,0,0,0,0,0
C:/PropScore_AI/data/raw_videos/ravdess/Actor_20/03-01-03-01-01-01-20.wav,hot,Kids are talking by the door.,positive,happy,50.0,1786.3,0.00854,1.696,-568.402,28.942,-15.445,5.089,-17.186,0,unknown,0.8,0.2208,0.75,0.6062,0,0,0,0,0,0
C:/PropScore_AI/data/raw_videos/ravdess/Actor_20/03-01-03-01-01-02-20.wav,hot,Kids are talking by the door.,positive,happy,50.0,1890.836,0.0049,1.62,-621.96,29.832,-16.886,3.687,-18.006,0,unknown,0.8,0.1914,0.75,0.5974,0,0,0,0,0,0
C:/PropScore_AI/data/raw_videos/ravdess/Actor_20/03-01-03-01-02-01-20.wav,hot,and dogs are sitting by the door.,positive,happy,50.0,1940.706,0.00462,2.017,-615.907,31.984,-1.98,9.174,-9.16,0,unknown,0.8,0.2294,0.75,0.6088,0,0,0,0,0,0
C:/PropScore_AI/data/raw_videos/ravdess/Actor_20/03-01-03-01-02-02-20.wav,hot,Dogs are sitting by the door.,positive,happy,50.0,1921.122,0.00343,1.763,-665.568,23.41,-17.845,0.823,-13.592,0,unknown,0.8,0.1969,0.75,0.5991,0,0,0,0,0,0
C:/PropScore_AI/data/raw_videos/ravdess/Actor_20/03-01-03-02-01-01-20.wav,hot,Kids are talking by the door.,positive,happy,100.0,1970.472,0.01393,1.635,-528.817,16.991,-34.74,-3.978,-27.129,0,unknown,1.0,0.2471,0.75,0.6741,0,0,0,0,0,0
C:/PropScore_AI/data/raw_videos/ravdess/Actor_20/03-01-03-02-01-02-20.wav,hot,And kids are talking by the door!,positive,happy,100.0,1944.817,0.01368,1.626,-467.388,21.659,-38.259,0.206,-28.788,0,unknown,1.0,0.2447,0.75,0.6734,0,0,0,0,0,0
C:/PropScore_AI/data/raw_videos/ravdess/Actor_20/03-01-03-02-02-01-20.wav,hot,Dogs are sitting by the door!,positive,happy,100.0,1779.481,0.0219,1.681,-465.798,14.503,-27.622,-3.249,-23.057,0,unknown,1.0,0.2995,0.75,0.6899,0,0,0,0,0,0
C:/PropScore_AI/data/raw_videos/ravdess/Actor_20/03-01-03-02-02-02-20.wav,hot,Dogs are sitting by the door!,positive,happy,100.0,1980.231,0.03376,1.62,-407.044,4.144,-35.984,-12.626,-24.106,0,unknown,1.0,0.3646,0.75,0.7094,0,0,0,0,0,0
C:/PropScore_AI/data/raw_videos/ravdess/Actor_20/03-01-04-01-01-01-20.wav,cold,Kids are talking by the door.,positive,sad,50.0,2023.982,0.00082,1.665,-735.723,33.63,-7.527,10.188,-11.47,0,unknown,0.32,0.1714,0.3,0.2674,0,0,0,0,0,0
C:/PropScore_AI/data/raw_videos/ravdess/Actor_20/03-01-04-01-01-02-20.wav,cold,Kids are talking by the door.,positive,sad,50.0,1922.402,0.0004,1.713,-824.909,35.821,0.486,9.964,-3.023,0,unknown,0.32,0.1737,0.3,0.2681,0,0,0,0,0,0
C:/PropScore_AI/data/raw_videos/ravdess/Actor_20/03-01-04-01-02-01-20.wav,cold,Tox is sitting by the door.,neutral,sad,50.0,1910.968,0.00058,1.729,-793.721,35.943,0.551,8.808,-4.724,0,unknown,0.32,0.1764,0.3,0.2689,0,0,0,0,0,0
C:/PropScore_AI/data/raw_videos/ravdess/Actor_20/03-01-04-01-02-02-20.wav,cold,dogs are sitting by the door,positive,sad,50.0,2000.79,0.00058,1.78,-782.082,38.452,-0.126,12.021,-1.434,0,unknown,0.32,0.1815,0.3,0.2704,0,0,0,0,0,0
C:/PropScore_AI/data/raw_videos/ravdess/Actor_20/03-01-04-02-01-01-20.wav,cold,Kids are talking by the door.,positive,sad,100.0,1980.081,0.00264,1.591,-651.471,35.537,-12.39,11.4,-13.889,0,unknown,0.52,0.1749,0.3,0.3285,0,0,0,0,0,0
C:/PropScore_AI/data/raw_videos/ravdess/Actor_20/03-01-04-02-01-02-20.wav,cold,Kids are talking by the door!,positive,sad,100.0,1973.923,0.01486,1.416,-472.408,18.004,-35.158,0.331,-24.223,0,unknown,0.52,0.2308,0.3,0.3452,0,0,0,0,0,0
C:/PropScore_AI/data/raw_videos/ravdess/Actor_20/03-01-04-02-02-01-20.wav,cold,Talks are sitting by the door.,positive,sad,100.0,1964.326,0.00203,1.577,-695.832,33.568,-4.722,1.938,-10.341,0,unknown,0.52,0.1699,0.3,0.327,0,0,0,0,0,0
C:/PropScore_AI/data/raw_videos/ravdess/Actor_20/03-01-04-02-02-02-20.wav,cold,The dogs are sitting by the door.,positive,sad,100.0,1935.123,0.0135,1.763,-513.987,18.107,-31.055,-3.023,-24.425,0,unknown,0.52,0.2573,0.3,0.3532,0,0,0,0,0,0
C:/PropScore_AI/data/raw_videos/ravdess/Actor_20/03-01-05-01-01-01-20.wav,cold,Kids are talking by the door.,positive,angry,50.0,1896.333,0.00182,1.854,-714.388,32.267,-4.053,4.046,-9.02,0,unknown,0.29,0.1963,0.3,0.2659,0,0,0,0,0,0
C:/PropScore_AI/data/raw_videos/ravdess/Actor_20/03-01-05-01-01-02-20.wav,cold,Good kids are talking by the door.,positive,angry,50.0,1787.046,0.00713,1.873,-575.526,24.424,-14.063,-3.918,-13.294,0,unknown,0.29,0.2301,0.3,0.276,0,0,0,0,0,0
C:/PropScore_AI/data/raw_videos/ravdess/Actor_20/03-01-05-01-02-01-20.wav,cold,Dogs are sitting by the door.,positive,angry,50.0,1986.757,0.00409,1.635,-622.862,21.229,-13.994,3.169,-15.279,0,unknown,0.29,0.188,0.3,0.2634,0,0,0,0,0,0
C:/PropScore_AI/data/raw_videos/ravdess/Actor_20/03-01-05-01-02-02-20.wav,cold,Dogs are sitting by the door.,positive,angry,50.0,1864.32,0.00899,1.577,-508.587,25.577,-25.839,-3.582,-20.716,0,unknown,0.29,0.2116,0.3,0.2705,0,0,0,0,0,0
C:/PropScore_AI/data/raw_videos/ravdess/Actor_20/03-01-05-02-01-01-20.wav,cold,Kids are talking by the door.,positive,angry,100.0,1919.978,0.02011,1.45,-414.496,24.709,-8.521,8.482,-22.473,0,unknown,0.49,0.2657,0.3,0.3467,0,0,0,0,0,0
C:/PropScore_AI/data/raw_videos/ravdess/Actor_20/03-01-05-02-01-02-20.wav,cold,Kids are talking by the door!,positive,angry,100.0,1890.135,0.05891,1.474,-350.722,13.667,-29.135,-9.038,-29.305,0,unknown,0.49,0.5009,0.3,0.4173,0,0,0,0,0,0
C:/PropScore_AI/data/raw_videos/ravdess/Actor_20/03-01-05-02-02-01-20.wav,cold,The dogs are sitting by the door!,neutral,angry,100.0,1851.557,0.0637,1.589,-326.454,16.326,-30.181,-10.929,-23.093,0,unknown,0.49,0.5411,0.3,0.4293,0,0,0,0,0,0
C:/PropScore_AI/data/raw_videos/ravdess/Actor_20/03-01-05-02-02-02-20.wav,cold,Dogs are sitting by the door.,positive,angry,100.0,1882.085,0.01643,1.696,-466.279,15.8,-7.99,3.271,-14.786,0,unknown,0.49,0.2682,0.3,0.3475,0,0,0,0,0,0
C:/PropScore_AI/data/raw_videos/ravdess/Actor_20/03-01-06-01-01-01-20.wav,cold,Kids are talking by the door.,positive,fear,50.0,1883.504,0.0015,1.577,-702.876,23.389,-5.767,4.361,-13.371,0,unknown,0.38,0.1667,0.3,0.284,0,0,0,0,0,0
C:/PropScore_AI/data/raw_videos/ravdess/Actor_20/03-01-06-01-01-02-20.wav,cold,Kids are talking by the door.,positive,fear,50.0,1964.527,0.00185,1.373,-709.848,23.683,-9.183,4.395,-14.867,0,unknown,0.38,0.1484,0.3,0.2785,0,0,0,0,0,0
C:/PropScore_AI/data/raw_videos/ravdess/Actor_20/03-01-06-01-02-01-20.wav,cold,Dogs are sitting by the door.,positive,fear,50.0,1927.924,0.00128,1.524,-745.179,21.848,0.201,7.058,-6.104,0,unknown,0.38,0.1601,0.3,0.282,0,0,0,0,0,0
C:/PropScore_AI/data/raw_videos/ravdess/Actor_20/03-01-06-01-02-02-20.wav,cold,Talks are sitting by the door.,positive,fear,50.0,1949.191,0.00104,1.816,-751.808,31.696,-0.855,9.282,-10.328,0,unknown,0.38,0.1878,0.3,0.2903,0,0,0,0,0,0
C:/PropScore_AI/data/raw_videos/ravdess/Actor_20/03-01-06-02-01-01-20.wav,cold,Kids are talking by the door!,positive,fear,100.0,2020.125,0.04942,1.416,-343.083,18.459,-38.415,-3.825,-24.343,0,unknown,0.58,0.4381,0.3,0.4254,0,0,0,0,0,0
C:/PropScore_AI/data/raw_videos/ravdess/Actor_20/03-01-06-02-01-02-20.wav,cold,Kids are talking by the door!,positive,fear,100.0,2005.741,0.05161,1.439,-304.253,14.211,-43.125,-11.933,-29.385,0,unknown,0.58,0.4536,0.3,0.4301,0,0,0,0,0,0
C:/PropScore_AI/data/raw_videos/ravdess/Actor_20/03-01-06-02-02-01-20.wav,cold,Dogs are sitting by the door!,positive,fear,100.0,1839.389,0.06979,1.55,-368.353,12.389,-41.697,-15.109,-23.561,0,unknown,0.58,0.5737,0.3,0.4661,0,0,0,0,0,0
C:/PropScore_AI/data/raw_videos/ravdess/Actor_20/03-01-06-02-02-02-20.wav,cold,Dogs are sitting by the door!,positive,fear,100.0,1919.973,0.05981,1.537,-332.794,5.373,-28.299,-11.078,-19.295,0,unknown,0.58,0.5126,0.3,0.4478,0,0,0,0,0,0
C:/PropScore_AI/data/raw_videos/ravdess/Actor_20/03-01-07-01-01-01-20.wav,cold,Kids are talking by the door.,positive,disgust,50.0,1856.104,0.0036,1.55,-633.491,34.324,-9.791,0.637,-12.879,0,unknown,0.26,0.1766,0.3,0.251,0,0,0,0,0,0
C:/PropScore_AI/data/raw_videos/ravdess/Actor_20/03-01-07-01-01-02-20.wav,cold,Kids are talking by the door.,positive,disgust,50.0,1804.801,0.00164,1.606,-667.681,52.125,-8.628,5.183,-9.829,0,unknown,0.26,0.1704,0.3,0.2491,0,0,0,0,0,0
C:/PropScore_AI/data/raw_videos/ravdess/Actor_20/03-01-07-01-02-01-20.wav,cold,Dogs are sitting by the door.,positive,disgust,50.0,1819.417,0.00201,1.65,-701.777,39.162,0.037,-0.442,-6.21,0,unknown,0.26,0.1771,0.3,0.2511,0,0,0,0,0,0
C:/PropScore_AI/data/raw_videos/ravdess/Actor_20/03-01-07-01-02-02-20.wav,cold,Dogs are sitting by the door.,positive,disgust,50.0,1794.991,0.00202,1.564,-672.063,34.625,-0.892,0.093,-7.86,0,unknown,0.26,0.1685,0.3,0.2485,0,0,0,0,0,0
C:/PropScore_AI/data/raw_videos/ravdess/Actor_20/03-01-07-02-01-01-20.wav,cold,Kids are talking by the door.,positive,disgust,100.0,1842.517,0.00352,1.462,-636.016,34.421,-0.828,1.589,-12.451,0,unknown,0.46,0.1673,0.3,0.3082,0,0,0,0,0,0
C:/PropScore_AI/data/raw_videos/ravdess/Actor_20/03-01-07-02-01-02-20.wav,cold,Kids are talking by the door.,positive,disgust,100.0,1935.48,0.00561,1.462,-594.534,21.898,-9.753,0.808,-11.875,0,unknown,0.46,0.1799,0.3,0.312,0,0,0,0,0,0
C:/PropScore_AI/data/raw_videos/ravdess/Actor_20/03-01-07-02-02-01-20.wav,cold,Dogs are sitting by the door.,positive,disgust,100.0,1865.378,0.00827,1.266,-550.359,17.354,-11.793,-12.025,-13.553,0,unknown,0.46,0.1762,0.3,0.3109,0,0,0,0,0,0
C:/PropScore_AI/data/raw_videos/ravdess/Actor_20/03-01-07-02-02-02-20.wav,cold,Dogs are sitting by the door.,positive,disgust,100.0,1861.004,0.00808,1.55,-528.717,30.472,-15.748,-10.673,-15.824,0,unknown,0.46,0.2035,0.3,0.3191,0,0,0,0,0,0
C:/PropScore_AI/data/raw_videos/ravdess/Actor_20/03-01-08-01-01-01-20.wav,hot,Kids are talking by the door.,positive,surprise,50.0,1982.868,0.00377,1.854,-645.265,25.565,-16.555,5.56,-13.506,0,unknown,0.68,0.208,0.75,0.5664,0,0,0,0,0,0
C:/PropScore_AI/data/raw_videos/ravdess/Actor_20/03-01-08-01-01-02-20.wav,hot,Kids are talking by the door.,positive,surprise,50.0,1851.05,0.00662,1.681,-574.836,33.038,-14.747,3.995,-15.323,0,unknown,0.68,0.2078,0.75,0.5663,0,0,0,0,0,0
C:/PropScore_AI/data/raw_videos/ravdess/Actor_20/03-01-08-01-02-01-20.wav,hot,Dogs are sitting by the door.,positive,surprise,50.0,1906.016,0.00253,1.913,-690.182,29.475,-11.094,1.788,-8.284,0,unknown,0.68,0.2065,0.75,0.566,0,0,0,0,0,0
C:/PropScore_AI/data/raw_videos/ravdess/Actor_20/03-01-08-01-02-02-20.wav,hot,Dr. Sitting by the door.,positive,surprise,50.0,1874.829,0.00331,1.561,-668.614,30.001,-14.955,3.284,-14.91,0,unknown,0.68,0.176,0.75,0.5568,0,0,0,0,0,0
C:/PropScore_AI/data/raw_videos/ravdess/Actor_20/03-01-08-02-01-01-20.wav,hot,Kids are talking by the door!,positive,surprise,100.0,1983.518,0.01324,1.606,-483.747,25.88,-22.296,0.784,-22.481,0,unknown,0.88,0.24,0.75,0.636,0,0,0,0,0,0
C:/PropScore_AI/data/raw_videos/ravdess/Actor_20/03-01-08-02-01-02-20.wav,hot,Kids are talking by the door.,positive,surprise,100.0,1838.703,0.00365,1.854,-650.104,32.123,-16.739,0.334,-16.656,0,unknown,0.88,0.2073,0.75,0.6262,0,0,0,0,0,0
C:/PropScore_AI/data/raw_videos/ravdess/Actor_20/03-01-08-02-02-01-20.wav,hot,Dogs are sitting by the door.,positive,surprise,100.0,1974.364,0.01093,1.696,-478.869,23.823,-25.563,4.54,-16.479,0,unknown,0.88,0.2352,0.75,0.6346,0,0,0,0,0,0
C:/PropScore_AI/data/raw_videos/ravdess/Actor_20/03-01-08-02-02-02-20.wav,hot,Dogs are sitting by the door.,positive,surprise,100.0,1952.206,0.00582,1.746,-589.357,27.033,-17.729,4.618,-12.561,0,unknown,0.88,0.2095,0.75,0.6269,0,0,0,0,0,0
C:/PropScore_AI/data/raw_videos/ravdess/Actor_21/03-01-01-01-01-01-21.wav,warm,Kids are talking by the door.,positive,neutral,50.0,1265.029,0.00585,1.564,-585.659,63.459,-0.266,18.814,-1.983,0,unknown,0.5,0.1915,0.45,0.3875,0,0,0,0,0,0
C:/PropScore_AI/data/raw_videos/ravdess/Actor_21/03-01-01-01-01-02-21.wav,warm,Kids are talking by the door.,positive,neutral,50.0,1063.074,0.00559,1.511,-588.2,67.746,5.99,20.553,-1.236,0,unknown,0.5,0.1846,0.45,0.3854,0,0,0,0,0,0
C:/PropScore_AI/data/raw_videos/ravdess/Actor_21/03-01-01-01-02-01-21.wav,warm,Dogs are sitting by the door.,positive,neutral,50.0,1312.43,0.00662,1.665,-596.849,65.8,0.005,17.594,-0.324,0,unknown,0.5,0.2062,0.45,0.3919,0,0,0,0,0,0
C:/PropScore_AI/data/raw_videos/ravdess/Actor_21/03-01-01-01-02-02-21.wav,warm,Dogs are sitting by the door.,positive,neutral,50.0,1379.644,0.00529,1.635,-598.919,64.79,-0.791,17.462,2.495,0,unknown,0.5,0.1952,0.45,0.3886,0,0,0,0,0,0
C:/PropScore_AI/data/raw_videos/ravdess/Actor_21/03-01-02-01-01-01-21.wav,warm,Kids are talking by the door.,positive,calm,50.0,1355.791,0.0037,1.486,-617.5,72.763,6.048,20.515,2.086,0,unknown,0.56,0.1708,0.45,0.3992,0,0,0,0,0,0
C:/PropScore_AI/data/raw_videos/ravdess/Actor_21/03-01-02-01-01-02-21.wav,warm,Kids are talking by the door.,positive,calm,50.0,1514.703,0.00458,1.499,-595.006,73.023,-1.246,21.338,-0.775,0,unknown,0.56,0.1774,0.45,0.4012,0,0,0,0,0,0
C:/PropScore_AI/data/raw_videos/ravdess/Actor_21/03-01-02-01-02-01-21.wav,warm,Dogs are sitting by the door.,positive,calm,50.0,1072.331,0.00438,1.577,-629.661,76.522,13.115,25.34,6.221,0,unknown,0.56,0.184,0.45,0.4032,0,0,0,0,0,0
C:/PropScore_AI/data/raw_videos/ravdess/Actor_21/03-01-02-01-02-02-21.wav,warm,Dogs are sitting by the door.,positive,calm,50.0,1075.668,0.00423,1.474,-618.282,76.675,8.357,26.609,7.322,0,unknown,0.56,0.1728,0.45,0.3998,0,0,0,0,0,0
C:/PropScore_AI/data/raw_videos/ravdess/Actor_21/03-01-02-02-01-01-21.wav,warm,Kids are talking by the door.,positive,calm,100.0,1610.869,0.00376,1.499,-602.882,66.454,2.119,25.701,1.412,0,unknown,0.76,0.1725,0.45,0.4597,0,0,0,0,0,0
C:/PropScore_AI/data/raw_videos/ravdess/Actor_21/03-01-02-02-01-02-21.wav,warm,Kids are talking by the door.,positive,calm,100.0,1702.816,0.00388,1.439,-581.092,66.73,-3.95,25.056,-1.644,0,unknown,0.76,0.1672,0.45,0.4582,0,0,0,0,0,0
C:/PropScore_AI/data/raw_videos/ravdess/Actor_21/03-01-02-02-02-01-21.wav,warm,Dogs are sitting by the door.,positive,calm,100.0,1688.372,0.00489,1.45,-576.969,64.991,-2.498,25.099,0.458,0,unknown,0.76,0.1743,0.45,0.4603,0,0,0,0,0,0
C:/PropScore_AI/data/raw_videos/ravdess/Actor_21/03-01-02-02-02-02-21.wav,warm,Dogs are sitting by the door.,positive,calm,100.0,1658.216,0.00425,1.511,-592.011,69.992,-5.14,25.076,1.761,0,unknown,0.76,0.1766,0.45,0.461,0,0,0,0,0,0
C:/PropScore_AI/data/raw_videos/ravdess/Actor_21/03-01-03-01-01-01-21.wav,hot,Kids are talking by the door.,positive,happy,50.0,1406.57,0.00751,1.564,-562.216,56.545,-5.931,18.06,-2.396,0,unknown,0.8,0.2015,0.75,0.6005,0,0,0,0,0,0
C:/PropScore_AI/data/raw_videos/ravdess/Actor_21/03-01-03-01-01-02-21.wav,hot,Kids are talking by the door.,positive,happy,50.0,1448.369,0.0083,1.577,-555.368,58.225,-9.746,22.438,0.806,0,unknown,0.8,0.2075,0.75,0.6022,0,0,0,0,0,0
C:/PropScore_AI/data/raw_videos/ravdess/Actor_21/03-01-03-01-02-01-21.wav,hot,Dogs are sitting by the door.,positive,happy,50.0,1600.952,0.01036,1.62,-535.381,57.035,-11.881,23.114,-3.419,0,unknown,0.8,0.2242,0.75,0.6073,0,0,0,0,0,0
C:/PropScore_AI/data/raw_videos/ravdess/Actor_21/03-01-03-01-02-02-21.wav,hot,Dogs are sitting by the door.,positive,happy,50.0,1553.825,0.00879,1.564,-560.715,58.01,-8.942,16.473,-1.276,0,unknown,0.8,0.2091,0.75,0.6027,0,0,0,0,0,0
C:/PropScore_AI/data/raw_videos/ravdess/Actor_21/03-01-03-02-01-01-21.wav,hot,Kids are talking by the door.,positive,happy,100.0,1719.834,0.01955,1.577,-464.756,46.267,-17.04,16.929,-8.098,0,unknown,1.0,0.275,0.75,0.6825,0,0,0,0,0,0
C:/PropScore_AI/data/raw_videos/ravdess/Actor_21/03-01-03-02-01-02-21.wav,hot,Kids are talking by the door.,positive,happy,100.0,1677.565,0.01787,1.524,-473.581,43.86,-17.42,16.091,-4.873,0,unknown,1.0,0.2596,0.75,0.6779,0,0,0,0,0,0
C:/PropScore_AI/data/raw_videos/ravdess/Actor_21/03-01-03-02-02-01-21.wav,hot,Dogs are sitting by the door.,positive,happy,100.0,1610.999,0.01766,1.635,-490.524,54.808,-13.697,14.831,-4.318,0,unknown,1.0,0.2695,0.75,0.6808,0,0,0,0,0,0
C:/PropScore_AI/data/raw_videos/ravdess/Actor_21/03-01-03-02-02-02-21.wav,hot,Dogs are sitting by the door.,positive,happy,100.0,1620.915,0.02258,1.577,-443.547,44.581,-15.569,13.6,-7.903,0,unknown,1.0,0.2932,0.75,0.688,0,0,0,0,0,0
C:/PropScore_AI/data/raw_videos/ravdess/Actor_21/03-01-04-01-01-01-21.wav,cold,Kids are talking by the door.,positive,sad,50.0,1544.807,0.00305,1.394,-634.549,63.853,3.45,23.547,-2.154,0,unknown,0.32,0.1577,0.3,0.2633,0,0,0,0,0,0
C:/PropScore_AI/data/raw_videos/ravdess/Actor_21/03-01-04-01-01-02-21.wav,cold,Kids are talking by the door.,positive,sad,50.0,1486.198,0.00274,1.303,-637.013,67.157,4.751,24.492,-3.409,0,unknown,0.32,0.1467,0.3,0.26,0,0,0,0,0,0
C:/PropScore_AI/data/raw_videos/ravdess/Actor_21/03-01-04-01-02-01-21.wav,cold,Dogs are sitting by the door.,positive,sad,50.0,1394.292,0.00361,1.474,-603.633,60.008,2.964,21.229,-2.704,0,unknown,0.32,0.1691,0.3,0.2667,0,0,0,0,0,0
C:/PropScore_AI/data/raw_videos/ravdess/Actor_21/03-01-04-01-02-02-21.wav,cold,Dogs are sitting by the door.,positive,sad,50.0,1394.946,0.00366,1.427,-621.041,60.611,0.176,23.184,-1.02,0,unknown,0.32,0.1647,0.3,0.2654,0,0,0,0,0,0
C:/PropScore_AI/data/raw_videos/ravdess/Actor_21/03-01-04-02-01-01-21.wav,cold,Kids are talking by the door.,positive,sad,100.0,1607.441,0.01403,1.439,-500.685,53.82,-17.735,18.572,1.854,0,unknown,0.52,0.2281,0.3,0.3444,0,0,0,0,0,0
C:/PropScore_AI/data/raw_videos/ravdess/Actor_21/03-01-04-02-01-02-21.wav,cold,Kids are talking by the door.,positive,sad,100.0,1552.844,0.01311,1.405,-500.11,50.879,-14.587,17.188,2.643,0,unknown,0.52,0.2192,0.3,0.3418,0,0,0,0,0,0
C:/PropScore_AI/data/raw_videos/ravdess/Actor_21/03-01-04-02-02-01-21.wav,cold,Dogs are sitting by the door.,positive,sad,100.0,1425.238,0.0097,1.405,-515.614,53.167,-11.498,21.643,0.058,0,unknown,0.52,0.1987,0.3,0.3356,0,0,0,0,0,0
C:/PropScore_AI/data/raw_videos/ravdess/Actor_21/03-01-04-02-02-02-21.wav,cold,Dogs are sitting by the door.,positive,sad,100.0,1501.75,0.0097,1.45,-543.053,58.398,-12.029,22.669,3.709,0,unknown,0.52,0.2032,0.3,0.337,0,0,0,0,0,0
C:/PropScore_AI/data/raw_videos/ravdess/Actor_21/03-01-05-01-01-01-21.wav,cold,Kids are talking by the door.,positive,angry,50.0,1725.787,0.02879,1.45,-425.016,40.47,-17.083,19.902,-7.905,0,unknown,0.29,0.3177,0.3,0.3023,0,0,0,0,0,0
C:/PropScore_AI/data/raw_videos/ravdess/Actor_21/03-01-05-01-01-02-21.wav,cold,Kids are talking by the door.,positive,angry,50.0,1652.879,0.027,1.499,-436.088,42.194,-16.789,19.881,-6.398,0,unknown,0.29,0.3119,0.3,0.3006,0,0,0,0,0,0
C:/PropScore_AI/data/raw_videos/ravdess/Actor_21/03-01-05-01-02-01-21.wav,cold,Dogs are sitting by the door.,positive,angry,50.0,1810.762,0.03561,1.474,-396.782,38.02,-11.904,14.69,-8.09,0,unknown,0.29,0.3611,0.3,0.3153,0,0,0,0,0,0
C:/PropScore_AI/data/raw_videos/ravdess/Actor_21/03-01-05-01-02-02-21.wav,cold,Dogs are sitting by the door.,positive,angry,50.0,1707.625,0.03294,1.524,-424.735,41.564,-14.205,18.495,-7.419,0,unknown,0.29,0.35,0.3,0.312,0,0,0,0,0,0
C:/PropScore_AI/data/raw_videos/ravdess/Actor_21/03-01-05-02-01-01-21.wav,cold,Kids are talking by the door.,positive,angry,100.0,1913.332,0.06334,1.373,-336.309,35.173,-21.237,15.373,-7.722,0,unknown,0.49,0.5173,0.3,0.4222,0,0,0,0,0,0
C:/PropScore_AI/data/raw_videos/ravdess/Actor_21/03-01-05-02-01-02-21.wav,cold,Kids are talking by the door!,positive,angry,100.0,1861.193,0.05862,1.342,-358.935,33.965,-26.03,14.463,-4.892,0,unknown,0.49,0.4859,0.3,0.4128,0,0,0,0,0,0
C:/PropScore_AI/data/raw_videos/ravdess/Actor_21/03-01-05-02-02-01-21.wav,cold,Dogs are sitting by the door.,positive,angry,100.0,1787.681,0.04712,1.462,-366.267,33.514,-17.879,12.422,-8.143,0,unknown,0.49,0.4289,0.3,0.3957,0,0,0,0,0,0
C:/PropScore_AI/data/raw_videos/ravdess/Actor_21/03-01-05-02-02-02-21.wav,cold,Dogs are sitting by the door.,positive,angry,100.0,1903.851,0.05453,1.416,-367.016,30.376,-21.997,14.141,-8.959,0,unknown,0.49,0.4688,0.3,0.4076,0,0,0,0,0,0
C:/PropScore_AI/data/raw_videos/ravdess/Actor_21/03-01-06-01-01-01-21.wav,cold,Kids are talking by the door.,positive,fear,50.0,1766.905,0.00756,1.635,-547.646,58.307,-6.717,22.327,-4.717,0,unknown,0.38,0.2089,0.3,0.2967,0,0,0,0,0,0
C:/PropScore_AI/data/raw_videos/ravdess/Actor_21/03-01-06-01-01-02-21.wav,cold,Kids are talking by the door.,positive,fear,50.0,1651.285,0.00753,1.591,-557.567,56.372,-8.693,20.278,-5.354,0,unknown,0.38,0.2043,0.3,0.2953,0,0,0,0,0,0
C:/PropScore_AI/data/raw_videos/ravdess/Actor_21/03-01-06-01-02-01-21.wav,cold,Dogs are sitting behind the door.,neutral,fear,50.0,1734.933,0.00692,1.511,-565.216,50.966,-5.94,17.399,-0.212,0,unknown,0.38,0.1926,0.3,0.2918,0,0,0,0,0,0
C:/PropScore_AI/data/raw_videos/ravdess/Actor_21/03-01-06-01-02-02-21.wav,cold,Dogs are sitting by the door.,positive,fear,50.0,1573.243,0.0077,1.474,-582.259,54.834,-1.016,15.07,-2.066,0,unknown,0.38,0.1936,0.3,0.2921,0,0,0,0,0,0
C:/PropScore_AI/data/raw_videos/ravdess/Actor_21/03-01-06-02-01-01-21.wav,cold,Kids are talking by the door.,positive,fear,100.0,1738.373,0.01636,1.511,-485.649,43.144,-16.839,17.79,-3.937,0,unknown,0.58,0.2493,0.3,0.3688,0,0,0,0,0,0
C:/PropScore_AI/data/raw_videos/ravdess/Actor_21/03-01-06-02-01-02-21.wav,cold,Kids are talking by the door.,positive,fear,100.0,1727.639,0.0167,1.564,-481.318,44.308,-15.686,16.019,-4.688,0,unknown,0.58,0.2566,0.3,0.371,0,0,0,0,0,0
C:/PropScore_AI/data/raw_videos/ravdess/Actor_21/03-01-06-02-02-01-21.wav,cold,The Huck Dogs are sitting by the door.,neutral,fear,100.0,1625.329,0.01823,2.122,-468.818,48.553,-13.683,16.5,-2.87,0,unknown,0.58,0.3216,0.3,0.3905,0,0,0,0,0,0
C:/PropScore_AI/data/raw_videos/ravdess/Actor_21/03-01-06-02-02-02-21.wav,cold,Dogs are sitting by the door.,positive,fear,100.0,1648.959,0.01637,1.65,-495.863,47.699,-10.343,15.625,-1.508,0,unknown,0.58,0.2632,0.3,0.373,0,0,0,0,0,0
C:/PropScore_AI/data/raw_videos/ravdess/Actor_21/03-01-07-01-01-01-21.wav,cold,Kids are talking by the door.,positive,disgust,50.0,1666.947,0.00883,1.577,-538.677,54.583,-6.356,20.766,-5.627,0,unknown,0.26,0.2107,0.3,0.2612,0,0,0,0,0,0
C:/PropScore_AI/data/raw_videos/ravdess/Actor_21/03-01-07-01-01-02-21.wav,cold,Kids are talking by the door.,positive,disgust,50.0,1552.74,0.00902,1.474,-543.491,55.09,-10.731,23.586,-4.684,0,unknown,0.26,0.2015,0.3,0.2585,0,0,0,0,0,0
C:/PropScore_AI/data/raw_videos/ravdess/Actor_21/03-01-07-01-02-01-21.wav,cold,Dogs are sitting by the door.,positive,disgust,50.0,1573.062,0.00921,1.65,-544.145,55.924,-7.744,21.075,-2.644,0,unknown,0.26,0.2203,0.3,0.2641,0,0,0,0,0,0
C:/PropScore_AI/data/raw_videos/ravdess/Actor_21/03-01-07-01-02-02-21.wav,cold,Dogs are sitting by the door.,positive,disgust,50.0,1545.589,0.00876,1.665,-540.185,46.679,-9.207,21.299,-4.941,0,unknown,0.26,0.2191,0.3,0.2637,0,0,0,0,0,0
C:/PropScore_AI/data/raw_videos/ravdess/Actor_21/03-01-07-02-01-01-21.wav,cold,Kids are talking by the door.,positive,disgust,100.0,1516.292,0.00609,1.474,-574.751,62.344,-10.748,24.163,0.64,0,unknown,0.46,0.1839,0.3,0.3132,0,0,0,0,0,0
C:/PropScore_AI/data/raw_videos/ravdess/Actor_21/03-01-07-02-01-02-21.wav,cold,Kids are talking by the door.,positive,disgust,100.0,1532.584,0.00655,1.486,-570.25,57.994,-9.517,23.627,-3.278,0,unknown,0.46,0.1879,0.3,0.3144,0,0,0,0,0,0
C:/PropScore_AI/data/raw_videos/ravdess/Actor_21/03-01-07-02-02-01-21.wav,cold,Dogs are sitting by the door.,positive,disgust,100.0,1572.243,0.00764,1.439,-566.198,52.788,-5.926,23.033,-2.649,0,unknown,0.46,0.1897,0.3,0.3149,0,0,0,0,0,0
C:/PropScore_AI/data/raw_videos/ravdess/Actor_21/03-01-07-02-02-02-21.wav,cold,Dogs are sitting by the door.,positive,disgust,100.0,1540.815,0.00688,1.511,-569.547,64.689,-0.85,26.447,3.527,0,unknown,0.46,0.1924,0.3,0.3157,0,0,0,0,0,0
C:/PropScore_AI/data/raw_videos/ravdess/Actor_21/03-01-08-01-01-01-21.wav,hot,Kids are talking by the door.,positive,surprise,50.0,1619.98,0.0114,1.713,-533.747,55.878,-6.837,12.886,-4.537,0,unknown,0.68,0.2397,0.75,0.5759,0,0,0,0,0,0
C:/PropScore_AI/data/raw_videos/ravdess/Actor_21/03-01-08-01-01-02-21.wav,hot,Kids are talking by the door.,positive,surprise,50.0,1428.114,0.01033,1.729,-556.583,52.59,-4.32,13.195,-3.442,0,unknown,0.68,0.2349,0.75,0.5745,0,0,0,0,0,0
C:/PropScore_AI/data/raw_videos/ravdess/Actor_21/03-01-08-01-02-01-21.wav,hot,Dogs are sitting by the door.,positive,surprise,50.0,1570.116,0.01077,1.729,-539.759,47.111,-9.014,11.922,-4.443,0,unknown,0.68,0.2375,0.75,0.5753,0,0,0,0,0,0
C:/PropScore_AI/data/raw_videos/ravdess/Actor_21/03-01-08-01-02-02-21.wav,hot,Dogs are sitting by the door.,positive,surprise,50.0,1415.411,0.01299,1.681,-497.751,49.782,-3.165,9.733,-4.833,0,unknown,0.68,0.246,0.75,0.5778,0,0,0,0,0,0
C:/PropScore_AI/data/raw_videos/ravdess/Actor_21/03-01-08-02-01-01-21.wav,hot,Kids are talking by the door.,positive,surprise,100.0,1480.477,0.01536,1.65,-488.789,40.165,-6.181,11.799,-4.284,0,unknown,0.88,0.2572,0.75,0.6412,0,0,0,0,0,0
C:/PropScore_AI/data/raw_videos/ravdess/Actor_21/03-01-08-02-01-02-21.wav,hot,Kids are talking by the door.,positive,surprise,100.0,1741.138,0.01507,1.65,-498.057,46.318,-10.222,12.805,-7.769,0,unknown,0.88,0.2554,0.75,0.6406,0,0,0,0,0,0
C:/PropScore_AI/data/raw_videos/ravdess/Actor_21/03-01-08-02-02-01-21.wav,hot,Dogs are sitting by the door.,positive,surprise,100.0,1742.617,0.0136,1.729,-523.378,43.294,-7.788,12.119,-2.48,0,unknown,0.88,0.2545,0.75,0.6404,0,0,0,0,0,0
C:/PropScore_AI/data/raw_videos/ravdess/Actor_21/03-01-08-02-02-02-21.wav,hot,Dogs are sitting by the door.,positive,surprise,100.0,1555.852,0.01339,1.696,-505.067,40.219,-3.282,11.655,-3.523,0,unknown,0.88,0.2499,0.75,0.639,0,0,0,0,0,0
C:/PropScore_AI/data/raw_videos/ravdess/Actor_22/03-01-01-01-01-01-22.wav,warm,Kids are talking by the door.,positive,neutral,50.0,1654.199,0.00228,1.65,-690.502,49.898,-1.099,7.888,0.665,0,unknown,0.5,0.1787,0.45,0.3836,0,0,0,0,0,0
C:/PropScore_AI/data/raw_videos/ravdess/Actor_22/03-01-01-01-01-02-22.wav,warm,Kids are talking by the door.,positive,neutral,50.0,1791.138,0.00257,1.746,-660.022,38.2,-4.983,6.111,0.706,0,unknown,0.5,0.19,0.45,0.387,0,0,0,0,0,0
C:/PropScore_AI/data/raw_videos/ravdess/Actor_22/03-01-01-01-02-01-22.wav,warm,Dogs are sitting by the door.,positive,neutral,50.0,1522.604,0.00274,1.665,-673.689,47.743,-3.413,2.322,1.589,0,unknown,0.5,0.1829,0.45,0.3849,0,0,0,0,0,0
C:/PropScore_AI/data/raw_videos/ravdess/Actor_22/03-01-01-01-02-02-22.wav,warm,Dogs are sitting by the door.,positive,neutral,50.0,1732.1,0.00255,1.696,-666.173,42.752,-1.448,7.269,0.796,0,unknown,0.5,0.1849,0.45,0.3855,0,0,0,0,0,0
C:/PropScore_AI/data/raw_videos/ravdess/Actor_22/03-01-02-01-01-01-22.wav,warm,Kids are talking by the door.,positive,calm,50.0,1722.857,0.00162,1.696,-694.17,38.766,4.417,7.408,1.636,0,unknown,0.56,0.1793,0.45,0.4018,0,0,0,0,0,0
C:/PropScore_AI/data/raw_videos/ravdess/Actor_22/03-01-02-01-01-02-22.wav,warm,Kids are talking by the door.,positive,calm,50.0,1804.233,0.00172,1.681,-669.853,42.739,-3.126,9.65,1.161,0,unknown,0.56,0.1784,0.45,0.4015,0,0,0,0,0,0
C:/PropScore_AI/data/raw_videos/ravdess/Actor_22/03-01-02-01-02-01-22.wav,warm,Dogs are sitting by the door.,positive,calm,50.0,1721.924,0.00229,1.681,-677.067,43.586,-2.21,4.05,0.389,0,unknown,0.56,0.1818,0.45,0.4025,0,0,0,0,0,0
C:/PropScore_AI/data/raw_videos/ravdess/Actor_22/03-01-02-01-02-02-22.wav,warm,Dogs are sitting by the door.,positive,calm,50.0,1605.263,0.002,1.696,-666.816,42.964,-2.72,6.403,2.859,0,unknown,0.56,0.1816,0.45,0.4025,0,0,0,0,0,0
C:/PropScore_AI/data/raw_videos/ravdess/Actor_22/03-01-02-02-01-01-22.wav,warm,Kids are talking by the door.,positive,calm,100.0,1753.312,0.0016,1.62,-674.284,41.251,-2.041,8.666,0.826,0,unknown,0.76,0.1716,0.45,0.4595,0,0,0,0,0,0
C:/PropScore_AI/data/raw_videos/ravdess/Actor_22/03-01-02-02-01-02-22.wav,warm,Kids are talking by the door.,positive,calm,100.0,1710.234,0.002,1.564,-676.612,41.927,1.063,6.56,-1.432,0,unknown,0.76,0.1684,0.45,0.4585,0,0,0,0,0,0
C:/PropScore_AI/data/raw_videos/ravdess/Actor_22/03-01-02-02-02-01-22.wav,warm,Dogs are sitting by the door.,positive,calm,100.0,1631.256,0.00173,1.65,-668.714,51.228,-10.18,3.212,-0.697,0,unknown,0.76,0.1754,0.45,0.4606,0,0,0,0,0,0
C:/PropScore_AI/data/raw_videos/ravdess/Actor_22/03-01-02-02-02-02-22.wav,warm,Dogs are sitting by the door.,positive,calm,100.0,1735.61,0.00174,1.591,-660.611,47.147,-3.691,6.807,-3.563,0,unknown,0.76,0.1695,0.45,0.4588,0,0,0,0,0,0
C:/PropScore_AI/data/raw_videos/ravdess/Actor_22/03-01-03-01-01-01-22.wav,hot,Kids are talking by the door.,positive,happy,50.0,1790.096,0.0039,1.696,-616.022,50.443,-12.945,4.795,-0.984,0,unknown,0.8,0.193,0.75,0.5979,0,0,0,0,0,0
C:/PropScore_AI/data/raw_videos/ravdess/Actor_22/03-01-03-01-01-02-22.wav,hot,Kids are talking by the door.,positive,happy,50.0,1822.594,0.00382,1.746,-631.807,40.261,-19.941,3.835,-2.594,0,unknown,0.8,0.1975,0.75,0.5993,0,0,0,0,0,0
C:/PropScore_AI/data/raw_videos/ravdess/Actor_22/03-01-03-01-02-01-22.wav,hot,Dogs are sitting by the door.,positive,happy,50.0,1618.287,0.00412,1.713,-632.684,40.302,-7.631,1.109,-3.317,0,unknown,0.8,0.196,0.75,0.5988,0,0,0,0,0,0
C:/PropScore_AI/data/raw_videos/ravdess/Actor_22/03-01-03-01-02-02-22.wav,hot,Dogs are sitting by the door.,positive,happy,50.0,1588.302,0.00419,1.713,-634.887,42.311,-8.361,-0.693,0.863,0,unknown,0.8,0.1964,0.75,0.5989,0,0,0,0,0,0
C:/PropScore_AI/data/raw_videos/ravdess/Actor_22/03-01-03-02-01-01-22.wav,hot,Kids are talking by the door.,positive,happy,100.0,1777.062,0.01513,1.606,-488.863,26.109,-25.272,-5.63,-10.619,0,unknown,1.0,0.2514,0.75,0.6754,0,0,0,0,0,0
C:/PropScore_AI/data/raw_videos/ravdess/Actor_22/03-01-03-02-01-02-22.wav,hot,Kids are talking by the door.,positive,happy,100.0,1692.65,0.01407,1.564,-486.463,30.416,-18.476,-2.143,-6.251,0,unknown,1.0,0.2408,0.75,0.6722,0,0,0,0,0,0
C:/PropScore_AI/data/raw_videos/ravdess/Actor_22/03-01-03-02-02-01-22.wav,hot,Dogs are sitting by the door.,positive,happy,100.0,1632.845,0.01475,1.635,-491.344,25.804,-10.758,-6.73,-4.461,0,unknown,1.0,0.252,0.75,0.6756,0,0,0,0,0,0
C:/PropScore_AI/data/raw_videos/ravdess/Actor_22/03-01-03-02-02-02-22.wav,hot,Dogs are sitting by the door.,positive,happy,100.0,1689.469,0.01246,1.524,-514.558,30.132,-21.742,-3.667,-5.793,0,unknown,1.0,0.2272,0.75,0.6682,0,0,0,0,0,0
C:/PropScore_AI/data/raw_videos/ravdess/Actor_22/03-01-04-01-01-01-22.wav,cold,Kids are talking by the door.,positive,sad,50.0,1706.026,0.00295,1.665,-646.466,45.737,-8.322,8.487,-0.646,0,unknown,0.32,0.1842,0.3,0.2713,0,0,0,0,0,0
C:/PropScore_AI/data/raw_videos/ravdess/Actor_22/03-01-04-01-01-02-22.wav,cold,Kids are talking by the door.,positive,sad,50.0,1753.74,0.00352,1.62,-626.417,40.068,-12.189,3.26,-3.016,0,unknown,0.32,0.1831,0.3,0.2709,0,0,0,0,0,0
C:/PropScore_AI/data/raw_videos/ravdess/Actor_22/03-01-04-01-02-01-22.wav,cold,Dogs are sitting by the door.,positive,sad,50.0,1751.371,0.00353,1.635,-617.515,37.471,-11.262,0.733,-2.07,0,unknown,0.32,0.1847,0.3,0.2714,0,0,0,0,0,0
C:/PropScore_AI/data/raw_videos/ravdess/Actor_22/03-01-04-01-02-02-22.wav,cold,Dogs are sitting by the door.,positive,sad,50.0,1842.92,0.00414,1.62,-610.163,39.74,-9.522,-1.087,-2.79,0,unknown,0.32,0.1868,0.3,0.272,0,0,0,0,0,0
C:/PropScore_AI/data/raw_videos/ravdess/Actor_22/03-01-04-02-01-01-22.wav,cold,Kids are talking by the door.,positive,sad,100.0,1786.027,0.00377,1.606,-618.382,42.186,-13.154,4.289,-2.753,0,unknown,0.52,0.1832,0.3,0.331,0,0,0,0,0,0
C:/PropScore_AI/data/raw_videos/ravdess/Actor_22/03-01-04-02-01-02-22.wav,cold,Kids are talking by the door.,positive,sad,100.0,1779.248,0.00479,1.65,-596.106,33.557,-12.494,5.909,-5.315,0,unknown,0.52,0.1937,0.3,0.3341,0,0,0,0,0,0
C:/PropScore_AI/data/raw_videos/ravdess/Actor_22/03-01-04-02-02-01-22.wav,cold,Dogs are sitting by the door.,positive,sad,100.0,1685.419,0.00445,1.606,-624.335,35.881,-6.781,0.646,0.0,0,unknown,0.52,0.1873,0.3,0.3322,0,0,0,0,0,0
C:/PropScore_AI/data/raw_videos/ravdess/Actor_22/03-01-04-02-02-02-22.wav,cold,Dogs are sitting by the door.,positive,sad,100.0,1609.833,0.005,1.564,-606.316,36.133,-5.807,7.518,-2.31,0,unknown,0.52,0.1864,0.3,0.3319,0,0,0,0,0,0
C:/PropScore_AI/data/raw_videos/ravdess/Actor_22/03-01-05-01-01-01-22.wav,cold,Kids are talking by the door.,positive,angry,50.0,1814.888,0.00531,1.62,-571.684,37.765,-5.821,3.932,-6.316,0,unknown,0.29,0.1939,0.3,0.2652,0,0,0,0,0,0
C:/PropScore_AI/data/raw_videos/ravdess/Actor_22/03-01-05-01-01-02-22.wav,cold,Kids are talking by the door.,positive,angry,50.0,1605.395,0.00565,1.606,-607.329,42.506,-3.566,4.814,-4.786,0,unknown,0.29,0.1945,0.3,0.2653,0,0,0,0,0,0
C:/PropScore_AI/data/raw_videos/ravdess/Actor_22/03-01-05-01-02-01-22.wav,cold,Dogs are sitting by the door.,positive,angry,50.0,1551.013,0.00714,1.55,-558.268,34.334,-11.116,-0.348,-7.507,0,unknown,0.29,0.1978,0.3,0.2663,0,0,0,0,0,0
C:/PropScore_AI/data/raw_videos/ravdess/Actor_22/03-01-05-01-02-02-22.wav,cold,Dogs are sitting by the door.,positive,angry,50.0,1680.813,0.00852,1.486,-532.811,35.486,-10.424,0.429,-9.25,0,unknown,0.29,0.1997,0.3,0.2669,0,0,0,0,0,0
C:/PropScore_AI/data/raw_videos/ravdess/Actor_22/03-01-05-02-01-01-22.wav,cold,Kids are talking by the door.,positive,angry,100.0,1810.49,0.01965,1.55,-469.563,25.47,-17.619,2.249,-13.135,0,unknown,0.49,0.2729,0.3,0.3489,0,0,0,0,0,0
C:/PropScore_AI/data/raw_videos/ravdess/Actor_22/03-01-05-02-01-02-22.wav,cold,Kids are talking by the door.,positive,angry,100.0,1724.109,0.01888,1.537,-480.02,29.368,-18.089,0.143,-10.668,0,unknown,0.49,0.267,0.3,0.3471,0,0,0,0,0,0
C:/PropScore_AI/data/raw_videos/ravdess/Actor_22/03-01-05-02-02-01-22.wav,cold,Dogs are sitting by the door.,positive,angry,100.0,1676.597,0.03318,1.416,-422.487,18.187,-17.745,-0.893,-13.129,0,unknown,0.49,0.3407,0.3,0.3692,0,0,0,0,0,0
C:/PropScore_AI/data/raw_videos/ravdess/Actor_22/03-01-05-02-02-02-22.wav,cold,Dogs are sitting by the door.,positive,angry,100.0,1710.547,0.03186,1.427,-428.255,17.34,-22.535,-1.505,-15.891,0,unknown,0.49,0.3339,0.3,0.3672,0,0,0,0,0,0
C:/PropScore_AI/data/raw_videos/ravdess/Actor_22/03-01-06-01-01-01-22.wav,cold,Kids are talking by the door.,positive,fear,50.0,1762.578,0.00665,1.681,-576.22,28.447,-14.444,5.987,-5.894,0,unknown,0.38,0.208,0.3,0.2964,0,0,0,0,0,0
C:/PropScore_AI/data/raw_videos/ravdess/Actor_22/03-01-06-01-01-02-22.wav,cold,Kids are talking by the door.,positive,fear,50.0,1667.411,0.00765,1.665,-562.534,30.494,-12.747,4.623,-4.916,0,unknown,0.38,0.2124,0.3,0.2977,0,0,0,0,0,0
C:/PropScore_AI/data/raw_videos/ravdess/Actor_22/03-01-06-01-02-01-22.wav,cold,Dogs are sitting by the door.,positive,fear,50.0,1808.895,0.00725,1.635,-552.107,27.598,-20.084,4.358,-9.658,0,unknown,0.38,0.207,0.3,0.2961,0,0,0,0,0,0
C:/PropScore_AI/data/raw_videos/ravdess/Actor_22/03-01-06-01-02-02-22.wav,cold,Dogs are sitting by the door.,positive,fear,50.0,1697.729,0.007,1.696,-559.448,30.366,-16.491,0.69,-5.484,0,unknown,0.38,0.2116,0.3,0.2975,0,0,0,0,0,0
C:/PropScore_AI/data/raw_videos/ravdess/Actor_22/03-01-06-02-01-01-22.wav,cold,Kids are talking by the door.,positive,fear,100.0,1728.095,0.01521,1.681,-491.191,16.845,-21.521,-4.703,-12.854,0,unknown,0.58,0.2594,0.3,0.3718,0,0,0,0,0,0
C:/PropScore_AI/data/raw_videos/ravdess/Actor_22/03-01-06-02-01-02-22.wav,cold,Kids are talking by the door.,positive,fear,100.0,1784.193,0.0143,1.681,-471.006,13.598,-19.875,-1.526,-11.071,0,unknown,0.58,0.2539,0.3,0.3702,0,0,0,0,0,0
C:/PropScore_AI/data/raw_videos/ravdess/Actor_22/03-01-06-02-02-01-22.wav,cold,Dogs are sitting by the door!,positive,fear,100.0,1681.706,0.01673,1.635,-469.086,10.598,-21.421,-0.66,-10.801,0,unknown,0.58,0.2639,0.3,0.3732,0,0,0,0,0,0
C:/PropScore_AI/data/raw_videos/ravdess/Actor_22/03-01-06-02-02-02-22.wav,cold,Dogs were sitting by the door!,positive,fear,100.0,1757.315,0.01921,1.665,-467.597,7.917,-23.371,-3.282,-11.001,0,unknown,0.58,0.2818,0.3,0.3785,0,0,0,0,0,0
C:/PropScore_AI/data/raw_videos/ravdess/Actor_22/03-01-07-01-01-01-22.wav,cold,Kids are talking by the door.,positive,disgust,50.0,1709.227,0.00493,1.62,-581.134,38.656,-16.005,2.273,-7.64,0,unknown,0.26,0.1916,0.3,0.2555,0,0,0,0,0,0
C:/PropScore_AI/data/raw_videos/ravdess/Actor_22/03-01-07-01-01-02-22.wav,cold,Kids are talking by the door.,positive,disgust,50.0,1803.834,0.00438,1.537,-598.586,46.962,-19.911,1.578,-5.352,0,unknown,0.26,0.18,0.3,0.252,0,0,0,0,0,0
C:/PropScore_AI/data/raw_videos/ravdess/Actor_22/03-01-07-01-02-01-22.wav,cold,Dogs are sitting by the door.,positive,disgust,50.0,1619.063,0.00518,1.577,-600.185,40.552,-11.526,0.678,-2.528,0,unknown,0.26,0.1888,0.3,0.2546,0,0,0,0,0,0
C:/PropScore_AI/data/raw_videos/ravdess/Actor_22/03-01-07-01-02-02-22.wav,cold,Dogs are sitting by the door.,positive,disgust,50.0,1637.597,0.00569,1.564,-580.838,41.724,-15.798,2.998,-3.406,0,unknown,0.26,0.1905,0.3,0.2551,0,0,0,0,0,0
C:/PropScore_AI/data/raw_videos/ravdess/Actor_22/03-01-07-02-01-01-22.wav,cold,Kids are talking by the door.,positive,disgust,100.0,1780.999,0.00658,1.416,-535.959,31.304,-18.456,1.828,-7.755,0,unknown,0.46,0.1811,0.3,0.3123,0,0,0,0,0,0
C:/PropScore_AI/data/raw_videos/ravdess/Actor_22/03-01-07-02-01-02-22.wav,cold,Kids are talking by the door.,positive,disgust,100.0,1710.129,0.00721,1.439,-560.313,36.3,-10.568,-1.971,-8.476,0,unknown,0.46,0.1872,0.3,0.3142,0,0,0,0,0,0
C:/PropScore_AI/data/raw_videos/ravdess/Actor_22/03-01-07-02-02-01-22.wav,cold,Dogs are sitting by the door.,positive,disgust,100.0,1818.377,0.00772,1.427,-558.736,27.137,-11.703,-0.322,-7.359,0,unknown,0.46,0.189,0.3,0.3147,0,0,0,0,0,0
C:/PropScore_AI/data/raw_videos/ravdess/Actor_22/03-01-07-02-02-02-22.wav,cold,Dogs are sitting by the door.,positive,disgust,100.0,1764.401,0.00899,1.462,-529.051,31.22,-13.951,3.512,-10.688,0,unknown,0.46,0.2001,0.3,0.318,0,0,0,0,0,0
C:/PropScore_AI/data/raw_videos/ravdess/Actor_22/03-01-08-01-01-01-22.wav,hot,Kids are talking by the door.,positive,surprise,50.0,1647.893,0.00723,1.696,-588.322,44.784,-14.911,-1.883,-5.289,0,unknown,0.68,0.213,0.75,0.5679,0,0,0,0,0,0
C:/PropScore_AI/data/raw_videos/ravdess/Actor_22/03-01-08-01-01-02-22.wav,hot,Kids are talking by the door.,positive,surprise,50.0,1537.562,0.00828,1.681,-560.49,37.941,-16.757,-2.819,-9.983,0,unknown,0.68,0.2178,0.75,0.5693,0,0,0,0,0,0
C:/PropScore_AI/data/raw_videos/ravdess/Actor_22/03-01-08-01-02-01-22.wav,hot,Dogs are sitting by the door.,positive,surprise,50.0,1593.087,0.00804,1.746,-568.971,40.819,-14.662,-4.485,-7.559,0,unknown,0.68,0.2228,0.75,0.5708,0,0,0,0,0,0
C:/PropScore_AI/data/raw_videos/ravdess/Actor_22/03-01-08-01-02-02-22.wav,hot,Dogs are sitting by the door.,positive,surprise,50.0,1679.54,0.01047,1.665,-541.952,32.849,-15.332,-4.45,-5.982,0,unknown,0.68,0.2293,0.75,0.5728,0,0,0,0,0,0
C:/PropScore_AI/data/raw_videos/ravdess/Actor_22/03-01-08-02-01-01-22.wav,hot,Kids are talking by the door.,positive,surprise,100.0,1765.55,0.00861,1.681,-547.9,32.684,-15.036,-6.675,-9.204,0,unknown,0.88,0.2198,0.75,0.6299,0,0,0,0,0,0
C:/PropScore_AI/data/raw_videos/ravdess/Actor_22/03-01-08-02-01-02-22.wav,hot,Kids are talking by the door.,positive,surprise,100.0,1713.587,0.01127,1.606,-514.192,32.12,-19.446,-1.34,-9.099,0,unknown,0.88,0.2282,0.75,0.6325,0,0,0,0,0,0
C:/PropScore_AI/data/raw_videos/ravdess/Actor_22/03-01-08-02-02-01-22.wav,hot,Dogs are sitting by the door!,positive,surprise,100.0,1627.021,0.01488,1.62,-494.816,22.357,-13.116,-11.639,-7.74,0,unknown,0.88,0.2513,0.75,0.6394,0,0,0,0,0,0
C:/PropScore_AI/data/raw_videos/ravdess/Actor_22/03-01-08-02-02-02-22.wav,hot,Dogs are sitting by the door.,positive,surprise,100.0,1752.004,0.01155,1.65,-528.792,19.428,-16.367,-4.96,-5.535,0,unknown,0.88,0.2343,0.75,0.6343,0,0,0,0,0,0
C:/PropScore_AI/data/raw_videos/ravdess/Actor_23/03-01-01-01-01-01-23.wav,warm,Kids are talking by the door.,positive,neutral,50.0,1728.653,0.00489,1.577,-634.916,58.83,-9.451,16.868,1.59,0,unknown,0.5,0.187,0.45,0.3861,0,0,0,0,0,0
C:/PropScore_AI/data/raw_videos/ravdess/Actor_23/03-01-01-01-01-02-23.wav,warm,Kids are talking by the door.,positive,neutral,50.0,1429.279,0.00564,1.606,-604.534,55.953,-11.612,19.241,3.896,0,unknown,0.5,0.1944,0.45,0.3883,0,0,0,0,0,0
C:/PropScore_AI/data/raw_videos/ravdess/Actor_23/03-01-01-01-02-01-23.wav,warm,Dogs are sitting by the door.,positive,neutral,50.0,1694.708,0.00605,1.635,-619.854,51.111,-14.484,15.153,0.16,0,unknown,0.5,0.1998,0.45,0.3899,0,0,0,0,0,0
C:/PropScore_AI/data/raw_videos/ravdess/Actor_23/03-01-01-01-02-02-23.wav,warm,Dogs are sitting by the door.,positive,neutral,50.0,1686.096,0.00605,1.564,-613.579,60.292,-11.23,15.753,1.787,0,unknown,0.5,0.1927,0.45,0.3878,0,0,0,0,0,0
C:/PropScore_AI/data/raw_videos/ravdess/Actor_23/03-01-02-01-01-01-23.wav,warm,Kids are talking by the door.,positive,calm,50.0,1663.845,0.0027,1.511,-669.182,58.151,0.632,15.647,3.777,0,unknown,0.56,0.1673,0.45,0.3982,0,0,0,0,0,0
C:/PropScore_AI/data/raw_videos/ravdess/Actor_23/03-01-02-01-01-02-23.wav,warm,Kids are talking by the door.,positive,calm,50.0,1700.336,0.00253,1.474,-692.107,55.914,0.138,15.041,3.248,0,unknown,0.56,0.1626,0.45,0.3968,0,0,0,0,0,0
C:/PropScore_AI/data/raw_videos/ravdess/Actor_23/03-01-02-01-02-01-23.wav,warm,Dogs are sitting by the door.,positive,calm,50.0,1695.134,0.00375,1.439,-651.012,53.249,-5.004,12.671,0.046,0,unknown,0.56,0.1664,0.45,0.3979,0,0,0,0,0,0
C:/PropScore_AI/data/raw_videos/ravdess/Actor_23/03-01-02-01-02-02-23.wav,warm,Dogs are sitting by the door.,positive,calm,50.0,1638.09,0.00354,1.499,-651.21,53.397,-3.394,13.958,0.988,0,unknown,0.56,0.1711,0.45,0.3993,0,0,0,0,0,0
C:/PropScore_AI/data/raw_videos/ravdess/Actor_23/03-01-02-02-01-01-23.wav,warm,Kids are talking by the door.,positive,calm,100.0,1575.208,0.00324,1.303,-644.938,59.678,-2.702,12.813,3.316,0,unknown,0.76,0.1497,0.45,0.4529,0,0,0,0,0,0
C:/PropScore_AI/data/raw_videos/ravdess/Actor_23/03-01-02-02-01-02-23.wav,warm,Kids are talking by the door.,positive,calm,100.0,1601.576,0.0028,1.303,-667.784,61.7,-0.876,13.598,5.288,0,unknown,0.76,0.1471,0.45,0.4521,0,0,0,0,0,0
C:/PropScore_AI/data/raw_videos/ravdess/Actor_23/03-01-02-02-02-01-23.wav,warm,Dogs are sitting by the door.,positive,calm,100.0,1633.257,0.00296,1.462,-665.056,55.995,-3.399,15.77,5.187,0,unknown,0.76,0.164,0.45,0.4572,0,0,0,0,0,0
C:/PropScore_AI/data/raw_videos/ravdess/Actor_23/03-01-02-02-02-02-23.wav,warm,Dogs are sitting by the door.,positive,calm,100.0,1637.514,0.00387,1.313,-641.384,57.338,-3.821,14.329,3.532,0,unknown,0.76,0.1545,0.45,0.4544,0,0,0,0,0,0
C:/PropScore_AI/data/raw_videos/ravdess/Actor_23/03-01-03-01-01-01-23.wav,hot,Kids are talking by the door.,positive,happy,50.0,1821.592,0.00577,1.798,-628.535,43.045,-11.974,9.132,-2.536,0,unknown,0.8,0.2144,0.75,0.6043,0,0,0,0,0,0
C:/PropScore_AI/data/raw_videos/ravdess/Actor_23/03-01-03-01-01-02-23.wav,hot,Kids are talking by the door.,positive,happy,50.0,1674.671,0.00894,1.835,-571.022,39.224,-11.196,6.661,-2.172,0,unknown,0.8,0.2371,0.75,0.6111,0,0,0,0,0,0
C:/PropScore_AI/data/raw_videos/ravdess/Actor_23/03-01-03-01-02-01-23.wav,hot,Dogs are sitting by the door.,positive,happy,50.0,1775.815,0.00691,1.854,-597.317,38.932,-10.948,8.01,-1.715,0,unknown,0.8,0.2269,0.75,0.6081,0,0,0,0,0,0
C:/PropScore_AI/data/raw_videos/ravdess/Actor_23/03-01-03-01-02-02-23.wav,hot,Dogs are sitting by the door.,positive,happy,50.0,1771.309,0.00663,1.835,-598.836,39.812,-6.656,8.88,-0.653,0,unknown,0.8,0.2233,0.75,0.607,0,0,0,0,0,0
C:/PropScore_AI/data/raw_videos/ravdess/Actor_23/03-01-03-02-01-01-23.wav,hot,Kids are talking by the door!,positive,happy,100.0,1730.406,0.01793,1.854,-498.577,25.939,-15.381,0.076,-6.053,0,unknown,1.0,0.293,0.75,0.6879,0,0,0,0,0,0
C:/PropScore_AI/data/raw_videos/ravdess/Actor_23/03-01-03-02-01-02-23.wav,hot,Kids are talking by the door.,positive,happy,100.0,1841.093,0.01906,1.873,-500.554,26.066,-16.416,-0.784,-7.321,0,unknown,1.0,0.3017,0.75,0.6905,0,0,0,0,0,0
C:/PropScore_AI/data/raw_videos/ravdess/Actor_23/03-01-03-02-02-01-23.wav,hot,Dogs are sitting by the door.,positive,happy,100.0,1918.519,0.01723,1.854,-513.159,28.722,-13.82,-2.749,-7.622,0,unknown,1.0,0.2888,0.75,0.6866,0,0,0,0,0,0
C:/PropScore_AI/data/raw_videos/ravdess/Actor_23/03-01-03-02-02-02-23.wav,hot,Dr. Sitting by the door.,positive,happy,100.0,1895.193,0.01495,1.545,-539.531,32.853,-12.655,1.721,-7.529,0,unknown,1.0,0.2442,0.75,0.6733,0,0,0,0,0,0
C:/PropScore_AI/data/raw_videos/ravdess/Actor_23/03-01-04-01-01-01-23.wav,cold,Kids are talking by the door.,positive,sad,50.0,1866.832,0.00282,1.665,-685.183,56.774,-9.279,14.332,4.433,0,unknown,0.32,0.1834,0.3,0.271,0,0,0,0,0,0
C:/PropScore_AI/data/raw_videos/ravdess/Actor_23/03-01-04-01-01-02-23.wav,cold,Kids are talking by the door.,positive,sad,50.0,1889.443,0.00313,1.55,-667.036,56.435,-7.375,16.152,2.059,0,unknown,0.32,0.1738,0.3,0.2681,0,0,0,0,0,0
C:/PropScore_AI/data/raw_videos/ravdess/Actor_23/03-01-04-01-02-01-23.wav,cold,Dogs are sitting by the door.,positive,sad,50.0,1516.731,0.00406,1.681,-625.407,40.644,-2.312,12.078,1.486,0,unknown,0.32,0.1925,0.3,0.2737,0,0,0,0,0,0
C:/PropScore_AI/data/raw_videos/ravdess/Actor_23/03-01-04-01-02-02-23.wav,cold,Dogs are sitting by the door.,positive,sad,50.0,1696.969,0.00434,1.635,-632.047,45.301,-2.246,15.038,2.074,0,unknown,0.32,0.1895,0.3,0.2729,0,0,0,0,0,0
C:/PropScore_AI/data/raw_videos/ravdess/Actor_23/03-01-04-02-01-01-23.wav,cold,Kids are talking by the door.,positive,sad,100.0,1831.491,0.00569,1.405,-561.99,48.008,-7.194,14.493,1.989,0,unknown,0.52,0.1746,0.3,0.3284,0,0,0,0,0,0
C:/PropScore_AI/data/raw_videos/ravdess/Actor_23/03-01-04-02-01-02-23.wav,cold,Kids are talking by the door.,positive,sad,100.0,1820.485,0.00421,1.373,-600.664,46.508,-13.385,11.75,2.351,0,unknown,0.52,0.1626,0.3,0.3248,0,0,0,0,0,0
C:/PropScore_AI/data/raw_videos/ravdess/Actor_23/03-01-04-02-02-01-23.wav,cold,Dogs are sitting by the door.,positive,sad,100.0,1815.613,0.00384,1.524,-644.304,41.315,-0.031,6.112,1.833,0,unknown,0.52,0.1754,0.3,0.3286,0,0,0,0,0,0
C:/PropScore_AI/data/raw_videos/ravdess/Actor_23/03-01-04-02-02-02-23.wav,cold,Dogs are sitting by the door.,positive,sad,100.0,1706.03,0.00454,1.266,-593.977,58.963,-8.611,17.575,6.219,0,unknown,0.52,0.1538,0.3,0.3221,0,0,0,0,0,0
C:/PropScore_AI/data/raw_videos/ravdess/Actor_23/03-01-05-01-01-01-23.wav,cold,Kids are talking by the door.,positive,angry,50.0,1883.077,0.01352,1.816,-535.642,35.027,-13.129,4.203,-6.145,0,unknown,0.29,0.2627,0.3,0.2858,0,0,0,0,0,0
C:/PropScore_AI/data/raw_videos/ravdess/Actor_23/03-01-05-01-01-02-23.wav,cold,Kids are talking by the door.,positive,angry,50.0,1812.394,0.01421,1.816,-522.034,34.714,-11.944,5.301,-5.925,0,unknown,0.29,0.2669,0.3,0.2871,0,0,0,0,0,0
C:/PropScore_AI/data/raw_videos/ravdess/Actor_23/03-01-05-01-02-01-23.wav,cold,Dogs are sitting by the door.,positive,angry,50.0,1730.178,0.01346,1.835,-541.05,36.531,-11.963,5.257,-4.673,0,unknown,0.29,0.2643,0.3,0.2863,0,0,0,0,0,0
C:/PropScore_AI/data/raw_videos/ravdess/Actor_23/03-01-05-01-02-02-23.wav,cold,Dogs are sitting by the door.,positive,angry,50.0,1913.173,0.01314,1.798,-542.05,32.139,-10.929,2.883,-6.977,0,unknown,0.29,0.2586,0.3,0.2846,0,0,0,0,0,0
C:/PropScore_AI/data/raw_videos/ravdess/Actor_23/03-01-05-02-01-01-23.wav,cold,Kids are talking by the door!,positive,angry,100.0,1695.004,0.03828,1.763,-410.714,22.942,-16.99,-0.34,-10.303,0,unknown,0.49,0.406,0.3,0.3888,0,0,0,0,0,0
C:/PropScore_AI/data/raw_videos/ravdess/Actor_23/03-01-05-02-01-02-23.wav,cold,Kids are talking by the door!,positive,angry,100.0,1575.465,0.03834,1.798,-433.932,23.935,-19.856,-0.034,-10.604,0,unknown,0.49,0.4098,0.3,0.3899,0,0,0,0,0,0
C:/PropScore_AI/data/raw_videos/ravdess/Actor_23/03-01-05-02-02-01-23.wav,cold,Dogs are sitting by the door.,positive,angry,100.0,1334.701,0.04584,1.854,-393.446,17.234,-19.484,-2.05,-8.18,0,unknown,0.49,0.4604,0.3,0.4051,0,0,0,0,0,0
C:/PropScore_AI/data/raw_videos/ravdess/Actor_23/03-01-05-02-02-02-23.wav,cold,Dogs are sitting by the door.,positive,angry,100.0,1708.206,0.03918,1.816,-401.941,19.294,-17.343,-1.41,-9.425,0,unknown,0.49,0.4167,0.3,0.392,0,0,0,0,0,0
C:/PropScore_AI/data/raw_videos/ravdess/Actor_23/03-01-06-01-01-01-23.wav,cold,Kids are talking by the door.,positive,fear,50.0,1759.935,0.00561,1.746,-588.186,45.166,-7.133,12.08,0.098,0,unknown,0.38,0.2083,0.3,0.2965,0,0,0,0,0,0
C:/PropScore_AI/data/raw_videos/ravdess/Actor_23/03-01-06-01-01-02-23.wav,cold,Kids are talking by the door.,positive,fear,50.0,1778.237,0.00325,1.854,-673.68,48.18,-6.542,12.213,2.43,0,unknown,0.38,0.2049,0.3,0.2955,0,0,0,0,0,0
C:/PropScore_AI/data/raw_videos/ravdess/Actor_23/03-01-06-01-02-01-23.wav,cold,Dogs are sitting by the door.,positive,fear,50.0,1861.016,0.00427,1.913,-618.582,34.953,-6.953,10.955,1.352,0,unknown,0.38,0.2169,0.3,0.2991,0,0,0,0,0,0
C:/PropScore_AI/data/raw_videos/ravdess/Actor_23/03-01-06-01-02-02-23.wav,cold,Dogs are sitting by the door.,positive,fear,50.0,1899.531,0.00396,1.934,-643.763,37.951,-7.413,9.186,-0.17,0,unknown,0.38,0.2172,0.3,0.2992,0,0,0,0,0,0
C:/PropScore_AI/data/raw_videos/ravdess/Actor_23/03-01-06-02-01-01-23.wav,cold,Kids are talking by the door.,positive,fear,100.0,1842.009,0.01153,1.681,-518.076,37.23,-15.823,11.034,-3.962,0,unknown,0.58,0.2373,0.3,0.3652,0,0,0,0,0,0
C:/PropScore_AI/data/raw_videos/ravdess/Actor_23/03-01-06-02-01-02-23.wav,cold,Kids are talking by the door.,positive,fear,100.0,1887.84,0.01117,1.746,-545.027,39.718,-11.878,10.979,-5.138,0,unknown,0.58,0.2416,0.3,0.3665,0,0,0,0,0,0
C:/PropScore_AI/data/raw_videos/ravdess/Actor_23/03-01-06-02-02-01-23.wav,cold,Dogs are sitting by the door.,positive,fear,100.0,1852.773,0.01646,1.681,-509.18,33.428,-17.126,5.51,-5.538,0,unknown,0.58,0.2669,0.3,0.3741,0,0,0,0,0,0
C:/PropScore_AI/data/raw_videos/ravdess/Actor_23/03-01-06-02-02-02-23.wav,cold,Dogs are sitting by the door.,positive,fear,100.0,1668.001,0.01247,1.696,-511.24,44.821,-18.244,5.774,-0.646,0,unknown,0.58,0.2444,0.3,0.3673,0,0,0,0,0,0
C:/PropScore_AI/data/raw_videos/ravdess/Actor_23/03-01-07-01-01-01-23.wav,cold,Kids are talking by the door.,positive,disgust,50.0,1771.98,0.00382,1.681,-624.886,46.151,-2.804,10.493,1.504,0,unknown,0.26,0.191,0.3,0.2553,0,0,0,0,0,0
C:/PropScore_AI/data/raw_videos/ravdess/Actor_23/03-01-07-01-01-02-23.wav,cold,Kids are talking by the door.,positive,disgust,50.0,1785.572,0.00333,1.681,-624.417,42.058,-3.815,11.598,-0.951,0,unknown,0.26,0.1881,0.3,0.2544,0,0,0,0,0,0
C:/PropScore_AI/data/raw_videos/ravdess/Actor_23/03-01-07-01-02-01-23.wav,cold,Dogs are sitting by the door.,positive,disgust,50.0,1886.175,0.00291,1.729,-643.579,35.667,-1.4,7.929,0.698,0,unknown,0.26,0.1904,0.3,0.2551,0,0,0,0,0,0
C:/PropScore_AI/data/raw_videos/ravdess/Actor_23/03-01-07-01-02-02-23.wav,cold,Dogs are sitting by the door.,positive,disgust,50.0,1784.534,0.00363,1.798,-651.156,40.638,1.842,8.534,0.285,0,unknown,0.26,0.2016,0.3,0.2585,0,0,0,0,0,0
C:/PropScore_AI/data/raw_videos/ravdess/Actor_23/03-01-07-02-01-01-23.wav,cold,Kids are talking by the door.,positive,disgust,100.0,1725.434,0.00786,1.474,-552.325,38.507,-3.302,5.952,-1.263,0,unknown,0.46,0.1946,0.3,0.3164,0,0,0,0,0,0
C:/PropScore_AI/data/raw_videos/ravdess/Actor_23/03-01-07-02-01-02-23.wav,cold,Kids are talking by the door.,positive,disgust,100.0,1778.748,0.00693,1.55,-559.886,44.563,-3.081,8.183,-3.391,0,unknown,0.46,0.1966,0.3,0.317,0,0,0,0,0,0
C:/PropScore_AI/data/raw_videos/ravdess/Actor_23/03-01-07-02-02-01-23.wav,cold,Dogs are sitting by the door.,positive,disgust,100.0,1756.662,0.0086,1.606,-556.768,41.762,-1.207,6.552,1.148,0,unknown,0.46,0.2122,0.3,0.3217,0,0,0,0,0,0
C:/PropScore_AI/data/raw_videos/ravdess/Actor_23/03-01-07-02-02-02-23.wav,cold,Dogs are sitting by the door.,positive,disgust,100.0,1698.873,0.00738,1.55,-570.633,39.642,-0.867,6.445,0.832,0,unknown,0.46,0.1993,0.3,0.3178,0,0,0,0,0,0
C:/PropScore_AI/data/raw_videos/ravdess/Actor_23/03-01-08-01-01-01-23.wav,hot,Kids are talking by the door.,positive,surprise,50.0,1691.071,0.01135,1.835,-563.808,39.928,-11.949,7.382,-3.851,0,unknown,0.68,0.2516,0.75,0.5795,0,0,0,0,0,0
C:/PropScore_AI/data/raw_videos/ravdess/Actor_23/03-01-08-01-01-02-23.wav,hot,Kids are talking by the door.,positive,surprise,50.0,1373.376,0.01044,1.854,-570.364,42.302,-11.224,8.115,-1.553,0,unknown,0.68,0.248,0.75,0.5784,0,0,0,0,0,0
C:/PropScore_AI/data/raw_videos/ravdess/Actor_23/03-01-08-01-02-01-23.wav,hot,Dogs are sitting by the door.,positive,surprise,50.0,1473.557,0.0128,1.816,-545.451,43.601,-10.883,4.279,-0.173,0,unknown,0.68,0.2584,0.75,0.5815,0,0,0,0,0,0
C:/PropScore_AI/data/raw_videos/ravdess/Actor_23/03-01-08-01-02-02-23.wav,hot,Dogs are sitting by the door.,positive,surprise,50.0,1441.816,0.01343,1.816,-541.126,39.99,-13.714,2.335,-3.723,0,unknown,0.68,0.2622,0.75,0.5827,0,0,0,0,0,0
C:/PropScore_AI/data/raw_videos/ravdess/Actor_23/03-01-08-02-01-01-23.wav,hot,"Kids, they're talking by the door!",positive,surprise,100.0,1336.357,0.01445,1.713,-512.342,34.218,-13.267,5.157,-2.864,0,unknown,0.88,0.258,0.75,0.6414,0,0,0,0,0,0
C:/PropScore_AI/data/raw_videos/ravdess/Actor_23/03-01-08-02-01-02-23.wav,hot,Kids are talking by the door.,positive,surprise,100.0,1633.994,0.01638,1.78,-512.27,34.512,-15.358,0.878,-6.374,0,unknown,0.88,0.2763,0.75,0.6469,0,0,0,0,0,0
C:/PropScore_AI/data/raw_videos/ravdess/Actor_23/03-01-08-02-02-01-23.wav,hot,Dogs are sitting by the door.,positive,surprise,100.0,1825.194,0.01929,1.798,-495.136,27.448,-15.782,-3.198,-8.003,0,unknown,0.88,0.2955,0.75,0.6527,0,0,0,0,0,0
C:/PropScore_AI/data/raw_videos/ravdess/Actor_23/03-01-08-02-02-02-23.wav,hot,Dogs are sitting by the door!,positive,surprise,100.0,1564.699,0.01574,1.816,-516.835,29.673,-14.436,-0.381,-5.179,0,unknown,0.88,0.276,0.75,0.6468,0,0,0,0,0,0
C:/PropScore_AI/data/raw_videos/ravdess/Actor_24/03-01-01-01-01-01-24.wav,warm,Kids are talking by the door.,positive,neutral,50.0,1827.488,0.00263,1.62,-678.572,37.034,-8.622,-0.604,-11.686,0,unknown,0.5,0.1778,0.45,0.3833,0,0,0,0,0,0
C:/PropScore_AI/data/raw_videos/ravdess/Actor_24/03-01-01-01-01-02-24.wav,warm,Kids are talking by the door.,positive,neutral,50.0,1911.079,0.00242,1.65,-674.104,33.936,-13.615,1.222,-14.109,0,unknown,0.5,0.1795,0.45,0.3839,0,0,0,0,0,0
C:/PropScore_AI/data/raw_videos/ravdess/Actor_24/03-01-01-01-02-01-24.wav,warm,Dogs are sitting by the door.,positive,neutral,50.0,1822.338,0.00296,1.65,-669.355,36.681,-6.759,0.386,-10.793,0,unknown,0.5,0.1828,0.45,0.3848,0,0,0,0,0,0
C:/PropScore_AI/data/raw_videos/ravdess/Actor_24/03-01-01-01-02-02-24.wav,warm,Dogs are sitting by the door.,positive,neutral,50.0,1866.631,0.00356,1.665,-657.711,31.641,-4.546,-0.459,-9.7,0,unknown,0.5,0.1879,0.45,0.3864,0,0,0,0,0,0
C:/PropScore_AI/data/raw_videos/ravdess/Actor_24/03-01-02-01-01-01-24.wav,warm,Kids are talking by the door.,positive,calm,50.0,1948.309,0.00138,1.681,-737.494,36.3,-4.746,2.925,-7.408,0,unknown,0.56,0.1764,0.45,0.4009,0,0,0,0,0,0
C:/PropScore_AI/data/raw_videos/ravdess/Actor_24/03-01-02-01-01-02-24.wav,warm,Kids are talking by the door.,positive,calm,50.0,1916.547,0.00149,1.713,-734.066,38.956,-2.527,1.342,-9.659,0,unknown,0.56,0.1802,0.45,0.4021,0,0,0,0,0,0
C:/PropScore_AI/data/raw_videos/ravdess/Actor_24/03-01-02-01-02-01-24.wav,warm,Dogs are sitting by the door.,positive,calm,50.0,2007.376,0.00164,1.55,-720.29,32.798,3.632,5.248,-8.695,0,unknown,0.56,0.1648,0.45,0.3974,0,0,0,0,0,0
C:/PropScore_AI/data/raw_videos/ravdess/Actor_24/03-01-02-01-02-02-24.wav,warm,Dogs are sitting by the door.,positive,calm,50.0,1867.151,0.00242,1.62,-685.385,38.319,-0.424,-0.145,-2.742,0,unknown,0.56,0.1765,0.45,0.401,0,0,0,0,0,0
C:/PropScore_AI/data/raw_videos/ravdess/Actor_24/03-01-02-02-01-01-24.wav,warm,Kids are talking by the door.,positive,calm,100.0,1937.297,0.00271,1.462,-661.073,34.442,-12.306,-1.381,-11.038,0,unknown,0.76,0.1625,0.45,0.4567,0,0,0,0,0,0
C:/PropScore_AI/data/raw_videos/ravdess/Actor_24/03-01-02-02-01-02-24.wav,warm,Kids are talking by the door.,positive,calm,100.0,1846.588,0.00188,1.474,-688.148,39.732,-4.236,4.529,-7.869,0,unknown,0.76,0.1587,0.45,0.4556,0,0,0,0,0,0
C:/PropScore_AI/data/raw_videos/ravdess/Actor_24/03-01-02-02-02-01-24.wav,warm,Dogs are sitting by the door.,positive,calm,100.0,1868.909,0.00209,1.486,-696.184,43.292,-1.339,-2.863,-9.726,0,unknown,0.76,0.1611,0.45,0.4563,0,0,0,0,0,0
C:/PropScore_AI/data/raw_videos/ravdess/Actor_24/03-01-02-02-02-02-24.wav,warm,Dogs are sitting by the door.,positive,calm,100.0,1918.19,0.0024,1.462,-676.043,36.992,-5.014,0.083,-7.301,0,unknown,0.76,0.1606,0.45,0.4562,0,0,0,0,0,0
C:/PropScore_AI/data/raw_videos/ravdess/Actor_24/03-01-03-01-01-01-24.wav,hot,Kids are talking by the door.,positive,happy,50.0,1889.666,0.00347,1.665,-640.979,33.424,-12.552,0.389,-11.19,0,unknown,0.8,0.1873,0.75,0.5962,0,0,0,0,0,0
C:/PropScore_AI/data/raw_videos/ravdess/Actor_24/03-01-03-01-01-02-24.wav,hot,Kids are talking by the door.,positive,happy,50.0,1885.639,0.00355,1.537,-636.186,35.094,-15.774,5.22,-10.976,0,unknown,0.8,0.175,0.75,0.5925,0,0,0,0,0,0
C:/PropScore_AI/data/raw_videos/ravdess/Actor_24/03-01-03-01-02-01-24.wav,hot,Dogs are sitting by the door.,positive,happy,50.0,1845.503,0.00343,1.713,-668.305,41.816,-16.08,-0.735,-9.822,0,unknown,0.8,0.1919,0.75,0.5976,0,0,0,0,0,0
C:/PropScore_AI/data/raw_videos/ravdess/Actor_24/03-01-03-01-02-02-24.wav,hot,Dogs are sitting by the door.,positive,happy,50.0,1946.648,0.00553,1.606,-600.481,24.434,-16.068,-0.373,-12.015,0,unknown,0.8,0.1938,0.75,0.5981,0,0,0,0,0,0
C:/PropScore_AI/data/raw_videos/ravdess/Actor_24/03-01-03-02-01-01-24.wav,hot,Kids are talking by the door.,positive,happy,100.0,1917.249,0.01068,1.499,-515.988,23.741,-20.906,6.117,-20.579,0,unknown,1.0,0.214,0.75,0.6642,0,0,0,0,0,0
C:/PropScore_AI/data/raw_videos/ravdess/Actor_24/03-01-03-02-01-02-24.wav,hot,Kids are talking by the door.,positive,happy,100.0,1939.755,0.01097,1.591,-515.334,23.096,-17.113,9.631,-16.602,0,unknown,1.0,0.2249,0.75,0.6675,0,0,0,0,0,0
C:/PropScore_AI/data/raw_videos/ravdess/Actor_24/03-01-03-02-02-01-24.wav,hot,Dogs are sitting by the door.,positive,happy,100.0,1942.562,0.01135,1.55,-527.4,19.257,-19.324,0.538,-18.146,0,unknown,1.0,0.2231,0.75,0.6669,0,0,0,0,0,0
C:/PropScore_AI/data/raw_videos/ravdess/Actor_24/03-01-03-02-02-02-24.wav,hot,Dogs are sitting by the door.,positive,happy,100.0,1917.774,0.0185,1.55,-495.757,11.879,-22.095,-6.12,-20.334,0,unknown,1.0,0.266,0.75,0.6798,0,0,0,0,0,0
C:/PropScore_AI/data/raw_videos/ravdess/Actor_24/03-01-04-01-01-01-24.wav,cold,Kids are talking by the door.,positive,sad,50.0,1837.835,0.00183,1.462,-671.544,42.576,-2.094,3.81,-6.628,0,unknown,0.32,0.1572,0.3,0.2632,0,0,0,0,0,0
C:/PropScore_AI/data/raw_videos/ravdess/Actor_24/03-01-04-01-01-02-24.wav,cold,Kids are talking by the door.,positive,sad,50.0,1859.181,0.00151,1.511,-705.008,45.586,2.473,5.667,-6.408,0,unknown,0.32,0.1602,0.3,0.2641,0,0,0,0,0,0
C:/PropScore_AI/data/raw_videos/ravdess/Actor_24/03-01-04-01-02-01-24.wav,cold,Dogs are sitting by the door.,positive,sad,50.0,1850.757,0.0027,1.696,-685.641,36.114,-7.266,-0.887,-10.756,0,unknown,0.32,0.1858,0.3,0.2717,0,0,0,0,0,0
C:/PropScore_AI/data/raw_videos/ravdess/Actor_24/03-01-04-01-02-02-24.wav,cold,Dogs are sitting by the door.,positive,sad,50.0,1756.948,0.00206,1.564,-678.249,44.945,2.674,2.398,-7.767,0,unknown,0.32,0.1688,0.3,0.2666,0,0,0,0,0,0
C:/PropScore_AI/data/raw_videos/ravdess/Actor_24/03-01-04-02-01-01-24.wav,cold,Kids are talking by the door.,positive,sad,100.0,1941.218,0.00816,1.362,-556.657,29.701,-22.805,0.347,-20.104,0,unknown,0.52,0.1852,0.3,0.3316,0,0,0,0,0,0
C:/PropScore_AI/data/raw_videos/ravdess/Actor_24/03-01-04-02-01-02-24.wav,cold,Kids are talking by the door.,positive,sad,100.0,1743.374,0.00566,1.313,-564.888,43.399,-13.282,2.93,-18.955,0,unknown,0.52,0.1653,0.3,0.3256,0,0,0,0,0,0
C:/PropScore_AI/data/raw_videos/ravdess/Actor_24/03-01-04-02-02-01-24.wav,cold,These dogs are sitting by the door.,neutral,sad,100.0,1616.702,0.00641,1.665,-557.093,44.583,-6.721,1.653,-10.679,0,unknown,0.52,0.205,0.3,0.3375,0,0,0,0,0,0
C:/PropScore_AI/data/raw_videos/ravdess/Actor_24/03-01-04-02-02-02-24.wav,cold,Dogs are sitting by the door.,positive,sad,100.0,1664.167,0.00272,1.284,-656.876,38.328,-2.483,-4.406,-10.199,0,unknown,0.52,0.1447,0.3,0.3194,0,0,0,0,0,0
C:/PropScore_AI/data/raw_videos/ravdess/Actor_24/03-01-05-01-01-01-24.wav,cold,Kids are talking by the door.,positive,angry,50.0,1751.452,0.01478,1.462,-494.185,24.565,-18.554,-2.144,-20.529,0,unknown,0.29,0.2349,0.3,0.2775,0,0,0,0,0,0
C:/PropScore_AI/data/raw_videos/ravdess/Actor_24/03-01-05-01-01-02-24.wav,cold,Kids are talking by the door.,positive,angry,50.0,1895.862,0.0167,1.606,-492.428,21.745,-17.515,-1.975,-16.485,0,unknown,0.29,0.2608,0.3,0.2852,0,0,0,0,0,0
C:/PropScore_AI/data/raw_videos/ravdess/Actor_24/03-01-05-01-02-01-24.wav,cold,Dogs are sitting by the door.,positive,angry,50.0,1797.6,0.01254,1.635,-513.321,24.678,-14.887,1.673,-15.765,0,unknown,0.29,0.2387,0.3,0.2786,0,0,0,0,0,0
C:/PropScore_AI/data/raw_videos/ravdess/Actor_24/03-01-05-01-02-02-24.wav,cold,Dogs are sitting by the door.,positive,angry,50.0,1719.312,0.01764,1.427,-481.84,27.744,-21.251,-2.052,-18.69,0,unknown,0.29,0.2485,0.3,0.2815,0,0,0,0,0,0
C:/PropScore_AI/data/raw_videos/ravdess/Actor_24/03-01-05-02-01-01-24.wav,cold,Kids are talking by the door.,positive,angry,100.0,1771.222,0.03206,1.373,-408.453,16.835,-16.847,-2.999,-25.302,0,unknown,0.49,0.3297,0.3,0.3659,0,0,0,0,0,0
C:/PropScore_AI/data/raw_videos/ravdess/Actor_24/03-01-05-02-01-02-24.wav,cold,Kids are talking by the door.,positive,angry,100.0,1850.518,0.02439,1.373,-449.374,18.521,-20.197,-2.074,-22.039,0,unknown,0.49,0.2836,0.3,0.3521,0,0,0,0,0,0
C:/PropScore_AI/data/raw_videos/ravdess/Actor_24/03-01-05-02-02-01-24.wav,cold,Dogs are sitting by the door.,positive,angry,100.0,1734.096,0.01772,1.439,-487.682,27.743,-13.423,-4.606,-16.133,0,unknown,0.49,0.2502,0.3,0.3421,0,0,0,0,0,0
C:/PropScore_AI/data/raw_videos/ravdess/Actor_24/03-01-05-02-02-02-24.wav,cold,Dogs are sitting by the door.,positive,angry,100.0,1690.525,0.01973,1.175,-478.777,15.384,-15.121,-5.969,-21.782,0,unknown,0.49,0.2359,0.3,0.3378,0,0,0,0,0,0
C:/PropScore_AI/data/raw_videos/ravdess/Actor_24/03-01-06-01-01-01-24.wav,cold,Kids are talking by the door.,positive,fear,50.0,1942.072,0.01297,1.462,-500.315,17.811,-15.171,-2.077,-15.778,0,unknown,0.38,0.224,0.3,0.3012,0,0,0,0,0,0
C:/PropScore_AI/data/raw_videos/ravdess/Actor_24/03-01-06-01-01-02-24.wav,cold,Kids are talking by the door!,positive,fear,50.0,1730.956,0.01129,1.474,-515.297,21.567,-17.529,-4.662,-14.903,0,unknown,0.38,0.2151,0.3,0.2985,0,0,0,0,0,0
C:/PropScore_AI/data/raw_videos/ravdess/Actor_24/03-01-06-01-02-01-24.wav,cold,Dogs are sitting by the door.,positive,fear,50.0,1835.51,0.01231,1.524,-513.903,17.621,-10.373,-5.556,-14.457,0,unknown,0.38,0.2263,0.3,0.3019,0,0,0,0,0,0
C:/PropScore_AI/data/raw_videos/ravdess/Actor_24/03-01-06-01-02-02-24.wav,cold,Dogs are sitting by the door.,positive,fear,50.0,1728.946,0.01071,1.499,-531.643,21.015,-10.156,-3.329,-12.651,0,unknown,0.38,0.2142,0.3,0.2983,0,0,0,0,0,0
C:/PropScore_AI/data/raw_videos/ravdess/Actor_24/03-01-06-02-01-01-24.wav,cold,Kids are talking by the door!,positive,fear,100.0,1966.124,0.03516,1.564,-412.131,5.651,-32.463,-5.626,-21.327,0,unknown,0.58,0.3674,0.3,0.4042,0,0,0,0,0,0
C:/PropScore_AI/data/raw_videos/ravdess/Actor_24/03-01-06-02-01-02-24.wav,cold,Kids are talking by the door!,positive,fear,100.0,1968.156,0.01894,1.474,-468.886,11.231,-19.869,-8.255,-18.609,0,unknown,0.58,0.261,0.3,0.3723,0,0,0,0,0,0
C:/PropScore_AI/data/raw_videos/ravdess/Actor_24/03-01-06-02-02-01-24.wav,cold,Dogs are sitting by the door!,positive,fear,100.0,1958.239,0.03274,1.665,-448.554,-0.506,-28.13,-9.701,-15.036,0,unknown,0.58,0.3629,0.3,0.4029,0,0,0,0,0,0
C:/PropScore_AI/data/raw_videos/ravdess/Actor_24/03-01-06-02-02-02-24.wav,cold,Dogs are sitting by the door!,positive,fear,100.0,1953.878,0.04472,1.564,-435.272,-1.037,-31.857,-14.986,-14.884,0,unknown,0.58,0.4247,0.3,0.4214,0,0,0,0,0,0
C:/PropScore_AI/data/raw_videos/ravdess/Actor_24/03-01-07-01-01-01-24.wav,cold,Kids are talking by the door.,positive,disgust,50.0,1802.492,0.00536,1.394,-568.772,41.386,-20.589,-0.744,-22.519,0,unknown,0.26,0.1716,0.3,0.2495,0,0,0,0,0,0
C:/PropScore_AI/data/raw_videos/ravdess/Actor_24/03-01-07-01-01-02-24.wav,cold,Kids are talking by the door.,positive,disgust,50.0,1923.813,0.00609,1.462,-555.226,37.071,-18.893,2.667,-19.78,0,unknown,0.26,0.1827,0.3,0.2528,0,0,0,0,0,0
C:/PropScore_AI/data/raw_videos/ravdess/Actor_24/03-01-07-01-02-01-24.wav,cold,Dogs are sitting by the door.,positive,disgust,50.0,1872.436,0.00598,1.499,-566.619,27.546,-17.379,1.475,-20.311,0,unknown,0.26,0.1858,0.3,0.2537,0,0,0,0,0,0
C:/PropScore_AI/data/raw_videos/ravdess/Actor_24/03-01-07-01-02-02-24.wav,cold,Dogs are sitting by the door.,positive,disgust,50.0,1806.18,0.00691,1.474,-551.143,40.105,-16.054,2.64,-18.076,0,unknown,0.26,0.1889,0.3,0.2547,0,0,0,0,0,0
C:/PropScore_AI/data/raw_videos/ravdess/Actor_24/03-01-07-02-01-01-24.wav,cold,Kids are talking by the door.,positive,disgust,100.0,1826.462,0.00294,1.383,-593.043,44.613,-10.676,-6.527,-19.689,0,unknown,0.46,0.1559,0.3,0.3048,0,0,0,0,0,0
C:/PropScore_AI/data/raw_videos/ravdess/Actor_24/03-01-07-02-01-02-24.wav,cold,Kids are talking by the door.,positive,disgust,100.0,1883.3,0.01192,1.294,-491.463,21.723,-22.711,-6.237,-18.2,0,unknown,0.46,0.2009,0.3,0.3183,0,0,0,0,0,0
C:/PropScore_AI/data/raw_videos/ravdess/Actor_24/03-01-07-02-02-01-24.wav,cold,Dogs are sitting by the door.,positive,disgust,100.0,1840.56,0.01259,1.416,-498.397,22.389,-24.54,-7.558,-18.501,0,unknown,0.46,0.2171,0.3,0.3231,0,0,0,0,0,0
C:/PropScore_AI/data/raw_videos/ravdess/Actor_24/03-01-07-02-02-02-24.wav,cold,Dogs are sitting by the door.,positive,disgust,100.0,1746.465,0.0122,1.352,-503.166,18.429,-17.748,-3.507,-17.932,0,unknown,0.46,0.2084,0.3,0.3205,0,0,0,0,0,0
C:/PropScore_AI/data/raw_videos/ravdess/Actor_24/03-01-08-01-01-01-24.wav,hot,Kids are talking by the door.,positive,surprise,50.0,1807.669,0.00256,1.816,-674.473,27.777,-3.524,-1.385,-10.048,0,unknown,0.68,0.197,0.75,0.5631,0,0,0,0,0,0
C:/PropScore_AI/data/raw_videos/ravdess/Actor_24/03-01-08-01-01-02-24.wav,hot,Kids are talking by the door.,positive,surprise,50.0,1890.589,0.00807,1.729,-564.663,27.709,-16.632,-5.077,-16.063,0,unknown,0.68,0.2213,0.75,0.5704,0,0,0,0,0,0
C:/PropScore_AI/data/raw_videos/ravdess/Actor_24/03-01-08-01-02-01-24.wav,hot,Dogs are sitting by the door.,positive,surprise,50.0,1884.603,0.00648,1.78,-594.424,23.884,-9.51,-2.397,-12.342,0,unknown,0.68,0.2169,0.75,0.5691,0,0,0,0,0,0
C:/PropScore_AI/data/raw_videos/ravdess/Actor_24/03-01-08-01-02-02-24.wav,hot,Dogs are sitting by the door.,positive,surprise,50.0,1884.491,0.00775,1.763,-573.016,17.712,-16.992,-5.306,-18.236,0,unknown,0.68,0.2228,0.75,0.5708,0,0,0,0,0,0
C:/PropScore_AI/data/raw_videos/ravdess/Actor_24/03-01-08-02-01-01-24.wav,hot,Kids are talking by the door.,positive,surprise,100.0,1844.339,0.01207,1.524,-520.135,31.558,-17.833,-7.73,-20.364,0,unknown,0.88,0.2248,0.75,0.6314,0,0,0,0,0,0
C:/PropScore_AI/data/raw_videos/ravdess/Actor_24/03-01-08-02-01-02-24.wav,hot,Kids are talking by the door?,neutral,surprise,100.0,1958.629,0.01038,1.511,-532.286,23.546,-20.22,-3.924,-22.698,0,unknown,0.88,0.2134,0.55,0.548,0,0,0,0,0,0
C:/PropScore_AI/data/raw_videos/ravdess/Actor_24/03-01-08-02-02-01-24.wav,hot,Dogs are sitting by the door!,positive,surprise,100.0,1868.68,0.01366,1.635,-487.318,21.162,-5.81,-1.284,-12.805,0,unknown,0.88,0.2455,0.75,0.6377,0,0,0,0,0,0
C:/PropScore_AI/data/raw_videos/ravdess/Actor_24/03-01-08-02-02-02-24.wav,hot,Dogs are sitting by the door.,positive,surprise,100.0,1813.308,0.01267,1.65,-509.046,27.809,-5.994,-1.821,-7.717,0,unknown,0.88,0.241,0.75,0.6363,0,0,0,0,0,0
